product_title,source_site,product_url,description_clean,min_order_qty,sold_in_pairs,sold_in_packs,min_lineal_feet,unit_type,notes_raw_rules
Casement Parts,biltbestwindowparts.com,http://biltbestwindowparts.com/catalog/1,Video: Embedded video for WeFixitUSA,,no,,,each,
Sash Locks and Keepers,biltbestwindowparts.com,http://biltbestwindowparts.com/catalog/10,Video: Embedded video for WeFixitUSA,,no,,,each,
Cranks and Handle Hardware,biltbestwindowparts.com,http://biltbestwindowparts.com/catalog/11,Video: Embedded video for WeFixitUSA,,no,,,each,
Bilt-Best e-Clad - Locks and Keepers,biltbestwindowparts.com,http://biltbestwindowparts.com/catalog/12,Video: Embedded video for WeFixitUSA,,no,,,each,
Deer Feeders and Parts,biltbestwindowparts.com,http://biltbestwindowparts.com/catalog/1235,Video: Embedded video for WeFixitUSA,,no,,,each,
e-Clad Cranks and Handles,biltbestwindowparts.com,http://biltbestwindowparts.com/catalog/13,Video: Embedded video for WeFixitUSA,,no,,,each,
Wood Window Parts - Other Brands,biltbestwindowparts.com,http://biltbestwindowparts.com/catalog/14,Video: Embedded video for WeFixitUSA,,no,,,each,
Deer Blind Hunting Stand Windows & Doors,biltbestwindowparts.com,http://biltbestwindowparts.com/catalog/15,Video: Embedded video for WeFixitUSA,,no,,,each,
"The Real ""truth"" - for anyone searching",biltbestwindowparts.com,http://biltbestwindowparts.com/catalog/16,Video: Embedded video for WeFixitUSA,,no,,,each,
BiltBest Aluminum Clad Roll Form Parts,biltbestwindowparts.com,http://biltbestwindowparts.com/catalog/17,Video: Embedded video for WeFixitUSA,,no,,,each,
Replacement Window Parts - All Brands,biltbestwindowparts.com,http://biltbestwindowparts.com/catalog/18,Video: Embedded video for WeFixitUSA,,no,,,each,
Operators,biltbestwindowparts.com,http://biltbestwindowparts.com/catalog/19,Video: Embedded video for WeFixitUSA,,no,,,each,
Double / Single Hung Parts,biltbestwindowparts.com,http://biltbestwindowparts.com/catalog/2,Video: Embedded video for WeFixitUSA,,no,,,each,
Hinges,biltbestwindowparts.com,http://biltbestwindowparts.com/catalog/20,Video: Embedded video for WeFixitUSA,,no,,,each,
Handles and Covers,biltbestwindowparts.com,http://biltbestwindowparts.com/catalog/21,Video: Embedded video for WeFixitUSA,,no,,,each,
Tracks,biltbestwindowparts.com,http://biltbestwindowparts.com/catalog/22,Video: Embedded video for WeFixitUSA,,no,,,each,
Locks and Lifts,biltbestwindowparts.com,http://biltbestwindowparts.com/catalog/23,Video: Embedded video for WeFixitUSA,,no,,,each,
Awning Window Hardware,biltbestwindowparts.com,http://biltbestwindowparts.com/catalog/24,Video: Embedded video for WeFixitUSA,,no,,,each,
Patio Door Parts,biltbestwindowparts.com,http://biltbestwindowparts.com/catalog/3,Video: Embedded video for WeFixitUSA,,no,,,each,
Patio Door handles,biltbestwindowparts.com,http://biltbestwindowparts.com/catalog/30,Video: Embedded video for WeFixitUSA,,no,,,each,
Patio Door Rollers,biltbestwindowparts.com,http://biltbestwindowparts.com/catalog/31,Video: Embedded video for WeFixitUSA,,no,,,each,
Screen Door Rollers,biltbestwindowparts.com,http://biltbestwindowparts.com/catalog/32,Video: Embedded video for WeFixitUSA,,no,,,each,
Security Hardware,biltbestwindowparts.com,http://biltbestwindowparts.com/catalog/33,Video: Embedded video for WeFixitUSA,,no,,,each,
Sweeps and Threshholds,biltbestwindowparts.com,http://biltbestwindowparts.com/catalog/34,Video: Embedded video for WeFixitUSA,,no,,,each,
Truth Skylight Systems,biltbestwindowparts.com,http://biltbestwindowparts.com/catalog/35,Video: Embedded video for WeFixitUSA,,no,,,each,
Window Sash Kits,biltbestwindowparts.com,http://biltbestwindowparts.com/catalog/38,Video: Embedded video for WeFixitUSA,,no,,,each,
Window Screen Patio Door-Screen Frame Replacements,biltbestwindowparts.com,http://biltbestwindowparts.com/catalog/39,Video: Embedded video for WeFixitUSA,,no,,,each,
Screen Frame Corners,biltbestwindowparts.com,http://biltbestwindowparts.com/catalog/40,Video: Embedded video for WeFixitUSA,,no,,,each,
Screen Frame,biltbestwindowparts.com,http://biltbestwindowparts.com/catalog/41,Video: Embedded video for WeFixitUSA,,no,,,each,
Screening Screen and Mesh,biltbestwindowparts.com,http://biltbestwindowparts.com/catalog/42,Video: Embedded video for WeFixitUSA,,no,,,each,
Marvin Window & Door Parts,biltbestwindowparts.com,http://biltbestwindowparts.com/catalog/43,Video: Embedded video for WeFixitUSA,,no,,,each,
Close-Outs & Liquidation,biltbestwindowparts.com,http://biltbestwindowparts.com/catalog/44,Video: Embedded video for WeFixitUSA,,no,,,each,
Glazing Bead Images Details All Brand Snap-In Bead Vinyl PVC,biltbestwindowparts.com,http://biltbestwindowparts.com/catalog/45,Video: Embedded video for WeFixitUSA,,no,,,each,
Jambliner Carrier Track,biltbestwindowparts.com,http://biltbestwindowparts.com/catalog/46,Video: Embedded video for WeFixitUSA,,no,,,each,
Window Door Muntin SDL Bars,biltbestwindowparts.com,http://biltbestwindowparts.com/catalog/5,Video: Embedded video for WeFixitUSA,,no,,,each,
Marvin Casemaster Window Parts,biltbestwindowparts.com,http://biltbestwindowparts.com/catalog/546,Video: Embedded video for WeFixitUSA,,no,,,each,
Casemaster and Casement Window,biltbestwindowparts.com,http://biltbestwindowparts.com/catalog/547,Video: Embedded video for WeFixitUSA,,no,,,each,
Single Hung,biltbestwindowparts.com,http://biltbestwindowparts.com/catalog/562,Video: Embedded video for WeFixitUSA,,no,,,each,
Integrity All Ultrex Single Hung,biltbestwindowparts.com,http://biltbestwindowparts.com/catalog/563,Video: Embedded video for WeFixitUSA,,no,,,each,
Marvin Ultimate Single Hung,biltbestwindowparts.com,http://biltbestwindowparts.com/catalog/564,Video: Embedded video for WeFixitUSA,,no,,,each,
Double Hung,biltbestwindowparts.com,http://biltbestwindowparts.com/catalog/565,Video: Embedded video for WeFixitUSA,,no,,,each,
Integrity All Ultrex Double Hung,biltbestwindowparts.com,http://biltbestwindowparts.com/catalog/567,Video: Embedded video for WeFixitUSA,,no,,,each,
Integrity Insert Replacement Double Hung,biltbestwindowparts.com,http://biltbestwindowparts.com/catalog/569,Video: Embedded video for WeFixitUSA,,no,,,each,
Integrity Wood-Ultrex Double Hung,biltbestwindowparts.com,http://biltbestwindowparts.com/catalog/570,Video: Embedded video for WeFixitUSA,,no,,,each,
Marvin Next Generation Ultimate Double Hung,biltbestwindowparts.com,http://biltbestwindowparts.com/catalog/572,Video: Embedded video for WeFixitUSA,,no,,,each,
Marvin Tilt Pac Double Hung Sash Replacement System,biltbestwindowparts.com,http://biltbestwindowparts.com/catalog/573,Video: Embedded video for WeFixitUSA,,no,,,each,
Marvin Ultimate Double Hung,biltbestwindowparts.com,http://biltbestwindowparts.com/catalog/574,Video: Embedded video for WeFixitUSA,,no,,,each,
Marvin Ultimate Insert Double Hung,biltbestwindowparts.com,http://biltbestwindowparts.com/catalog/575,Video: Embedded video for WeFixitUSA,,no,,,each,
Marvin Ultimate Magnum Double Hung,biltbestwindowparts.com,http://biltbestwindowparts.com/catalog/576,Video: Embedded video for WeFixitUSA,,no,,,each,
Glider,biltbestwindowparts.com,http://biltbestwindowparts.com/catalog/577,Video: Embedded video for WeFixitUSA,,no,,,each,
Integrity All Ultrex Glider,biltbestwindowparts.com,http://biltbestwindowparts.com/catalog/579,Video: Embedded video for WeFixitUSA,,no,,,each,
Integrity Wood-Ultrex Glider,biltbestwindowparts.com,http://biltbestwindowparts.com/catalog/580,Video: Embedded video for WeFixitUSA,,no,,,each,
Marvin Ultimate Glider,biltbestwindowparts.com,http://biltbestwindowparts.com/catalog/581,Video: Embedded video for WeFixitUSA,,no,,,each,
Awning,biltbestwindowparts.com,http://biltbestwindowparts.com/catalog/582,Video: Embedded video for WeFixitUSA,,no,,,each,
Infinity Replacement Awning,biltbestwindowparts.com,http://biltbestwindowparts.com/catalog/583,Video: Embedded video for WeFixitUSA,,no,,,each,
Integrity All Ultrex Awning,biltbestwindowparts.com,http://biltbestwindowparts.com/catalog/584,Video: Embedded video for WeFixitUSA,,no,,,each,
Integrity IMPACT Awning,biltbestwindowparts.com,http://biltbestwindowparts.com/catalog/585,Video: Embedded video for WeFixitUSA,,no,,,each,
Integrity Insert Replacement Awning,biltbestwindowparts.com,http://biltbestwindowparts.com/catalog/586,Video: Embedded video for WeFixitUSA,,no,,,each,
Integrity Wood-Ultrex Awning,biltbestwindowparts.com,http://biltbestwindowparts.com/catalog/587,Video: Embedded video for WeFixitUSA,,no,,,each,
Marvin Contemporary Awning,biltbestwindowparts.com,http://biltbestwindowparts.com/catalog/588,Video: Embedded video for WeFixitUSA,,no,,,each,
Marvin Ultimate Awning,biltbestwindowparts.com,http://biltbestwindowparts.com/catalog/589,Video: Embedded video for WeFixitUSA,,no,,,each,
Marvin Doors,biltbestwindowparts.com,http://biltbestwindowparts.com/catalog/597,Video: Embedded video for WeFixitUSA,,no,,,each,
Swinging Patio,biltbestwindowparts.com,http://biltbestwindowparts.com/catalog/598,Video: Embedded video for WeFixitUSA,,no,,,each,
Integrity IMPACT Outswing French Door,biltbestwindowparts.com,http://biltbestwindowparts.com/catalog/599,Video: Embedded video for WeFixitUSA,,no,,,each,
Wood Sash Parts,biltbestwindowparts.com,http://biltbestwindowparts.com/catalog/6,Video: Embedded video for WeFixitUSA,,no,,,each,
Integrity Wood-Ultrex Inswing French Door,biltbestwindowparts.com,http://biltbestwindowparts.com/catalog/600,Video: Embedded video for WeFixitUSA,,no,,,each,
Integrity Wood-Ultrex Outswing French Door,biltbestwindowparts.com,http://biltbestwindowparts.com/catalog/601,Video: Embedded video for WeFixitUSA,,no,,,each,
Marvin Ultimate Swinging Arch Top French Door,biltbestwindowparts.com,http://biltbestwindowparts.com/catalog/602,Video: Embedded video for WeFixitUSA,,no,,,each,
Marvin Contemporary Door,biltbestwindowparts.com,http://biltbestwindowparts.com/catalog/603,Video: Embedded video for WeFixitUSA,,no,,,each,
Marvin Ultimate Swinging French Door,biltbestwindowparts.com,http://biltbestwindowparts.com/catalog/604,Video: Embedded video for WeFixitUSA,,no,,,each,
Sliding Patio,biltbestwindowparts.com,http://biltbestwindowparts.com/catalog/605,Video: Embedded video for WeFixitUSA,,no,,,each,
Integrity Wood-Ultrex Sliding Patio Door,biltbestwindowparts.com,http://biltbestwindowparts.com/catalog/611,Video: Embedded video for WeFixitUSA,,no,,,each,
Marvin Sliding Patio Door,biltbestwindowparts.com,http://biltbestwindowparts.com/catalog/612,Video: Embedded video for WeFixitUSA,,no,,,each,
Marvin Ultimate Sliding French Door,biltbestwindowparts.com,http://biltbestwindowparts.com/catalog/613,Video: Embedded video for WeFixitUSA,,no,,,each,
Scenic,biltbestwindowparts.com,http://biltbestwindowparts.com/catalog/614,Video: Embedded video for WeFixitUSA,,no,,,each,
Weather Strip & Seals,biltbestwindowparts.com,http://biltbestwindowparts.com/catalog/7,Video: Embedded video for WeFixitUSA,,no,,,each,
Reviews & Ratings Colorado Springs,biltbestwindowparts.com,http://biltbestwindowparts.com/catalog/719,Video: Embedded video for WeFixitUSA,,no,,,each,
Truth and EntryGard Window Hardware,biltbestwindowparts.com,http://biltbestwindowparts.com/catalog/8,Video: Embedded video for WeFixitUSA,,no,,,each,
Door Handles and Hardware,biltbestwindowparts.com,http://biltbestwindowparts.com/catalog/9,Video: Embedded video for WeFixitUSA,,no,,,each,
Infinity Replacement Double Hung,biltbestwindowparts.com,http://www.biltbestwindowparts.com/catalog/566,Video: Embedded video for WeFixitUSA,,no,,,each,
Integrity IMPACT Double Hung,biltbestwindowparts.com,http://www.biltbestwindowparts.com/catalog/568,Video: Embedded video for WeFixitUSA,,no,,,each,
Marvin Double Hung Chain and Pulley,biltbestwindowparts.com,http://www.biltbestwindowparts.com/catalog/571,Video: Embedded video for WeFixitUSA,,no,,,each,
Infinity Replacement Glider,biltbestwindowparts.com,http://www.biltbestwindowparts.com/catalog/578,Video: Embedded video for WeFixitUSA,,no,,,each,
Marvin Ultimate Push Out Awning,biltbestwindowparts.com,http://www.biltbestwindowparts.com/catalog/590,Video: Embedded video for WeFixitUSA,,no,,,each,
Marvin Ultimate Replacement Awning,biltbestwindowparts.com,http://www.biltbestwindowparts.com/catalog/591,Video: Embedded video for WeFixitUSA,,no,,,each,
Marvin Ultimate Replacement Push Out Awning,biltbestwindowparts.com,http://www.biltbestwindowparts.com/catalog/592,Video: Embedded video for WeFixitUSA,,no,,,each,
Bay and Bow,biltbestwindowparts.com,http://www.biltbestwindowparts.com/catalog/593,Video: Embedded video for WeFixitUSA,,no,,,each,
Round Top,biltbestwindowparts.com,http://www.biltbestwindowparts.com/catalog/594,Video: Embedded video for WeFixitUSA,,no,,,each,
Shaped,biltbestwindowparts.com,http://www.biltbestwindowparts.com/catalog/595,Video: Embedded video for WeFixitUSA,,no,,,each,
Tilt Turn and Hopper,biltbestwindowparts.com,http://www.biltbestwindowparts.com/catalog/596,Video: Embedded video for WeFixitUSA,,no,,,each,
Infinity Sliding Patio Door,biltbestwindowparts.com,http://www.biltbestwindowparts.com/catalog/606,Video: Embedded video for WeFixitUSA,,no,,,each,
Infinity Sliding French Door,biltbestwindowparts.com,http://www.biltbestwindowparts.com/catalog/607,Video: Embedded video for WeFixitUSA,,no,,,each,
Integrity All Ultrex Sliding Patio Door,biltbestwindowparts.com,http://www.biltbestwindowparts.com/catalog/608,Video: Embedded video for WeFixitUSA,,no,,,each,
Integrity IMPACT Sliding French Door,biltbestwindowparts.com,http://www.biltbestwindowparts.com/catalog/609,Video: Embedded video for WeFixitUSA,,no,,,each,
Integrity Wood-Ultrex Sliding French Door,biltbestwindowparts.com,http://www.biltbestwindowparts.com/catalog/610,Video: Embedded video for WeFixitUSA,,no,,,each,
Marvin Bi-Fold Door,biltbestwindowparts.com,http://www.biltbestwindowparts.com/catalog/615,Video: Embedded video for WeFixitUSA,,no,,,each,
Marvin Ultimate Lift and Slide Door,biltbestwindowparts.com,http://www.biltbestwindowparts.com/catalog/616,Video: Embedded video for WeFixitUSA,,no,,,each,
Marvin Ultimate Multi-Slide Door,biltbestwindowparts.com,http://www.biltbestwindowparts.com/catalog/617,Video: Embedded video for WeFixitUSA,,no,,,each,
SCAMS & Rip-Offs Colorado Springs,biltbestwindowparts.com,https://biltbestwindowparts.com/catalog/720,Video: Embedded video for WeFixitUSA,,no,,,each,
1 3/8″ Aluminum Divided Lite Muntin Bar with Tape,truthentrygard.com,https://truthentrygard.com/product/1-3-8-aluminum-divided-lite-muntin-bar-with-tape/,"**For questions or concerns, please contact info@truthentrygard.com Description Choose your desired color for your window upgrade. Our pricing is per foot, up to 6 feet in length. Custom colors are also available upon request! Contact us via phone or email for a personalized quote. Description Choose your desired color for your window upgrade. Our pricing is per foot, up to 6 feet in length. Custom colors are also available upon request! Contact us via phone or email for a personalized quote. Description Choose your desired color for your window upgrade. Our pricing is per foot, up to 6 feet in length. Custom colors are also available upon request! Contact us via phone or email for a personalized quote.",,no,,,each,
1 3/8″ Wood Divided Lite Muntin Bar with Tape,truthentrygard.com,https://truthentrygard.com/product/1-3-8-wood-divided-lite-muntin-bar-with-tape/,"**For questions or concerns, please contact info@truthentrygard.com Description Priced per foot – up to 6′ Description Priced per foot – up to 6′ Description Priced per foot – up to 6′",,no,,,each,
1″ Aluminum Divided Lite Muntin Bar with Tape,truthentrygard.com,https://truthentrygard.com/product/1-aluminum-divided-lite-muntin-bar-with-tape/,"Description Elevate the charm of your windows with our 1″ Aluminum Divided Lite Muntin Bar with Tape, a timeless addition to any home. Priced per foot for lengths up to 6 feet, these muntin bars offer both elegance and practicality. Select your desired color to seamlessly integrate with your window frame, enhancing the architectural appeal of your space. Choose from our standard color options for a perfect match, or inquire about our custom color offerings for a personalized touch. Crafted with precision and durability in mind, our muntin bars add character and style to your windows, transforming them into focal points of beauty and sophistication. Experience the perfect blend of craftsmanship, customization, and quality today. Description Elevate the charm of your windows with our 1″ Aluminum Divided Lite Muntin Bar with Tape, a timeless addition to any home. Priced per foot for lengths up to 6 feet, these muntin bars offer both elegance and practicality. Select your desired color to seamlessly integrate with your window frame, enhancing the architectural appeal of your space. Choose from our standard color options for a perfect match, or inquire about our custom color offerings for a personalized touch. Crafted with precision and durability in mind, our muntin bars add character and style to your windows, transforming them into focal points of beauty and sophistication. Experience the perfect blend of craftsmanship, customization, and quality today. Description Elevate the charm of your windows with our 1″ Aluminum Divided Lite Muntin Bar with Tape, a timeless addition to any home. Priced per foot for lengths up to 6 feet, these muntin bars offer both elegance and practicality. Select your desired color to seamlessly integrate with your window frame, enhancing the architectural appeal of your space. Choose from our standard color options for a perfect match, or inquire about our custom color offerings for a personalized touch. Crafted with precision and durability in mind, our muntin bars add character and style to your windows, transforming them into focal points of beauty and sophistication. Experience the perfect blend of craftsmanship, customization, and quality today.",,no,,,each,
2R Window Limit Device,truthentrygard.com,https://truthentrygard.com/product/2r-window-limit-device/,"GOT QUESTIONS?! Contact us: info@truthentrygard.com Description Ensure your windows are safe and secure with the AmesburyTruth SafeGard™ 2R. This device meets the ASTM F2090 safety standards for preventing falls while allowing easy egress. Key Features : Safety Compliance : Meets ASTM F2090 standards for child fall prevention. Automatic Re-latch : Window re-latches automatically when closed. Limited Venting : Limits window opening to less than 4 inches. Easy Egress : Two-step release mechanism for emergency exit without tools. Unobtrusive Design : Concealed unit when window is closed. Easy Installation : Simple to install in both residential and commercial settings, with adjustments possible after installation. Durable Construction : Built-in adjustment features and durable components ensure long-lasting performance. Additional Details : Prevents a 4-inch diameter sphere from passing through the window. Dual action release mechanism for added safety. Maintains full compliance with egress requirements. Avoids interference with window operation and performance. Factory or field installation options available. Easy adjustments inside the home post-installation. Comes with stainless steel pan head screws for easy handling. Concealed arm design after release. Ordering Information : For use with casement windows only. Handing is determined by the side your window is hinged on when viewed from outside. Description Ensure your windows are safe and secure with the AmesburyTruth SafeGard™ 2R. This device meets the ASTM F2090 safety standards for preventing falls while allowing easy egress. Key Features : Safety Compliance : Meets ASTM F2090 standards for child fall prevention. Automatic Re-latch : Window re-latches automatically when closed. Limited Venting : Limits window opening to less than 4 inches. Easy Egress : Two-step release mechanism for emergency exit without tools. Unobtrusive Design : Concealed unit when window is closed. Easy Installation : Simple to install in both residential and commercial settings, with adjustments possible after installation. Durable Construction : Built-in adjustment features and durable components ensure long-lasting performance. Additional Details : Prevents a 4-inch diameter sphere from passing through the window. Dual action release mechanism for added safety. Maintains full compliance with egress requirements. Avoids interference with window operation and performance. Factory or field installation options available. Easy adjustments inside the home post-installation. Comes with stainless steel pan head screws for easy handling. Concealed arm design after release. Ordering Information : For use with casement windows only. Handing is determined by the side your window is hinged on when viewed from outside. Description Ensure your windows are safe and secure with the AmesburyTruth SafeGard™ 2R. This device meets the ASTM F2090 safety standards for preventing falls while allowing easy egress. Key Features : Safety Compliance : Meets ASTM F2090 standards for child fall prevention. Automatic Re-latch : Window re-latches automatically when closed. Limited Venting : Limits window opening to less than 4 inches. Easy Egress : Two-step release mechanism for emergency exit without tools. Unobtrusive Design : Concealed unit when window is closed. Easy Installation : Simple to install in both residential and commercial settings, with adjustments possible after installation. Durable Construction : Built-in adjustment features and durable components ensure long-lasting performance. Additional Details : Prevents a 4-inch diameter sphere from passing through the window. Dual action release mechanism for added safety. Maintains full compliance with egress requirements. Avoids interference with window operation and performance. Factory or field installation options available. Easy adjustments inside the home post-installation. Comes with stainless steel pan head screws for easy handling. Concealed arm design after release. Ordering Information : For use with casement windows only. Handing is determined by the side your window is hinged on when viewed from outside.",,no,,,each,
.300 Kerf Insert Weather-Strip Seal,truthentrygard.com,https://truthentrygard.com/product/300-kerf-insert-weather-strip-seal/,"Got Questions? Not sure what you need? Feel free to email: info@truthentrygard.com NOT SURE WHAT YOU NEED?!? EMAIL PICTURES AND WE WILL GET YOU TAKEN CARE OF! Description Weather Strip Seal for Guardian and Other Door Brands Enhance your door protection with our premium Weather Strip Seal, perfectly compatible with Guardian and various other door brands. Features: Waterproof Protection: Crafted with almost 100% closed-cell foam to effectively prevent water infiltration. UV Resistant: The durable exterior skin shields against harmful UV rays, ensuring long-lasting performance. Superior Sealing: Engineered to deliver a tight and secure seal, keeping your home insulated and protected. Specifications: Color Options: Available in classic black or white to match your door aesthetics. Variety of Sizes: Offered in rolls ranging from 100′ to 2500′ to suit different needs and applications. For pricing, availability, or any additional information, please reach out to us. We’re here to help you find the perfect weather-stripping solution for your doors. TO ORDER GO TO: www.biltbestwindowparts.com Description Weather Strip Seal for Guardian and Other Door Brands Enhance your door protection with our premium Weather Strip Seal, perfectly compatible with Guardian and various other door brands. Features: Waterproof Protection: Crafted with almost 100% closed-cell foam to effectively prevent water infiltration. UV Resistant: The durable exterior skin shields against harmful UV rays, ensuring long-lasting performance. Superior Sealing: Engineered to deliver a tight and secure seal, keeping your home insulated and protected. Specifications: Color Options: Available in classic black or white to match your door aesthetics. Variety of Sizes: Offered in rolls ranging from 100′ to 2500′ to suit different needs and applications. For pricing, availability, or any additional information, please reach out to us. We’re here to help you find the perfect weather-stripping solution for your doors. TO ORDER GO TO: www.biltbestwindowparts.com Description Weather Strip Seal for Guardian and Other Door Brands Enhance your door protection with our premium Weather Strip Seal, perfectly compatible with Guardian and various other door brands. Features: Waterproof Protection: Crafted with almost 100% closed-cell foam to effectively prevent water infiltration. UV Resistant: The durable exterior skin shields against harmful UV rays, ensuring long-lasting performance. Superior Sealing: Engineered to deliver a tight and secure seal, keeping your home insulated and protected. Specifications: Color Options: Available in classic black or white to match your door aesthetics. Variety of Sizes: Offered in rolls ranging from 100′ to 2500′ to suit different needs and applications. For pricing, availability, or any additional information, please reach out to us. We’re here to help you find the perfect weather-stripping solution for your doors. TO ORDER GO TO: www.biltbestwindowparts.com",,no,,,each,
Skylight Systems | 3ft Pole Extension,truthentrygard.com,https://truthentrygard.com/product/3ft-pole-extension/,"**For questions or concerns, please contact info@truthentrygard.com Description Extend your reach effortlessly with our 3ft Pole Extension, designed to be used seamlessly with our Telescoping Pole #10637. Whether you’re tackling high-reaching tasks or accessing hard-to-reach areas, this extension pole provides the extra length you need for convenience and versatility. Crafted with durability and performance in mind, our pole extension ensures stability and reliability during use. Simply attach it to the Telescoping Pole #10637 for extended reach, allowing you to complete tasks with ease and precision. Upgrade your toolkit with this essential accessory for enhanced efficiency and effectiveness. Description Extend your reach effortlessly with our 3ft Pole Extension, designed to be used seamlessly with our Telescoping Pole #10637. Whether you’re tackling high-reaching tasks or accessing hard-to-reach areas, this extension pole provides the extra length you need for convenience and versatility. Crafted with durability and performance in mind, our pole extension ensures stability and reliability during use. Simply attach it to the Telescoping Pole #10637 for extended reach, allowing you to complete tasks with ease and precision. Upgrade your toolkit with this essential accessory for enhanced efficiency and effectiveness. Description Extend your reach effortlessly with our 3ft Pole Extension, designed to be used seamlessly with our Telescoping Pole #10637. Whether you’re tackling high-reaching tasks or accessing hard-to-reach areas, this extension pole provides the extra length you need for convenience and versatility. Crafted with durability and performance in mind, our pole extension ensures stability and reliability during use. Simply attach it to the Telescoping Pole #10637 for extended reach, allowing you to complete tasks with ease and precision. Upgrade your toolkit with this essential accessory for enhanced efficiency and effectiveness.",,no,,,each,
Compression Weather Strip Seals | Kerf Bulb Type,truthentrygard.com,https://truthentrygard.com/product/4148/,"Got Questions? Not sure what you need? Feel free to email: info@truthentrygard.com NOT SURE WHAT YOU NEED?!? EMAIL PICTURES AND WE WILL GET YOU TAKEN CARE OF! Description This tan-only compression bubble style kerf weather strip is designed for various window styles including double hung, single hung, casement, awning, and some sliders. It provides a specialized compression seal between components such as meeting rails, frame perimeters, window sashes, stiles, and rails. Specifications: Diameter: .250 inches Length: Fifty (50′) feet rolls Additional Information: Available in Other Sizes: Also available in .300 bulb diameter. TO ORDER GO TO: www.biltbestwindowparts.com Description This tan-only compression bubble style kerf weather strip is designed for various window styles including double hung, single hung, casement, awning, and some sliders. It provides a specialized compression seal between components such as meeting rails, frame perimeters, window sashes, stiles, and rails. Specifications: Diameter: .250 inches Length: Fifty (50′) feet rolls Additional Information: Available in Other Sizes: Also available in .300 bulb diameter. TO ORDER GO TO: www.biltbestwindowparts.com Description This tan-only compression bubble style kerf weather strip is designed for various window styles including double hung, single hung, casement, awning, and some sliders. It provides a specialized compression seal between components such as meeting rails, frame perimeters, window sashes, stiles, and rails. Specifications: Diameter: .250 inches Length: Fifty (50′) feet rolls Additional Information: Available in Other Sizes: Also available in .300 bulb diameter. TO ORDER GO TO: www.biltbestwindowparts.com",,no,,,each,
7/8″ Aluminum Divided Lite Muntin Bar with Tape,truthentrygard.com,https://truthentrygard.com/product/7-8-aluminum-divided-lite-muntin-bar-with-tape/,"**For questions or concerns, please contact info@truthentrygard.com Description Enhance the aesthetics of your windows with our 7/8″ Aluminum Divided Lite Muntin Bar with Tape, priced per lineal foot for lengths up to 6 feet. Designed to add a touch of sophistication and charm to your windows, these muntin bars feature a durable aluminum construction for long-lasting durability. The included tape ensures easy installation, allowing you to achieve a professional look with minimal effort. Additionally, custom colors are available to suit your specific preferences. For personalized assistance and pricing details, please don’t hesitate to reach out to us for a quote. Upgrade your windows with our elegant muntin bars and transform your space with style and functionality. Description Enhance the aesthetics of your windows with our 7/8″ Aluminum Divided Lite Muntin Bar with Tape, priced per lineal foot for lengths up to 6 feet. Designed to add a touch of sophistication and charm to your windows, these muntin bars feature a durable aluminum construction for long-lasting durability. The included tape ensures easy installation, allowing you to achieve a professional look with minimal effort. Additionally, custom colors are available to suit your specific preferences. For personalized assistance and pricing details, please don’t hesitate to reach out to us for a quote. Upgrade your windows with our elegant muntin bars and transform your space with style and functionality. Description Enhance the aesthetics of your windows with our 7/8″ Aluminum Divided Lite Muntin Bar with Tape, priced per lineal foot for lengths up to 6 feet. Designed to add a touch of sophistication and charm to your windows, these muntin bars feature a durable aluminum construction for long-lasting durability. The included tape ensures easy installation, allowing you to achieve a professional look with minimal effort. Additionally, custom colors are available to suit your specific preferences. For personalized assistance and pricing details, please don’t hesitate to reach out to us for a quote. Upgrade your windows with our elegant muntin bars and transform your space with style and functionality.",,no,,,each,
7/8″ Wood Divided Lite Muntin,truthentrygard.com,https://truthentrygard.com/product/7-8-wood-divided-lite-muntin/,"**For questions or concerns, please contact info@truthentrygard.com Description Priced per foot, up to 6′. Description Priced per foot, up to 6′. Description Priced per foot, up to 6′.",,no,,,each,
Andersen Window Sash Parts – Locks and Keepers,truthentrygard.com,https://truthentrygard.com/product/andersen-window-sash-parts-locks-and-keepers/,"**EMAIL US For Current Pricing / Availability: Info@truthentrygard.com** Description Discover the reliability and convenience of the Andersen Sash Lock and Keeper, an essential component for securing your Andersen casement windows. Available in both right and left-handed orientations, and boasting a timeless stone color finish, this sash lock and keeper set seamlessly blend functionality with aesthetics. Pair it effortlessly with the Andersen Casement Operator #BB-PO.08 (sold separately) for a comprehensive window solution. Whether you’re replacing an existing lock or upgrading your window security, our sash lock and keeper set ensures compatibility and ease of installation. Each set is shipped complete with the necessary keeper and screws, eliminating the hassle of sourcing additional components. With Andersen’s commitment to quality craftsmanship, you can trust in the durability and performance of our sash lock and keeper for years to come. Enhance the security and functionality of your Andersen casement windows with the Andersen Sash Lock and Keeper, offering peace of mind and style in one comprehensive package. Description Discover the reliability and convenience of the Andersen Sash Lock and Keeper, an essential component for securing your Andersen casement windows. Available in both right and left-handed orientations, and boasting a timeless stone color finish, this sash lock and keeper set seamlessly blend functionality with aesthetics. Pair it effortlessly with the Andersen Casement Operator #BB-PO.08 (sold separately) for a comprehensive window solution. Whether you’re replacing an existing lock or upgrading your window security, our sash lock and keeper set ensures compatibility and ease of installation. Each set is shipped complete with the necessary keeper and screws, eliminating the hassle of sourcing additional components. With Andersen’s commitment to quality craftsmanship, you can trust in the durability and performance of our sash lock and keeper for years to come. Enhance the security and functionality of your Andersen casement windows with the Andersen Sash Lock and Keeper, offering peace of mind and style in one comprehensive package. Description Discover the reliability and convenience of the Andersen Sash Lock and Keeper, an essential component for securing your Andersen casement windows. Available in both right and left-handed orientations, and boasting a timeless stone color finish, this sash lock and keeper set seamlessly blend functionality with aesthetics. Pair it effortlessly with the Andersen Casement Operator #BB-PO.08 (sold separately) for a comprehensive window solution. Whether you’re replacing an existing lock or upgrading your window security, our sash lock and keeper set ensures compatibility and ease of installation. Each set is shipped complete with the necessary keeper and screws, eliminating the hassle of sourcing additional components. With Andersen’s commitment to quality craftsmanship, you can trust in the durability and performance of our sash lock and keeper for years to come. Enhance the security and functionality of your Andersen casement windows with the Andersen Sash Lock and Keeper, offering peace of mind and style in one comprehensive package.",,no,,,each,
Anderson Andersen Window Door Replacement Hardware Parts Free ID Help,truthentrygard.com,https://truthentrygard.com/product/anderson-andersen-window-door-replacement-hardware-parts-free-id-help/,"Description Andersen | Anderson | Gliding / Sliding / Slider – Patio Doors, Hinged Patio Doors Inswing / outswing, Outswing Patio Doors, sliding glass doors, 400 Series Frenchwood, Gliding Patio Door 400 Series, 1987 to Present, 200 Series Perma-Shield Gliding Patio Doors, Perma-Shield, Patio Door 1982 to Present , 200 Series Narroline, 2002 to Present, natural wood interior and vinyl exterior , 100 Series Gliding Patio Doors – Hardware and Trim Sets, Handles, Replacement Parts, Locks, Weather Strip, Seals, Wheels, Rollers, and More. Screen Rollers, Hardware Handle Sets, Packages, Encino, Yuma, Newbury, CadBerry, Whitmore, Whitemore, Covington, Traditional, Anvers, Answers, Contemporary Styles, Tribeca, Trifecta, Albany, and Classic looking; Andersen | Anderson Gliding Patio Door Rollers | 1997061 | Dual Wheel Roller Replacements | Parts | tandem roller sets | Patio Door Roller for Tall Panels | 2573517 | 2573517 | Gliding door tandem roller sets | Insect Screen Wheel Assembly Parts | 1274104 | Screen Wheels | Lower Wheel Assembly | 1964 to 1991 | ndersen Window Parts – Awning Window Parts , Andersen Double or Single Hung Window Parts, Hardware, Weatherstrip, Latches and Lifts, Gliding Basement & Utility Window Parts, Andersen Roof Window Window Parts, Patio Door Hardware Replacements, Rollers, Wheels, Andersen Gliding Patio Door weather strip, Andersen Hinged Patio Door Parts, Andersen outswing patio door parts, hinges, handles and lock sets, Top Selling Door Parts and Supplies, Aftermarket Parts for Anderson Windows and Doors. Prices Starting at $10.99 Description Andersen | Anderson | Gliding / Sliding / Slider – Patio Doors, Hinged Patio Doors Inswing / outswing, Outswing Patio Doors, sliding glass doors, 400 Series Frenchwood, Gliding Patio Door 400 Series, 1987 to Present, 200 Series Perma-Shield Gliding Patio Doors, Perma-Shield, Patio Door 1982 to Present , 200 Series Narroline, 2002 to Present, natural wood interior and vinyl exterior , 100 Series Gliding Patio Doors – Hardware and Trim Sets, Handles, Replacement Parts, Locks, Weather Strip, Seals, Wheels, Rollers, and More. Screen Rollers, Hardware Handle Sets, Packages, Encino, Yuma, Newbury, CadBerry, Whitmore, Whitemore, Covington, Traditional, Anvers, Answers, Contemporary Styles, Tribeca, Trifecta, Albany, and Classic looking; Andersen | Anderson Gliding Patio Door Rollers | 1997061 | Dual Wheel Roller Replacements | Parts | tandem roller sets | Patio Door Roller for Tall Panels | 2573517 | 2573517 | Gliding door tandem roller sets | Insect Screen Wheel Assembly Parts | 1274104 | Screen Wheels | Lower Wheel Assembly | 1964 to 1991 | ndersen Window Parts – Awning Window Parts , Andersen Double or Single Hung Window Parts, Hardware, Weatherstrip, Latches and Lifts, Gliding Basement & Utility Window Parts, Andersen Roof Window Window Parts, Patio Door Hardware Replacements, Rollers, Wheels, Andersen Gliding Patio Door weather strip, Andersen Hinged Patio Door Parts, Andersen outswing patio door parts, hinges, handles and lock sets, Top Selling Door Parts and Supplies, Aftermarket Parts for Anderson Windows and Doors. Prices Starting at $10.99 Description Andersen | Anderson | Gliding / Sliding / Slider – Patio Doors, Hinged Patio Doors Inswing / outswing, Outswing Patio Doors, sliding glass doors, 400 Series Frenchwood, Gliding Patio Door 400 Series, 1987 to Present, 200 Series Perma-Shield Gliding Patio Doors, Perma-Shield, Patio Door 1982 to Present , 200 Series Narroline, 2002 to Present, natural wood interior and vinyl exterior , 100 Series Gliding Patio Doors – Hardware and Trim Sets, Handles, Replacement Parts, Locks, Weather Strip, Seals, Wheels, Rollers, and More. Screen Rollers, Hardware Handle Sets, Packages, Encino, Yuma, Newbury, CadBerry, Whitmore, Whitemore, Covington, Traditional, Anvers, Answers, Contemporary Styles, Tribeca, Trifecta, Albany, and Classic looking; Andersen | Anderson Gliding Patio Door Rollers | 1997061 | Dual Wheel Roller Replacements | Parts | tandem roller sets | Patio Door Roller for Tall Panels | 2573517 | 2573517 | Gliding door tandem roller sets | Insect Screen Wheel Assembly Parts | 1274104 | Screen Wheels | Lower Wheel Assembly | 1964 to 1991 | ndersen Window Parts – Awning Window Parts , Andersen Double or Single Hung Window Parts, Hardware, Weatherstrip, Latches and Lifts, Gliding Basement & Utility Window Parts, Andersen Roof Window Window Parts, Patio Door Hardware Replacements, Rollers, Wheels, Andersen Gliding Patio Door weather strip, Andersen Hinged Patio Door Parts, Andersen outswing patio door parts, hinges, handles and lock sets, Top Selling Door Parts and Supplies, Aftermarket Parts for Anderson Windows and Doors. Prices Starting at $10.99",,no,,,each,
Ashland Dual Arm Casement Window Operator Components,truthentrygard.com,https://truthentrygard.com/product/ashland-dual-arm-casement-window-operator-components/,"Got Questions? Not sure what you need? Feel free to email: info@truthentrygard.com NOT SURE WHAT YOU NEED?!? EMAIL PICTURES AND WE WILL GET YOU TAKEN CARE OF! Description Product Overview: Upgrade your windows with the Ashland Dual Arm Casement Window Operator, designed for optimal performance and durability. Perfect for both new installations and replacements, this operator ensures smooth and reliable operation for your casement windows. Key Features: Smooth Operation: Dual arm mechanism provides balanced and effortless window opening and closing. Durable Construction: Made from high-quality materials for long-lasting performance. Versatile Compatibility: Suitable for various window sizes and styles. Easy Installation: Comes with all necessary hardware and instructions for a quick setup. Low Maintenance: Resistant to wear and corrosion, ensuring minimal upkeep. Specifications: Material: Heavy-duty steel with a corrosion-resistant coating. Finish: Available in multiple finishes to match your window hardware. Compatibility: Designed for use with both left-hand and right-hand casement windows. Description Product Overview: Upgrade your windows with the Ashland Dual Arm Casement Window Operator, designed for optimal performance and durability. Perfect for both new installations and replacements, this operator ensures smooth and reliable operation for your casement windows. Key Features: Smooth Operation: Dual arm mechanism provides balanced and effortless window opening and closing. Durable Construction: Made from high-quality materials for long-lasting performance. Versatile Compatibility: Suitable for various window sizes and styles. Easy Installation: Comes with all necessary hardware and instructions for a quick setup. Low Maintenance: Resistant to wear and corrosion, ensuring minimal upkeep. Specifications: Material: Heavy-duty steel with a corrosion-resistant coating. Finish: Available in multiple finishes to match your window hardware. Compatibility: Designed for use with both left-hand and right-hand casement windows. Description Product Overview: Upgrade your windows with the Ashland Dual Arm Casement Window Operator, designed for optimal performance and durability. Perfect for both new installations and replacements, this operator ensures smooth and reliable operation for your casement windows. Key Features: Smooth Operation: Dual arm mechanism provides balanced and effortless window opening and closing. Durable Construction: Made from high-quality materials for long-lasting performance. Versatile Compatibility: Suitable for various window sizes and styles. Easy Installation: Comes with all necessary hardware and instructions for a quick setup. Low Maintenance: Resistant to wear and corrosion, ensuring minimal upkeep. Specifications: Material: Heavy-duty steel with a corrosion-resistant coating. Finish: Available in multiple finishes to match your window hardware. Compatibility: Designed for use with both left-hand and right-hand casement windows.",,no,,,each,
Awning and Casement Window Weatherstrip | Vertical and Frame,truthentrygard.com,https://truthentrygard.com/product/awning-and-casement-window-weatherstrip-vertical-and-frame/,"For questions or concerns, please contact info@truthentrygard.com Description Best Wood and Best Clad Casement Window Frame and Vertical Type Weather Strip and Seals, #RFR9BB. This window jamb offset style weatherstrip is the go-to solution for various models and styles, offering unparalleled performance and ease of installation. Key Features: Versatile Compatibility: Designed for use on a wide range of window models and styles. Effortless Installation: Installs seamlessly into narrow Kerf Track, ensuring a snug fit. Optimal Seal: Flexible bulb design acts as a mechanical compression seal, providing minimal resistance between sash and frame. Suitable for Various Applications: Primarily used on Wood and Clad Casements and Awning Units from 1980 through 1999 and beyond. Color Options: Available in Beige/Tan to complement a variety of aesthetics. Description Best Wood and Best Clad Casement Window Frame and Vertical Type Weather Strip and Seals, #RFR9BB. This window jamb offset style weatherstrip is the go-to solution for various models and styles, offering unparalleled performance and ease of installation. Key Features: Versatile Compatibility: Designed for use on a wide range of window models and styles. Effortless Installation: Installs seamlessly into narrow Kerf Track, ensuring a snug fit. Optimal Seal: Flexible bulb design acts as a mechanical compression seal, providing minimal resistance between sash and frame. Suitable for Various Applications: Primarily used on Wood and Clad Casements and Awning Units from 1980 through 1999 and beyond. Color Options: Available in Beige/Tan to complement a variety of aesthetics. Description Best Wood and Best Clad Casement Window Frame and Vertical Type Weather Strip and Seals, #RFR9BB. This window jamb offset style weatherstrip is the go-to solution for various models and styles, offering unparalleled performance and ease of installation. Key Features: Versatile Compatibility: Designed for use on a wide range of window models and styles. Effortless Installation: Installs seamlessly into narrow Kerf Track, ensuring a snug fit. Optimal Seal: Flexible bulb design acts as a mechanical compression seal, providing minimal resistance between sash and frame. Suitable for Various Applications: Primarily used on Wood and Clad Casements and Awning Units from 1980 through 1999 and beyond. Color Options: Available in Beige/Tan to complement a variety of aesthetics.",,no,,,each,
Awning Window Operator Parts | 29168 AWNING UNIT ASSEMBLY 28.75″,truthentrygard.com,https://truthentrygard.com/product/awning-window-operator-parts-29168-awning-unit-assembly-28-75/,"For questions or concerns, please contact info@truthentrygard.com Description Upgrade Your Awning Windows with RL-29168 Awning Unit Operator Assembly Enhance your awning windows with our RL-29168 Awning Unit Operator Assembly. It’s designed to fit seamlessly and ensure smooth operation. This assembly comes complete with all necessary components except for shoe studs or guide bars. It’s stamped with various numbers for quality assurance and is compatible with different awning window models, including those with Truth Entrygard Part Stamping 31545. Enjoy reliable performance and easy operation with our assembly. Description Upgrade Your Awning Windows with RL-29168 Awning Unit Operator Assembly Enhance your awning windows with our RL-29168 Awning Unit Operator Assembly. It’s designed to fit seamlessly and ensure smooth operation. This assembly comes complete with all necessary components except for shoe studs or guide bars. It’s stamped with various numbers for quality assurance and is compatible with different awning window models, including those with Truth Entrygard Part Stamping 31545. Enjoy reliable performance and easy operation with our assembly. Description Upgrade Your Awning Windows with RL-29168 Awning Unit Operator Assembly Enhance your awning windows with our RL-29168 Awning Unit Operator Assembly. It’s designed to fit seamlessly and ensure smooth operation. This assembly comes complete with all necessary components except for shoe studs or guide bars. It’s stamped with various numbers for quality assurance and is compatible with different awning window models, including those with Truth Entrygard Part Stamping 31545. Enjoy reliable performance and easy operation with our assembly.",,no,,,each,
Birch Buttons-Trim and Finish Parts,truthentrygard.com,https://truthentrygard.com/product/birch-buttons-biltbest-trim-and-finish-parts-12-pack/,"Used on fixed casement or double hung picture windows. Description These wood buttons are used on various windows, to cover screws and hardware. Material: Birch Quantity: 12 per pack **Stain Ready** Description These wood buttons are used on various windows, to cover screws and hardware. Material: Birch Quantity: 12 per pack **Stain Ready** Description These wood buttons are used on various windows, to cover screws and hardware. Material: Birch Quantity: 12 per pack **Stain Ready**",,no,,,each,
CAM SASH LOCK | ENTRYGARD | TRUTH HARDWARE,truthentrygard.com,https://truthentrygard.com/product/cam-sash-lock-entrygard/,"GOT QUESTIONS?! Contact us at info@truthentrygard.com Description Universal Design: Non-handed for easy installation on any window. Enhanced Security: Equipped with ‘pick-resistant’ alignment lugs for superior protection. Color Options: Available in elegant bronze or classic white to match any décor. Upgrade your windows with the reliable and stylish Cam Lock, ensuring both security and aesthetic appeal. Description Universal Design: Non-handed for easy installation on any window. Enhanced Security: Equipped with ‘pick-resistant’ alignment lugs for superior protection. Color Options: Available in elegant bronze or classic white to match any décor. Upgrade your windows with the reliable and stylish Cam Lock, ensuring both security and aesthetic appeal. Description Universal Design: Non-handed for easy installation on any window. Enhanced Security: Equipped with ‘pick-resistant’ alignment lugs for superior protection. Color Options: Available in elegant bronze or classic white to match any décor. Upgrade your windows with the reliable and stylish Cam Lock, ensuring both security and aesthetic appeal.",,no,,,each,
CARADCO CONTOUR HANDLE AND COVER,truthentrygard.com,https://truthentrygard.com/product/caradco-contour-handle-and-cover/,"GOT QUESTIONS?! Contact us at info@truthentrygard.com Description CARADCO Standard Contour Cover and Handle Choose Color option to match your preference. Specify your color choice, or we’ll ship Bronze by default. Not Sold separately. Description CARADCO Standard Contour Cover and Handle Choose Color option to match your preference. Specify your color choice, or we’ll ship Bronze by default. Not Sold separately. Description CARADCO Standard Contour Cover and Handle Choose Color option to match your preference. Specify your color choice, or we’ll ship Bronze by default. Not Sold separately.",,no,,,each,
Casement and Awning Window Styles – Narrow Sash Leaf Seals | Beige Tan | Home Owner Contractor Packs Available,truthentrygard.com,https://truthentrygard.com/product/casement-and-awning-window-styles-narrow-sash-leaf-seals-beige-tan-home-owner-contractor-packs-available/,"For questions or concerns, please contact info@truthentrygard.com Description Introducing our Tan Wide Type Sash Leaf Weather Strip, specially designed for older model wood and clad casement windows, wood awning windows, wood sliders/gliders, and other vintage window types from the 1960s to the 2000s. Key Features: Enhanced Seal: The wide type sash leaf weather strip provides superior sealing against drafts, moisture, and debris, ensuring optimal insulation and protection. Tailored for Older Models: Specifically crafted for older model windows from the 1960s, 1970s, 1980s, 1990s, and 2000s, offering compatibility with a wide range of vintage window styles. Tan Color: Available in a timeless tan color, seamlessly blending with the aesthetic of your older windows. Versatile Application: Suitable for wood and clad casement windows, awning windows, sliders/gliders, and other vintage window types, providing versatile solutions for various window configurations. Durable Construction: Constructed from high-quality materials, ensuring durability and longevity, even in demanding environments. Upgrade your vintage windows with our Tan Wide Type Sash Leaf Weather Strip for enhanced performance, energy efficiency, and durability. Experience superior sealing and protection for your cherished windows. Description Introducing our Tan Wide Type Sash Leaf Weather Strip, specially designed for older model wood and clad casement windows, wood awning windows, wood sliders/gliders, and other vintage window types from the 1960s to the 2000s. Key Features: Enhanced Seal: The wide type sash leaf weather strip provides superior sealing against drafts, moisture, and debris, ensuring optimal insulation and protection. Tailored for Older Models: Specifically crafted for older model windows from the 1960s, 1970s, 1980s, 1990s, and 2000s, offering compatibility with a wide range of vintage window styles. Tan Color: Available in a timeless tan color, seamlessly blending with the aesthetic of your older windows. Versatile Application: Suitable for wood and clad casement windows, awning windows, sliders/gliders, and other vintage window types, providing versatile solutions for various window configurations. Durable Construction: Constructed from high-quality materials, ensuring durability and longevity, even in demanding environments. Upgrade your vintage windows with our Tan Wide Type Sash Leaf Weather Strip for enhanced performance, energy efficiency, and durability. Experience superior sealing and protection for your cherished windows. Description Introducing our Tan Wide Type Sash Leaf Weather Strip, specially designed for older model wood and clad casement windows, wood awning windows, wood sliders/gliders, and other vintage window types from the 1960s to the 2000s. Key Features: Enhanced Seal: The wide type sash leaf weather strip provides superior sealing against drafts, moisture, and debris, ensuring optimal insulation and protection. Tailored for Older Models: Specifically crafted for older model windows from the 1960s, 1970s, 1980s, 1990s, and 2000s, offering compatibility with a wide range of vintage window styles. Tan Color: Available in a timeless tan color, seamlessly blending with the aesthetic of your older windows. Versatile Application: Suitable for wood and clad casement windows, awning windows, sliders/gliders, and other vintage window types, providing versatile solutions for various window configurations. Durable Construction: Constructed from high-quality materials, ensuring durability and longevity, even in demanding environments. Upgrade your vintage windows with our Tan Wide Type Sash Leaf Weather Strip for enhanced performance, energy efficiency, and durability. Experience superior sealing and protection for your cherished windows.",,no,,,each,
Casement Awning Window Parts | Foam Seal Weatherstrip,truthentrygard.com,https://truthentrygard.com/product/casement-awning-window-parts-foam-seal-weatherstrip/,"HAVE QUESTIONS??? CONTACT INFO@TRUTHENTRYGARD.COM Description Introducing our Foam Seal Weather Strip Parts, designed for casement windows, awning windows, and other models, ensuring optimal insulation and weatherproofing for your home. Key Features: High-Quality Material: Crafted from durable foam seal material for reliable performance and longevity. Convenient Packaging: Sold only in two hundred (200′) lineal foot multiples, ensuring you have an ample supply for your project. Special Order Item: Please note that this item is priced “per spool” and is available as a special order, with an average lead time of 1-2 weeks. Model/Style Options: Choose from TOOLP-WHT (White) and TOOLP-Beige to match your window frame color. Please specify beige in the comment section at checkout if desired; otherwise, white will be shipped by default. Easy Installation: Foam seal weather strip comes as shown, making installation a breeze. Please check measurements to ensure compatibility with your windows. Upgrade your window insulation with our Foam Seal Weather Strip Parts, providing superior sealing and energy efficiency. Order now to enhance the comfort and efficiency of your home. Description Introducing our Foam Seal Weather Strip Parts, designed for casement windows, awning windows, and other models, ensuring optimal insulation and weatherproofing for your home. Key Features: High-Quality Material: Crafted from durable foam seal material for reliable performance and longevity. Convenient Packaging: Sold only in two hundred (200′) lineal foot multiples, ensuring you have an ample supply for your project. Special Order Item: Please note that this item is priced “per spool” and is available as a special order, with an average lead time of 1-2 weeks. Model/Style Options: Choose from TOOLP-WHT (White) and TOOLP-Beige to match your window frame color. Please specify beige in the comment section at checkout if desired; otherwise, white will be shipped by default. Easy Installation: Foam seal weather strip comes as shown, making installation a breeze. Please check measurements to ensure compatibility with your windows. Upgrade your window insulation with our Foam Seal Weather Strip Parts, providing superior sealing and energy efficiency. Order now to enhance the comfort and efficiency of your home. Description Introducing our Foam Seal Weather Strip Parts, designed for casement windows, awning windows, and other models, ensuring optimal insulation and weatherproofing for your home. Key Features: High-Quality Material: Crafted from durable foam seal material for reliable performance and longevity. Convenient Packaging: Sold only in two hundred (200′) lineal foot multiples, ensuring you have an ample supply for your project. Special Order Item: Please note that this item is priced “per spool” and is available as a special order, with an average lead time of 1-2 weeks. Model/Style Options: Choose from TOOLP-WHT (White) and TOOLP-Beige to match your window frame color. Please specify beige in the comment section at checkout if desired; otherwise, white will be shipped by default. Easy Installation: Foam seal weather strip comes as shown, making installation a breeze. Please check measurements to ensure compatibility with your windows. Upgrade your window insulation with our Foam Seal Weather Strip Parts, providing superior sealing and energy efficiency. Order now to enhance the comfort and efficiency of your home.",,no,,,each,
"Casement & Awning Window Replacement Parts | Operators, Cranks, Handles | Norco NorClad Jeld-Wen, Pozzi and Others",truthentrygard.com,https://truthentrygard.com/product/casement-awning-window-replacement-parts-operators-cranks-handles-norco-norclad-jeld-wen-pozzi-and-others/,"Description Watch This Short Video .. Follow Instructions: Need Parts ID Help? .. send Pics & Info .. info@TruthEntryGard.com Truth Hardware, EntryGard Patio Door Parts, Screen Door Rollers and Handles, Sliding Patio Door Hardware and Parts, Window Crank Handles and operators, All brands of Window Parts and Hardware for: ACME, AIR-MASTER, ALENCO, ALHOM, ALSCO, ANACONDA, ALUMA TRIM, ALWINSEAL, AMACOR, AMERICAN CRAFTSMAN AMERICAN WINDOW, ANDERSEN, ANDERSON, ARCADIA, ATRIUM, BARBER & ROSS, BAYFORM, BELLHOUSE, BENCHMARK, BF-RICH BETTER-BILT, BILTBEST, BESTBILT, BINNINGS, BUILTBEST, BISHOP, BURCON, CAPITOL, CAPITAL, CARADCO, CHAMPION, COX CERTAINTEED, CHELSEA, COLUMBIA, CRAFTLINE, CRESTLINE, CRESTMARK, CROSSLY, DARYL, DAYTON, DECEUNINCK, DETROIT DEVAC, DORCHESTER, ECKER, EFCO, ENTRYGARD, ENTRYGUARD E-Z-ROLL, FENESTRA, FIBERLUX, FLOATAWAY, FLORIDA, EXTRUDERS FOCUS, POINT, GALLATIN, GAPCO, GENERAL, ALUMINUM, Bronze PALM, BEACH, GEZE, GRAHAM, G-U, HARDWARE, HARVEY, HEHR, HESS HOPPE, HOWARD, HURD, IDA, INTEGRITY, JELD-WEN, JGR, JONES, JORDAN KAWNEER, KELLER, KENSINGTON, KINCO, KING, KINRO, KRESTMARK, L-P LAST RESORT, LAURENCE, LAWSON, LEALCO, LOOK, LOUISIANA, PACIFIC, LOXSCREEN, LUPTON, MALTA, MANNIX, MARVIN, MERCURY, MERZON IND METAL IND, MI HOME PRODUCTS, MIKRON, MILCO, MILESTONE, NORCO MILLER, MILGARD, MOSS, MW, NATIONAL, NORANDEX, NORTHERN, OLDACH PAN AM, PATRIOT, PEACHTREE, PECO, PEERLESS, PELLA, PENNCO, PGT PHILIPS, PHILLIPS, PH, PLYGEM, PORTALUME, POZZI, QUAKER, REHAU RELIANT, REMINGTON, REPCO, REPUBLIC, REYNOLDS, RIVCO, RIVERVIEW ROLLYSON, ROYAL, RUSCO, DAVIS, SEAL-MASTER, SEASONALL, SILVERLINE SLIMFOLD, SLOCOMB, SNE, STANLEY, STATEWIDE ALUMINUM, STEPHEN-LAURIE STORM-WEATHER, SUGAR-CREEK, SWS-IND, THERMALGARD, TRACO, 3-RIVERS and Others from 1960’s, 1970’s, 1980’s, 1990’s, 2000’s and later; All Truth and EntryGard Hardware Products, Patio Door Handles, Rollers and Wheels, Weatherstrip, Door Bottom sweeps, Casement, Awning, Single Hung and Double Hung Window Parts. Description Watch This Short Video .. Follow Instructions: Need Parts ID Help? .. send Pics & Info .. info@TruthEntryGard.com Truth Hardware, EntryGard Patio Door Parts, Screen Door Rollers and Handles, Sliding Patio Door Hardware and Parts, Window Crank Handles and operators, All brands of Window Parts and Hardware for: ACME, AIR-MASTER, ALENCO, ALHOM, ALSCO, ANACONDA, ALUMA TRIM, ALWINSEAL, AMACOR, AMERICAN CRAFTSMAN AMERICAN WINDOW, ANDERSEN, ANDERSON, ARCADIA, ATRIUM, BARBER & ROSS, BAYFORM, BELLHOUSE, BENCHMARK, BF-RICH BETTER-BILT, BILTBEST, BESTBILT, BINNINGS, BUILTBEST, BISHOP, BURCON, CAPITOL, CAPITAL, CARADCO, CHAMPION, COX CERTAINTEED, CHELSEA, COLUMBIA, CRAFTLINE, CRESTLINE, CRESTMARK, CROSSLY, DARYL, DAYTON, DECEUNINCK, DETROIT DEVAC, DORCHESTER, ECKER, EFCO, ENTRYGARD, ENTRYGUARD E-Z-ROLL, FENESTRA, FIBERLUX, FLOATAWAY, FLORIDA, EXTRUDERS FOCUS, POINT, GALLATIN, GAPCO, GENERAL, ALUMINUM, Bronze PALM, BEACH, GEZE, GRAHAM, G-U, HARDWARE, HARVEY, HEHR, HESS HOPPE, HOWARD, HURD, IDA, INTEGRITY, JELD-WEN, JGR, JONES, JORDAN KAWNEER, KELLER, KENSINGTON, KINCO, KING, KINRO, KRESTMARK, L-P LAST RESORT, LAURENCE, LAWSON, LEALCO, LOOK, LOUISIANA, PACIFIC, LOXSCREEN, LUPTON, MALTA, MANNIX, MARVIN, MERCURY, MERZON IND METAL IND, MI HOME PRODUCTS, MIKRON, MILCO, MILESTONE, NORCO MILLER, MILGARD, MOSS, MW, NATIONAL, NORANDEX, NORTHERN, OLDACH PAN AM, PATRIOT, PEACHTREE, PECO, PEERLESS, PELLA, PENNCO, PGT PHILIPS, PHILLIPS, PH, PLYGEM, PORTALUME, POZZI, QUAKER, REHAU RELIANT, REMINGTON, REPCO, REPUBLIC, REYNOLDS, RIVCO, RIVERVIEW ROLLYSON, ROYAL, RUSCO, DAVIS, SEAL-MASTER, SEASONALL, SILVERLINE SLIMFOLD, SLOCOMB, SNE, STANLEY, STATEWIDE ALUMINUM, STEPHEN-LAURIE STORM-WEATHER, SUGAR-CREEK, SWS-IND, THERMALGARD, TRACO, 3-RIVERS and Others from 1960’s, 1970’s, 1980’s, 1990’s, 2000’s and later; All Truth and EntryGard Hardware Products, Patio Door Handles, Rollers and Wheels, Weatherstrip, Door Bottom sweeps, Casement, Awning, Single Hung and Double Hung Window Parts. Description Watch This Short Video .. Follow Instructions: Need Parts ID Help? .. send Pics & Info .. info@TruthEntryGard.com Truth Hardware, EntryGard Patio Door Parts, Screen Door Rollers and Handles, Sliding Patio Door Hardware and Parts, Window Crank Handles and operators, All brands of Window Parts and Hardware for: ACME, AIR-MASTER, ALENCO, ALHOM, ALSCO, ANACONDA, ALUMA TRIM, ALWINSEAL, AMACOR, AMERICAN CRAFTSMAN AMERICAN WINDOW, ANDERSEN, ANDERSON, ARCADIA, ATRIUM, BARBER & ROSS, BAYFORM, BELLHOUSE, BENCHMARK, BF-RICH BETTER-BILT, BILTBEST, BESTBILT, BINNINGS, BUILTBEST, BISHOP, BURCON, CAPITOL, CAPITAL, CARADCO, CHAMPION, COX CERTAINTEED, CHELSEA, COLUMBIA, CRAFTLINE, CRESTLINE, CRESTMARK, CROSSLY, DARYL, DAYTON, DECEUNINCK, DETROIT DEVAC, DORCHESTER, ECKER, EFCO, ENTRYGARD, ENTRYGUARD E-Z-ROLL, FENESTRA, FIBERLUX, FLOATAWAY, FLORIDA, EXTRUDERS FOCUS, POINT, GALLATIN, GAPCO, GENERAL, ALUMINUM, Bronze PALM, BEACH, GEZE, GRAHAM, G-U, HARDWARE, HARVEY, HEHR, HESS HOPPE, HOWARD, HURD, IDA, INTEGRITY, JELD-WEN, JGR, JONES, JORDAN KAWNEER, KELLER, KENSINGTON, KINCO, KING, KINRO, KRESTMARK, L-P LAST RESORT, LAURENCE, LAWSON, LEALCO, LOOK, LOUISIANA, PACIFIC, LOXSCREEN, LUPTON, MALTA, MANNIX, MARVIN, MERCURY, MERZON IND METAL IND, MI HOME PRODUCTS, MIKRON, MILCO, MILESTONE, NORCO MILLER, MILGARD, MOSS, MW, NATIONAL, NORANDEX, NORTHERN, OLDACH PAN AM, PATRIOT, PEACHTREE, PECO, PEERLESS, PELLA, PENNCO, PGT PHILIPS, PHILLIPS, PH, PLYGEM, PORTALUME, POZZI, QUAKER, REHAU RELIANT, REMINGTON, REPCO, REPUBLIC, REYNOLDS, RIVCO, RIVERVIEW ROLLYSON, ROYAL, RUSCO, DAVIS, SEAL-MASTER, SEASONALL, SILVERLINE SLIMFOLD, SLOCOMB, SNE, STANLEY, STATEWIDE ALUMINUM, STEPHEN-LAURIE STORM-WEATHER, SUGAR-CREEK, SWS-IND, THERMALGARD, TRACO, 3-RIVERS and Others from 1960’s, 1970’s, 1980’s, 1990’s, 2000’s and later; All Truth and EntryGard Hardware Products, Patio Door Handles, Rollers and Wheels, Weatherstrip, Door Bottom sweeps, Casement, Awning, Single Hung and Double Hung Window Parts.",,no,,,each,
Casement E-Clad Sash Clear Insulated Glass,truthentrygard.com,https://truthentrygard.com/product/casement-e-clad-sash-clear-insulated-glass/,"**For questions or concerns, please contact info@truthentrygard.com Description Upgrade your windows with our Replacement Casement E Clad Sash, featuring standard glass. Click here for measuring instructions. Please allow 20 days for production, as these sashes are crafted with precision mitered joints. Clad on the exterior side and raw on the interior side, they offer durability and versatility. Opt for low e glass for enhanced energy efficiency. Choose from grilles sealed in the insulating glass or three sizes of SDL grilles permanently applied to the interior and exterior of the glass. Contact us for grille pricing if needed for your window. CLICK HERE for measuring instructions. Description Upgrade your windows with our Replacement Casement E Clad Sash, featuring standard glass. Click here for measuring instructions. Please allow 20 days for production, as these sashes are crafted with precision mitered joints. Clad on the exterior side and raw on the interior side, they offer durability and versatility. Opt for low e glass for enhanced energy efficiency. Choose from grilles sealed in the insulating glass or three sizes of SDL grilles permanently applied to the interior and exterior of the glass. Contact us for grille pricing if needed for your window. CLICK HERE for measuring instructions. Description Upgrade your windows with our Replacement Casement E Clad Sash, featuring standard glass. Click here for measuring instructions. Please allow 20 days for production, as these sashes are crafted with precision mitered joints. Clad on the exterior side and raw on the interior side, they offer durability and versatility. Opt for low e glass for enhanced energy efficiency. Choose from grilles sealed in the insulating glass or three sizes of SDL grilles permanently applied to the interior and exterior of the glass. Contact us for grille pricing if needed for your window. CLICK HERE for measuring instructions.",,no,,,each,
Casement Operator Cover with Folding Handle,truthentrygard.com,https://truthentrygard.com/product/casement-operator-cover-with-folding-handle/,"**For questions or concerns, please contact info@truthentrygard.com Description Introducing the BiltBest Window Parts Casement Operator Cover and Folding Handle, meticulously crafted to enhance the functionality and aesthetics of your casement windows. Our OEM-style cover comes with a convenient folding handle, offering ease of operation and a sleek appearance. Available in three stylish colors, you can specify the perfect match for your window decor. Simply indicate your preferred color and handing – whether right-hand (RH) or left-hand (LH) – to ensure a seamless fit and operation. Upgrade your casement windows with confidence, knowing that you’re investing in quality craftsmanship and reliable functionality. Experience the convenience and elegance of our Casement Operator Cover and Folding Handle, designed to elevate your window experience. Description Introducing the BiltBest Window Parts Casement Operator Cover and Folding Handle, meticulously crafted to enhance the functionality and aesthetics of your casement windows. Our OEM-style cover comes with a convenient folding handle, offering ease of operation and a sleek appearance. Available in three stylish colors, you can specify the perfect match for your window decor. Simply indicate your preferred color and handing – whether right-hand (RH) or left-hand (LH) – to ensure a seamless fit and operation. Upgrade your casement windows with confidence, knowing that you’re investing in quality craftsmanship and reliable functionality. Experience the convenience and elegance of our Casement Operator Cover and Folding Handle, designed to elevate your window experience. Description Introducing the BiltBest Window Parts Casement Operator Cover and Folding Handle, meticulously crafted to enhance the functionality and aesthetics of your casement windows. Our OEM-style cover comes with a convenient folding handle, offering ease of operation and a sleek appearance. Available in three stylish colors, you can specify the perfect match for your window decor. Simply indicate your preferred color and handing – whether right-hand (RH) or left-hand (LH) – to ensure a seamless fit and operation. Upgrade your casement windows with confidence, knowing that you’re investing in quality craftsmanship and reliable functionality. Experience the convenience and elegance of our Casement Operator Cover and Folding Handle, designed to elevate your window experience.",,no,,,each,
Casement Operator Stud Bracket,truthentrygard.com,https://truthentrygard.com/product/casement-operator-stud-bracket-3/,"**For questions or concerns, please contact info@truthentrygard.com Description With our range of casement operator stud brackets, you can rest assured that your windows will operate smoothly and securely, enhancing both functionality and peace of mind. Choose the correct handedness for your casement operators and elevate the performance of your windows with confidence. For left-handed configurations, opt for the Left-Handed Casement Operator Stud Bracket, while the Right-Handed option is ideal for right-handed setups. This ensures seamless operation and optimal performance, tailored to the specific requirements of your window system. Description With our range of casement operator stud brackets, you can rest assured that your windows will operate smoothly and securely, enhancing both functionality and peace of mind. Choose the correct handedness for your casement operators and elevate the performance of your windows with confidence. For left-handed configurations, opt for the Left-Handed Casement Operator Stud Bracket, while the Right-Handed option is ideal for right-handed setups. This ensures seamless operation and optimal performance, tailored to the specific requirements of your window system. Description With our range of casement operator stud brackets, you can rest assured that your windows will operate smoothly and securely, enhancing both functionality and peace of mind. Choose the correct handedness for your casement operators and elevate the performance of your windows with confidence. For left-handed configurations, opt for the Left-Handed Casement Operator Stud Bracket, while the Right-Handed option is ideal for right-handed setups. This ensures seamless operation and optimal performance, tailored to the specific requirements of your window system.",,no,,,each,
Casement Operator Stud Bracket Biltbest,truthentrygard.com,https://truthentrygard.com/product/casement-operator-stud-bracket-biltbest/,Please Specify Left or Right Handed Casement Operator Stud Bracket . Description Please Specify Left or Right Handed Casement Operator Stud Bracket. Description Please Specify Left or Right Handed Casement Operator Stud Bracket. Description Please Specify Left or Right Handed Casement Operator Stud Bracket.,,no,,,each,
Casement Operator Track,truthentrygard.com,https://truthentrygard.com/product/casement-operator-track/,"For questions, or concerns, please contact info@truthentrygard.com Description Use Casement Operator Track with #bbrp-00016. Description Use Casement Operator Track with #bbrp-00016. Description Use Casement Operator Track with #bbrp-00016.",,no,,,each,
Casement Sill Cover,truthentrygard.com,https://truthentrygard.com/product/casement-sill-cover/,"For questions or concerns, please contact info@truthentrygard.com Description Revive the charm of your old wood windows, wood/clad windows, and patio doors with our refurbishment, rebuilding, repair, fixing, and upgrading services. We specialize in using original milled style parts crafted to OEM specifications, all proudly manufactured by WeFixItUSA of Colorado. Our Casement Sash Window Frame Parts are custom milled to your precise specifications and sold by the lineal foot. Utilizing premium-grade materials such as “A” grade pine, fir, or other top-grade stock, we ensure durability and authenticity in every component. Each part is meticulously crafted in the USA, right in Colorado Springs, and shipped nationwide to serve customers like you. Our sash frame blanks serve as the foundation for restoring your windows, providing the essential components without finished ends. Trust in our expertise and craftsmanship to breathe new life into your cherished windows and doors, preserving their beauty and functionality for years to come. Description Revive the charm of your old wood windows, wood/clad windows, and patio doors with our refurbishment, rebuilding, repair, fixing, and upgrading services. We specialize in using original milled style parts crafted to OEM specifications, all proudly manufactured by WeFixItUSA of Colorado. Our Casement Sash Window Frame Parts are custom milled to your precise specifications and sold by the lineal foot. Utilizing premium-grade materials such as “A” grade pine, fir, or other top-grade stock, we ensure durability and authenticity in every component. Each part is meticulously crafted in the USA, right in Colorado Springs, and shipped nationwide to serve customers like you. Our sash frame blanks serve as the foundation for restoring your windows, providing the essential components without finished ends. Trust in our expertise and craftsmanship to breathe new life into your cherished windows and doors, preserving their beauty and functionality for years to come. Description Revive the charm of your old wood windows, wood/clad windows, and patio doors with our refurbishment, rebuilding, repair, fixing, and upgrading services. We specialize in using original milled style parts crafted to OEM specifications, all proudly manufactured by WeFixItUSA of Colorado. Our Casement Sash Window Frame Parts are custom milled to your precise specifications and sold by the lineal foot. Utilizing premium-grade materials such as “A” grade pine, fir, or other top-grade stock, we ensure durability and authenticity in every component. Each part is meticulously crafted in the USA, right in Colorado Springs, and shipped nationwide to serve customers like you. Our sash frame blanks serve as the foundation for restoring your windows, providing the essential components without finished ends. Trust in our expertise and craftsmanship to breathe new life into your cherished windows and doors, preserving their beauty and functionality for years to come.",,no,,,each,
Casement Window Complete Weather Strip Seal Kit #1672,truthentrygard.com,https://truthentrygard.com/product/casement-window-complete-weather-strip-seal-kit-1672/,"For questions or concerns, please contact info@truthentrygard.com Description Upgrade your casement windows with our Standard Weatherstrip Seal Package, designed to provide comprehensive sealing and insulation. Each kit is tailored for one casement window and includes: Head/Sill Horizontal double leg bulb seals Vertical Offset L Bubble Sash leaf for the casement sash frame Key Features: Complete Sealing: Seal your casement window thoroughly with our kit, covering the head, sill, vertical edges, and sash frame. Compatibility: Fits most casement window models from the 1970s, 1980s, 1990s, and 2000s, with dimensions up to 16″W x 72″H. Ease of Use: Each kit is designed for easy installation, ensuring a hassle-free upgrade for your windows. Enhanced Efficiency: Reduce drafts and improve energy efficiency in your home with our weatherstrip seal package Description Upgrade your casement windows with our Standard Weatherstrip Seal Package, designed to provide comprehensive sealing and insulation. Each kit is tailored for one casement window and includes: Head/Sill Horizontal double leg bulb seals Vertical Offset L Bubble Sash leaf for the casement sash frame Key Features: Complete Sealing: Seal your casement window thoroughly with our kit, covering the head, sill, vertical edges, and sash frame. Compatibility: Fits most casement window models from the 1970s, 1980s, 1990s, and 2000s, with dimensions up to 16″W x 72″H. Ease of Use: Each kit is designed for easy installation, ensuring a hassle-free upgrade for your windows. Enhanced Efficiency: Reduce drafts and improve energy efficiency in your home with our weatherstrip seal package Description Upgrade your casement windows with our Standard Weatherstrip Seal Package, designed to provide comprehensive sealing and insulation. Each kit is tailored for one casement window and includes: Head/Sill Horizontal double leg bulb seals Vertical Offset L Bubble Sash leaf for the casement sash frame Key Features: Complete Sealing: Seal your casement window thoroughly with our kit, covering the head, sill, vertical edges, and sash frame. Compatibility: Fits most casement window models from the 1970s, 1980s, 1990s, and 2000s, with dimensions up to 16″W x 72″H. Ease of Use: Each kit is designed for easy installation, ensuring a hassle-free upgrade for your windows. Enhanced Efficiency: Reduce drafts and improve energy efficiency in your home with our weatherstrip seal package",,no,,,each,
Casement Window Crank Operator | Old Style Part,truthentrygard.com,https://truthentrygard.com/product/casement-window-crank-operator-old-style-part/,"For questions or concerns, please contact info@truthentrygard.com Description Upgrade your casement windows effortlessly with our Old Style Casement Operator Replacement Parts #TEG-RFPI. Specifically designed to replace outdated models from the 1970s, 80s, 90s, and 2000s, this OEM replacement model breathes new life into your windows. Installing seamlessly under the wood sill stop cover, our replacement parts offer a seamless transition without the need for extensive modifications. Simply consult the provided pictures and schematic for easy installation guidance. Customize your replacement with available “B” arm lengths to ensure a perfect fit for your window configuration. Say goodbye to outdated functionality and embrace modern efficiency with our Old Style Casement Operator Replacement Parts #TEG-RFPI. Description Upgrade your casement windows effortlessly with our Old Style Casement Operator Replacement Parts #TEG-RFPI. Specifically designed to replace outdated models from the 1970s, 80s, 90s, and 2000s, this OEM replacement model breathes new life into your windows. Installing seamlessly under the wood sill stop cover, our replacement parts offer a seamless transition without the need for extensive modifications. Simply consult the provided pictures and schematic for easy installation guidance. Customize your replacement with available “B” arm lengths to ensure a perfect fit for your window configuration. Say goodbye to outdated functionality and embrace modern efficiency with our Old Style Casement Operator Replacement Parts #TEG-RFPI. Description Upgrade your casement windows effortlessly with our Old Style Casement Operator Replacement Parts #TEG-RFPI. Specifically designed to replace outdated models from the 1970s, 80s, 90s, and 2000s, this OEM replacement model breathes new life into your windows. Installing seamlessly under the wood sill stop cover, our replacement parts offer a seamless transition without the need for extensive modifications. Simply consult the provided pictures and schematic for easy installation guidance. Customize your replacement with available “B” arm lengths to ensure a perfect fit for your window configuration. Say goodbye to outdated functionality and embrace modern efficiency with our Old Style Casement Operator Replacement Parts #TEG-RFPI.",,no,,,each,
Casement Window Hardware – Hinge Arm Track (PR),truthentrygard.com,https://truthentrygard.com/product/casement-window-hardware-hinge-arm-track-pr/,"**For questions or concerns, please contact info@truthentrygard.com Description Casement Hinge Arm Track Assembly, an OEM Biltbest Window Replacement Hardware Part designed to enhance the functionality and longevity of your casement windows. Each purchase includes a pair of hinge arm tracks, providing comprehensive support for single-arm operator windows. Model #RF-12 is meticulously crafted to ensure seamless compatibility and effortless installation, making it ideal for casement hinge arm track assembly replacements. Built with durability in mind, this assembly is engineered to withstand everyday use while maintaining optimal performance. For other Truth® – Miscellaneous BiltBest Window Hardware needs, explore our comprehensive range of replacement parts and accessories. From hinges to handles, we offer solutions to meet all your window hardware requirements. Upgrade your casement windows with confidence, knowing that you’re investing in quality craftsmanship and reliable functionality with our Casement Hinge Arm Track Assembly. Experience smoother operation and extended durability for your windows today. Description Casement Hinge Arm Track Assembly, an OEM Biltbest Window Replacement Hardware Part designed to enhance the functionality and longevity of your casement windows. Each purchase includes a pair of hinge arm tracks, providing comprehensive support for single-arm operator windows. Model #RF-12 is meticulously crafted to ensure seamless compatibility and effortless installation, making it ideal for casement hinge arm track assembly replacements. Built with durability in mind, this assembly is engineered to withstand everyday use while maintaining optimal performance. For other Truth® – Miscellaneous BiltBest Window Hardware needs, explore our comprehensive range of replacement parts and accessories. From hinges to handles, we offer solutions to meet all your window hardware requirements. Upgrade your casement windows with confidence, knowing that you’re investing in quality craftsmanship and reliable functionality with our Casement Hinge Arm Track Assembly. Experience smoother operation and extended durability for your windows today. Description Casement Hinge Arm Track Assembly, an OEM Biltbest Window Replacement Hardware Part designed to enhance the functionality and longevity of your casement windows. Each purchase includes a pair of hinge arm tracks, providing comprehensive support for single-arm operator windows. Model #RF-12 is meticulously crafted to ensure seamless compatibility and effortless installation, making it ideal for casement hinge arm track assembly replacements. Built with durability in mind, this assembly is engineered to withstand everyday use while maintaining optimal performance. For other Truth® – Miscellaneous BiltBest Window Hardware needs, explore our comprehensive range of replacement parts and accessories. From hinges to handles, we offer solutions to meet all your window hardware requirements. Upgrade your casement windows with confidence, knowing that you’re investing in quality craftsmanship and reliable functionality with our Casement Hinge Arm Track Assembly. Experience smoother operation and extended durability for your windows today.",,no,,,each,
Casement Window Keeper Latch Part,truthentrygard.com,https://truthentrygard.com/product/casement-window-keeper-latch-part/,"**For questions or concerns, please contact info@truthentrygard.com Description Upgrade your casement window’s security and functionality with our Replacement Casement Keeper, compatible with OEM Casement Locks. Crafted in the OEM style, these keepers are designed to fit seamlessly with virtually any window design ever built by BiltBest Window Hardware. Ensure a snug and secure closure for your casement windows with these high-quality keepers. Whether you’re replacing worn-out parts or enhancing the security of your windows, our OEM-style keepers are the perfect solution. Enjoy peace of mind knowing your windows are equipped with reliable hardware designed for long-lasting performance. Description Upgrade your casement window’s security and functionality with our Replacement Casement Keeper, compatible with OEM Casement Locks. Crafted in the OEM style, these keepers are designed to fit seamlessly with virtually any window design ever built by BiltBest Window Hardware. Ensure a snug and secure closure for your casement windows with these high-quality keepers. Whether you’re replacing worn-out parts or enhancing the security of your windows, our OEM-style keepers are the perfect solution. Enjoy peace of mind knowing your windows are equipped with reliable hardware designed for long-lasting performance. Description Upgrade your casement window’s security and functionality with our Replacement Casement Keeper, compatible with OEM Casement Locks. Crafted in the OEM style, these keepers are designed to fit seamlessly with virtually any window design ever built by BiltBest Window Hardware. Ensure a snug and secure closure for your casement windows with these high-quality keepers. Whether you’re replacing worn-out parts or enhancing the security of your windows, our OEM-style keepers are the perfect solution. Enjoy peace of mind knowing your windows are equipped with reliable hardware designed for long-lasting performance.",,no,,,each,
Casement Window – Lock Handle and Escutcheon,truthentrygard.com,https://truthentrygard.com/product/casement-window-lock-handle-and-escutcheon-2/,"**For questions or concerns, please contact info@truthentrygard.com Description Discover the perfect finishing touch for your casement windows with the Window Parts Casement Lock Handle and Escutcheon. Crafted to OEM standards, this set includes both the lock handle and escutcheon, ensuring seamless functionality and a polished appearance. Available in two elegant colors, white or goldtone, you can specify the perfect match for your window aesthetic. Whether you prefer the timeless simplicity of white or the luxurious allure of goldtone, our casement lock handle and escutcheon set will complement your decor with style and sophistication. Identified as Top, Casement Parts, Lock Handle & Escutcheon #TRRF-03, this set is designed for easy installation and reliable operation, providing both convenience and security for your windows. Description Discover the perfect finishing touch for your casement windows with the Window Parts Casement Lock Handle and Escutcheon. Crafted to OEM standards, this set includes both the lock handle and escutcheon, ensuring seamless functionality and a polished appearance. Available in two elegant colors, white or goldtone, you can specify the perfect match for your window aesthetic. Whether you prefer the timeless simplicity of white or the luxurious allure of goldtone, our casement lock handle and escutcheon set will complement your decor with style and sophistication. Identified as Top, Casement Parts, Lock Handle & Escutcheon #TRRF-03, this set is designed for easy installation and reliable operation, providing both convenience and security for your windows. Description Discover the perfect finishing touch for your casement windows with the Window Parts Casement Lock Handle and Escutcheon. Crafted to OEM standards, this set includes both the lock handle and escutcheon, ensuring seamless functionality and a polished appearance. Available in two elegant colors, white or goldtone, you can specify the perfect match for your window aesthetic. Whether you prefer the timeless simplicity of white or the luxurious allure of goldtone, our casement lock handle and escutcheon set will complement your decor with style and sophistication. Identified as Top, Casement Parts, Lock Handle & Escutcheon #TRRF-03, this set is designed for easy installation and reliable operation, providing both convenience and security for your windows.",,no,,,each,
Casement Window Lock Handle and Escutcheon,truthentrygard.com,https://truthentrygard.com/product/casement-window-lock-handle-and-escutcheon/,"**For questions or concerns, please contact info@truthentrygard.com Description Window Parts Casement Lock Handle and Escutcheon, a premium solution for enhancing both the security and aesthetics of your windows. Available in a choice of two elegant colors, White or Gold, this set ensures a perfect match for your interior decor. Identified as Top, Casement Parts, Lock Handle & Escutcheon #RF-03, our lock handle and escutcheon set is crafted with precision and durability in mind. Each component is designed to seamlessly integrate into your casement windows, providing a reliable and stylish locking mechanism. Whether you prefer the timeless simplicity of White or the luxurious allure of Gold, our casement lock handle and escutcheon set offers both functionality and visual appeal. Upgrade your windows with confidence, knowing that you’re investing in quality craftsmanship and style. Description Window Parts Casement Lock Handle and Escutcheon, a premium solution for enhancing both the security and aesthetics of your windows. Available in a choice of two elegant colors, White or Gold, this set ensures a perfect match for your interior decor. Identified as Top, Casement Parts, Lock Handle & Escutcheon #RF-03, our lock handle and escutcheon set is crafted with precision and durability in mind. Each component is designed to seamlessly integrate into your casement windows, providing a reliable and stylish locking mechanism. Whether you prefer the timeless simplicity of White or the luxurious allure of Gold, our casement lock handle and escutcheon set offers both functionality and visual appeal. Upgrade your windows with confidence, knowing that you’re investing in quality craftsmanship and style. Description Window Parts Casement Lock Handle and Escutcheon, a premium solution for enhancing both the security and aesthetics of your windows. Available in a choice of two elegant colors, White or Gold, this set ensures a perfect match for your interior decor. Identified as Top, Casement Parts, Lock Handle & Escutcheon #RF-03, our lock handle and escutcheon set is crafted with precision and durability in mind. Each component is designed to seamlessly integrate into your casement windows, providing a reliable and stylish locking mechanism. Whether you prefer the timeless simplicity of White or the luxurious allure of Gold, our casement lock handle and escutcheon set offers both functionality and visual appeal. Upgrade your windows with confidence, knowing that you’re investing in quality craftsmanship and style.",,no,,,each,
Casement Window Operators – Ellipse Styles | All Colors All Finishes | All Lengths 7.5″ 9.5″ and 13.5″ Arm,truthentrygard.com,https://truthentrygard.com/product/casement-window-operators-ellipse-styles-all-colors-all-finishes-all-lengths-7-5-9-5-and-13-5-arm/,"For questions or concerns, please contact info@truthentrygard.com Description Explore the latest innovations in window hardware with Truth® Manufacturing Company’s Ellipse Style Casement Operators. While older styles may have been discontinued, our modernized Ellipse operators offer the same reliable functionality with a fresh, updated look. Designed for seamless replacement, the Ellipse operators feature a mounting hole configuration that matches perfectly with older models, eliminating the need for re-drilling or additional modifications. Constructed with a diecast zinc alloy body and a hardened steel arm and gear, our operators ensure durability and smooth operation for years to come. In addition to the Ellipse operators, we also offer replacement casement tracks in Bronze, White, and Gold finishes, catering to your specific style preferences. Choose from different arm lengths—13-1/2″, 9-1/2″, and 7-1/2″—and finishes to customize your window hardware to suit your needs. For assistance in identifying parts or selecting the right components for your windows, reach out to our dedicated team at Info@TruthEntryGard.com . We’re here to provide expert guidance and support throughout your replacement process. Description Explore the latest innovations in window hardware with Truth® Manufacturing Company’s Ellipse Style Casement Operators. While older styles may have been discontinued, our modernized Ellipse operators offer the same reliable functionality with a fresh, updated look. Designed for seamless replacement, the Ellipse operators feature a mounting hole configuration that matches perfectly with older models, eliminating the need for re-drilling or additional modifications. Constructed with a diecast zinc alloy body and a hardened steel arm and gear, our operators ensure durability and smooth operation for years to come. In addition to the Ellipse operators, we also offer replacement casement tracks in Bronze, White, and Gold finishes, catering to your specific style preferences. Choose from different arm lengths—13-1/2″, 9-1/2″, and 7-1/2″—and finishes to customize your window hardware to suit your needs. For assistance in identifying parts or selecting the right components for your windows, reach out to our dedicated team at Info@TruthEntryGard.com . We’re here to provide expert guidance and support throughout your replacement process. Description Explore the latest innovations in window hardware with Truth® Manufacturing Company’s Ellipse Style Casement Operators. While older styles may have been discontinued, our modernized Ellipse operators offer the same reliable functionality with a fresh, updated look. Designed for seamless replacement, the Ellipse operators feature a mounting hole configuration that matches perfectly with older models, eliminating the need for re-drilling or additional modifications. Constructed with a diecast zinc alloy body and a hardened steel arm and gear, our operators ensure durability and smooth operation for years to come. In addition to the Ellipse operators, we also offer replacement casement tracks in Bronze, White, and Gold finishes, catering to your specific style preferences. Choose from different arm lengths—13-1/2″, 9-1/2″, and 7-1/2″—and finishes to customize your window hardware to suit your needs. For assistance in identifying parts or selecting the right components for your windows, reach out to our dedicated team at Info@TruthEntryGard.com . We’re here to provide expert guidance and support throughout your replacement process.",,no,,,each,
"Casement Window Part, Hinge Arms",truthentrygard.com,https://truthentrygard.com/product/casement-window-part-hinge-arms/,"**For questions or concerns, please contact info@truthentrygard.com Description Crafted to perfection, these hinge arms effortlessly restore the functionality and aesthetic appeal of your windows. Each package includes a pair of top and bottom hinge arms, ensuring comprehensive replacement. Designed to fit seamlessly into your window system, these hinge arms are non-handed, simplifying installation. Engineered with precision, our Replacement Casement Hinge Arms are compatible with OEM Bilt-Best Casement Hinge Arms #RO-99, as well as Truth® Window Hardware, guaranteeing reliable performance and compatibility. Trust in our quality craftsmanship to breathe new life into your windows, providing durability and smooth operation for years to come. Elevate your windows with the perfect replacement solution. Description Crafted to perfection, these hinge arms effortlessly restore the functionality and aesthetic appeal of your windows. Each package includes a pair of top and bottom hinge arms, ensuring comprehensive replacement. Designed to fit seamlessly into your window system, these hinge arms are non-handed, simplifying installation. Engineered with precision, our Replacement Casement Hinge Arms are compatible with OEM Bilt-Best Casement Hinge Arms #RO-99, as well as Truth® Window Hardware, guaranteeing reliable performance and compatibility. Trust in our quality craftsmanship to breathe new life into your windows, providing durability and smooth operation for years to come. Elevate your windows with the perfect replacement solution. Description Crafted to perfection, these hinge arms effortlessly restore the functionality and aesthetic appeal of your windows. Each package includes a pair of top and bottom hinge arms, ensuring comprehensive replacement. Designed to fit seamlessly into your window system, these hinge arms are non-handed, simplifying installation. Engineered with precision, our Replacement Casement Hinge Arms are compatible with OEM Bilt-Best Casement Hinge Arms #RO-99, as well as Truth® Window Hardware, guaranteeing reliable performance and compatibility. Trust in our quality craftsmanship to breathe new life into your windows, providing durability and smooth operation for years to come. Elevate your windows with the perfect replacement solution.",,no,,,each,
"Casement Window Part, Slide Hinge Arms RF-01",truthentrygard.com,https://truthentrygard.com/product/casement-window-part-slide-hinge-arms-rf-01/,"**For questions or concerns, please contact info@truthentrygard.com Description Window Part – Casement Hinge Arm (Pair), crafted to perfection for your casement window needs. These replacement hinge arms, available in pairs, ensure smooth operation and durability for your windows. Designed for compatibility with Truth® and BiltBest Window Hardware, our Hinge Arm Assembly (RF-01) and Hinge Arms (RF-02) offer reliable performance tailored to your window model. Note that while the RF-01 and RF-02 are nearly identical, the RF-01 features a retainer clip on the arm’s end, facilitating attachment to the hinge track. Ideal for newer window models equipped with a 10″ track, these hinges seamlessly slide into place, guaranteeing hassle-free installation and operation. Should you be unsure whether you need the RF-01 or RF-02, opting for the RF-01 provides versatility, as its retainer clip can be easily removed, rendering it identical to the RF-02 model. Upgrade your casement windows with confidence, knowing that our Casement Hinge Arms deliver unmatched quality and functionality. Choose reliability and performance for your windows with our premium hinge arm solutions. Description Window Part – Casement Hinge Arm (Pair), crafted to perfection for your casement window needs. These replacement hinge arms, available in pairs, ensure smooth operation and durability for your windows. Designed for compatibility with Truth® and BiltBest Window Hardware, our Hinge Arm Assembly (RF-01) and Hinge Arms (RF-02) offer reliable performance tailored to your window model. Note that while the RF-01 and RF-02 are nearly identical, the RF-01 features a retainer clip on the arm’s end, facilitating attachment to the hinge track. Ideal for newer window models equipped with a 10″ track, these hinges seamlessly slide into place, guaranteeing hassle-free installation and operation. Should you be unsure whether you need the RF-01 or RF-02, opting for the RF-01 provides versatility, as its retainer clip can be easily removed, rendering it identical to the RF-02 model. Upgrade your casement windows with confidence, knowing that our Casement Hinge Arms deliver unmatched quality and functionality. Choose reliability and performance for your windows with our premium hinge arm solutions. Description Window Part – Casement Hinge Arm (Pair), crafted to perfection for your casement window needs. These replacement hinge arms, available in pairs, ensure smooth operation and durability for your windows. Designed for compatibility with Truth® and BiltBest Window Hardware, our Hinge Arm Assembly (RF-01) and Hinge Arms (RF-02) offer reliable performance tailored to your window model. Note that while the RF-01 and RF-02 are nearly identical, the RF-01 features a retainer clip on the arm’s end, facilitating attachment to the hinge track. Ideal for newer window models equipped with a 10″ track, these hinges seamlessly slide into place, guaranteeing hassle-free installation and operation. Should you be unsure whether you need the RF-01 or RF-02, opting for the RF-01 provides versatility, as its retainer clip can be easily removed, rendering it identical to the RF-02 model. Upgrade your casement windows with confidence, knowing that our Casement Hinge Arms deliver unmatched quality and functionality. Choose reliability and performance for your windows with our premium hinge arm solutions.",,no,,,each,
Casement Window Parts – Hinge Arms ( RF-02 ),truthentrygard.com,https://truthentrygard.com/product/casement-window-parts-hinge-arms-rf-02/,"For questions or concerns, please contact info@truthentrygard.com Description Enhance the functionality of your casement windows with our Casement Hinge Arms, available per pair. These replacement parts are not only compatible with casement windows but also with various other models, offering versatile solutions for your needs. Designed as top and bottom hinge arms, each pair is non-handed for simplified installation. Our Model #RF-02 hinges provide reliable performance and durability for your windows. **Please note the slight difference between our #RF-01 and #RF-02 models: while both are identical, the RF-01 features a retainer clip on the arm’s end that attaches to the hinge track. This clip is essential for newer models with a 10″ track. However, if unsure, opt for the RF-01 as the retainer clip can be removed, making it identical to the RF-02 model. Description Enhance the functionality of your casement windows with our Casement Hinge Arms, available per pair. These replacement parts are not only compatible with casement windows but also with various other models, offering versatile solutions for your needs. Designed as top and bottom hinge arms, each pair is non-handed for simplified installation. Our Model #RF-02 hinges provide reliable performance and durability for your windows. **Please note the slight difference between our #RF-01 and #RF-02 models: while both are identical, the RF-01 features a retainer clip on the arm’s end that attaches to the hinge track. This clip is essential for newer models with a 10″ track. However, if unsure, opt for the RF-01 as the retainer clip can be removed, making it identical to the RF-02 model. Description Enhance the functionality of your casement windows with our Casement Hinge Arms, available per pair. These replacement parts are not only compatible with casement windows but also with various other models, offering versatile solutions for your needs. Designed as top and bottom hinge arms, each pair is non-handed for simplified installation. Our Model #RF-02 hinges provide reliable performance and durability for your windows. **Please note the slight difference between our #RF-01 and #RF-02 models: while both are identical, the RF-01 features a retainer clip on the arm’s end that attaches to the hinge track. This clip is essential for newer models with a 10″ track. However, if unsure, opt for the RF-01 as the retainer clip can be removed, making it identical to the RF-02 model.",,no,,,each,
Casement Window Parts | Old Roto Crank Handle and Cover,truthentrygard.com,https://truthentrygard.com/product/casement-window-parts-old-roto-crank-handle-and-cover/,"For questions or concerns, please contact info@truthentrygard.com Description Upgrade your old casement-style windows with our Crank Handle and Cover Set. Available in White, Gold, or Dark Bronze, it provides smooth operation and a fresh look. Custom colors available by special order. Description Upgrade your old casement-style windows with our Crank Handle and Cover Set. Available in White, Gold, or Dark Bronze, it provides smooth operation and a fresh look. Custom colors available by special order. Description Upgrade your old casement-style windows with our Crank Handle and Cover Set. Available in White, Gold, or Dark Bronze, it provides smooth operation and a fresh look. Custom colors available by special order.",,no,,,each,
Sash Lock Latch Set | Casement Window Parts,truthentrygard.com,https://truthentrygard.com/product/casement-window-parts-sash-lock-latch-set/,"**For questions or concerns, please contact info@truthentrygard.com Description Introducing our specialized replacement parts tailored for your old Entry-Gard Casement Window Models. Say goodbye to frustrations with malfunctioning locks and latches, and welcome seamless operation with our premium Sash Casement Locks/Latches. Available in three standard colors—White, Dark Bronze, and White—you can effortlessly match them to your existing window frames for a cohesive look. Whether you’re refreshing the appearance of your windows or simply in need of reliable replacements, our Sash Casement Locks/Latches are here to deliver. Crafted with durability and precision in mind, these replacement parts ensure secure closure and peace of mind for years to come. Say hello to effortless operation and enhanced security with our trusted replacement parts for your Entry-Gard Casement Windows. Description Introducing our specialized replacement parts tailored for your old Entry-Gard Casement Window Models. Say goodbye to frustrations with malfunctioning locks and latches, and welcome seamless operation with our premium Sash Casement Locks/Latches. Available in three standard colors—White, Dark Bronze, and White—you can effortlessly match them to your existing window frames for a cohesive look. Whether you’re refreshing the appearance of your windows or simply in need of reliable replacements, our Sash Casement Locks/Latches are here to deliver. Crafted with durability and precision in mind, these replacement parts ensure secure closure and peace of mind for years to come. Say hello to effortless operation and enhanced security with our trusted replacement parts for your Entry-Gard Casement Windows. Description Introducing our specialized replacement parts tailored for your old Entry-Gard Casement Window Models. Say goodbye to frustrations with malfunctioning locks and latches, and welcome seamless operation with our premium Sash Casement Locks/Latches. Available in three standard colors—White, Dark Bronze, and White—you can effortlessly match them to your existing window frames for a cohesive look. Whether you’re refreshing the appearance of your windows or simply in need of reliable replacements, our Sash Casement Locks/Latches are here to deliver. Crafted with durability and precision in mind, these replacement parts ensure secure closure and peace of mind for years to come. Say hello to effortless operation and enhanced security with our trusted replacement parts for your Entry-Gard Casement Windows.",,no,,,each,
Casement Window Roto Crank Gear Operator for 16 1/2″ to 26 1/2″ W and Larger Assemblies,truthentrygard.com,https://truthentrygard.com/product/casement-window-roto-crank-gear-operator-for-16-1-2-to-26-1-2-w-and-larger-assemblies/,"For questions or concerns, please contact info@truthentrygard.com Description Choose the perfect EntryGard Awning Window Hardware Parts with our convenient drop-down menus. Select the Daylight Opening Width that matches your window size: [18 1/2″ to under 22 1/2″ | 22 1/2″ to under 26 1/2″ | 26 1/2″ and larger]. Each package includes a Single Pull Operator and screws for easy installation. Ensure smooth operation and reliable control of your casement sash with the right hardware. Our awning window operator offers positive control in all positions, commonly used between 1981 and 1993. It features a simple detach feature for quick window removal and concealed mounting screw holes set at 4-1/4, 3-1/2, and two inches (108, 88.9, and 50.8 millimeters) on center. **Please note: Polished Brass is no longer available for the 25 1/2″ W units** Why Coastal? Coastal environments pose extreme challenges for window hardware due to corrosion. Our Stainless Steel hardware offers unparalleled corrosion protection, ensuring durability and longevity in saltwater environments. Description Choose the perfect EntryGard Awning Window Hardware Parts with our convenient drop-down menus. Select the Daylight Opening Width that matches your window size: [18 1/2″ to under 22 1/2″ | 22 1/2″ to under 26 1/2″ | 26 1/2″ and larger]. Each package includes a Single Pull Operator and screws for easy installation. Ensure smooth operation and reliable control of your casement sash with the right hardware. Our awning window operator offers positive control in all positions, commonly used between 1981 and 1993. It features a simple detach feature for quick window removal and concealed mounting screw holes set at 4-1/4, 3-1/2, and two inches (108, 88.9, and 50.8 millimeters) on center. **Please note: Polished Brass is no longer available for the 25 1/2″ W units** Why Coastal? Coastal environments pose extreme challenges for window hardware due to corrosion. Our Stainless Steel hardware offers unparalleled corrosion protection, ensuring durability and longevity in saltwater environments. Description Choose the perfect EntryGard Awning Window Hardware Parts with our convenient drop-down menus. Select the Daylight Opening Width that matches your window size: [18 1/2″ to under 22 1/2″ | 22 1/2″ to under 26 1/2″ | 26 1/2″ and larger]. Each package includes a Single Pull Operator and screws for easy installation. Ensure smooth operation and reliable control of your casement sash with the right hardware. Our awning window operator offers positive control in all positions, commonly used between 1981 and 1993. It features a simple detach feature for quick window removal and concealed mounting screw holes set at 4-1/4, 3-1/2, and two inches (108, 88.9, and 50.8 millimeters) on center. **Please note: Polished Brass is no longer available for the 25 1/2″ W units** Why Coastal? Coastal environments pose extreme challenges for window hardware due to corrosion. Our Stainless Steel hardware offers unparalleled corrosion protection, ensuring durability and longevity in saltwater environments.",,no,,,each,
Casement Window Sash Lock Locking Latch Parts,truthentrygard.com,https://truthentrygard.com/product/casement-window-sash-lock-locking-latch-parts-bronze-white-goldtone-fits-others/,"For questions or concerns, please contact info@truthentrygard.com Description Discover the solution to your casement window needs with our Window Replacement and Repair Parts collection, featuring Casement Locks tailored for older Norco and select other brands. Available in three timeless hues – white, bronze, or goldtone – these locks seamlessly blend with your window aesthetics while ensuring reliable functionality. Please note, to streamline our service and ensure your satisfaction, a minimum order of two units is required for this item. Each order is priced per pair, guaranteeing you receive the necessary quantity to address your casement locking requirements effectively. Upgrade your window security and restore functionality effortlessly with our Casement Locks. Choose durability, style, and peace of mind today. Description Discover the solution to your casement window needs with our Window Replacement and Repair Parts collection, featuring Casement Locks tailored for older Norco and select other brands. Available in three timeless hues – white, bronze, or goldtone – these locks seamlessly blend with your window aesthetics while ensuring reliable functionality. Please note, to streamline our service and ensure your satisfaction, a minimum order of two units is required for this item. Each order is priced per pair, guaranteeing you receive the necessary quantity to address your casement locking requirements effectively. Upgrade your window security and restore functionality effortlessly with our Casement Locks. Choose durability, style, and peace of mind today. Description Discover the solution to your casement window needs with our Window Replacement and Repair Parts collection, featuring Casement Locks tailored for older Norco and select other brands. Available in three timeless hues – white, bronze, or goldtone – these locks seamlessly blend with your window aesthetics while ensuring reliable functionality. Please note, to streamline our service and ensure your satisfaction, a minimum order of two units is required for this item. Each order is priced per pair, guaranteeing you receive the necessary quantity to address your casement locking requirements effectively. Upgrade your window security and restore functionality effortlessly with our Casement Locks. Choose durability, style, and peace of mind today.",,no,,,each,
Casement Window Sill Stop Kit Package P-234 DC P-233 DC,truthentrygard.com,https://truthentrygard.com/product/casement-window-sill-stop-kit-package-p-234-dc-p-233-dc/,"For questions or concerns, please contact info@truthentrygard.com Description Introducing our comprehensive solution for your vintage casement window restoration needs: the “Sill Stop Parts Kit,” meticulously curated to breathe new life into older model Biltbest and various other brands. This kit features a Complete Sill Operator Kit, showcasing the latest in casement operator technology alongside a sleek sill stop, as depicted in the accompanying photo. Designed to cater specifically to wood casement windows from the 1960s, 1970s, and 1980s, this kit encompasses everything you require for a seamless restoration process. From hinges to shoe glides, operator handles to operator shoe glides, and an array of other essential components available elsewhere on our site, we’ve got you covered. Specify your preference for left-handed or right-handed configurations, ensuring a perfect match for your window’s unique setup. Determining the handing couldn’t be easier: simply stand inside your home and observe the placement of the lock or lock handle. If it’s on the left, opt for a left-handed operator; if it’s on the right, select a right-handed operator for optimal functionality. Restore, rejuvenate, and revel in the enhanced performance of your cherished casement windows with our “Sill Stop Parts Kit.” Unlock the potential of your vintage windows with ease and precision. ** PDF Form Required for the sill stop: How To Measure – BiltBest Casement Sill Stop Right Hand Operator Cover Component OR How To Measure – BiltBest Casement Sill Stop Left Hand Operator Cover Component Description Introducing our comprehensive solution for your vintage casement window restoration needs: the “Sill Stop Parts Kit,” meticulously curated to breathe new life into older model Biltbest and various other brands. This kit features a Complete Sill Operator Kit, showcasing the latest in casement operator technology alongside a sleek sill stop, as depicted in the accompanying photo. Designed to cater specifically to wood casement windows from the 1960s, 1970s, and 1980s, this kit encompasses everything you require for a seamless restoration process. From hinges to shoe glides, operator handles to operator shoe glides, and an array of other essential components available elsewhere on our site, we’ve got you covered. Specify your preference for left-handed or right-handed configurations, ensuring a perfect match for your window’s unique setup. Determining the handing couldn’t be easier: simply stand inside your home and observe the placement of the lock or lock handle. If it’s on the left, opt for a left-handed operator; if it’s on the right, select a right-handed operator for optimal functionality. Restore, rejuvenate, and revel in the enhanced performance of your cherished casement windows with our “Sill Stop Parts Kit.” Unlock the potential of your vintage windows with ease and precision. ** PDF Form Required for the sill stop: How To Measure – BiltBest Casement Sill Stop Right Hand Operator Cover Component OR How To Measure – BiltBest Casement Sill Stop Left Hand Operator Cover Component Description Introducing our comprehensive solution for your vintage casement window restoration needs: the “Sill Stop Parts Kit,” meticulously curated to breathe new life into older model Biltbest and various other brands. This kit features a Complete Sill Operator Kit, showcasing the latest in casement operator technology alongside a sleek sill stop, as depicted in the accompanying photo. Designed to cater specifically to wood casement windows from the 1960s, 1970s, and 1980s, this kit encompasses everything you require for a seamless restoration process. From hinges to shoe glides, operator handles to operator shoe glides, and an array of other essential components available elsewhere on our site, we’ve got you covered. Specify your preference for left-handed or right-handed configurations, ensuring a perfect match for your window’s unique setup. Determining the handing couldn’t be easier: simply stand inside your home and observe the placement of the lock or lock handle. If it’s on the left, opt for a left-handed operator; if it’s on the right, select a right-handed operator for optimal functionality. Restore, rejuvenate, and revel in the enhanced performance of your cherished casement windows with our “Sill Stop Parts Kit.” Unlock the potential of your vintage windows with ease and precision. ** PDF Form Required for the sill stop: How To Measure – BiltBest Casement Sill Stop Right Hand Operator Cover Component OR How To Measure – BiltBest Casement Sill Stop Left Hand Operator Cover Component",,no,,,each,
Casement Window Weather Strip Glazing Bead Part 900-17559,truthentrygard.com,https://truthentrygard.com/product/casement-window-weather-strip-glazing-bead-part-900-17559/,"Got Questions? Not sure what you need? Feel free to email: info@truthentrygard.com NOT SURE WHAT YOU NEED?!? EMAIL PICTURES AND WE WILL GET YOU TAKEN CARE OF! Description Revitalize Your Windows and Doors with Snap-In-Vinyl Glazing Bead Part 900-17559 Transform your windows and doors with our Snap-In-Vinyl Glazing Bead Parts, designed to enhance durability and weather resistance. Features: Premium Quality: Crafted from high-grade vinyl, our glazing bead parts offer superior performance and longevity. Easy Installation: Snap-in design ensures effortless installation, saving you time and effort. Optimal Weatherproofing: Seal out drafts and moisture with precision-engineered weatherstripping, ensuring year-round comfort. Sleek Aesthetic: Available exclusively in timeless black, our glazing bead parts complement any window or door frame with understated elegance. Specifications: Minimum Order: 120 Lineal Feet Length: Shipped in convenient 72″ lengths for easy handling and customization To order go to: www.biltbestwindowparts.com Description Revitalize Your Windows and Doors with Snap-In-Vinyl Glazing Bead Part 900-17559 Transform your windows and doors with our Snap-In-Vinyl Glazing Bead Parts, designed to enhance durability and weather resistance. Features: Premium Quality: Crafted from high-grade vinyl, our glazing bead parts offer superior performance and longevity. Easy Installation: Snap-in design ensures effortless installation, saving you time and effort. Optimal Weatherproofing: Seal out drafts and moisture with precision-engineered weatherstripping, ensuring year-round comfort. Sleek Aesthetic: Available exclusively in timeless black, our glazing bead parts complement any window or door frame with understated elegance. Specifications: Minimum Order: 120 Lineal Feet Length: Shipped in convenient 72″ lengths for easy handling and customization To order go to: www.biltbestwindowparts.com Description Revitalize Your Windows and Doors with Snap-In-Vinyl Glazing Bead Part 900-17559 Transform your windows and doors with our Snap-In-Vinyl Glazing Bead Parts, designed to enhance durability and weather resistance. Features: Premium Quality: Crafted from high-grade vinyl, our glazing bead parts offer superior performance and longevity. Easy Installation: Snap-in design ensures effortless installation, saving you time and effort. Optimal Weatherproofing: Seal out drafts and moisture with precision-engineered weatherstripping, ensuring year-round comfort. Sleek Aesthetic: Available exclusively in timeless black, our glazing bead parts complement any window or door frame with understated elegance. Specifications: Minimum Order: 120 Lineal Feet Length: Shipped in convenient 72″ lengths for easy handling and customization To order go to: www.biltbestwindowparts.com",,no,,,each,
Casement Window Weather Strip Seal Kit #2872,truthentrygard.com,https://truthentrygard.com/product/casement-window-weather-strip-seal-kit-2872/,"For questions or concerns, please contact info@truthentrygard.com Description Revamp your window’s defense against the elements with our meticulously crafted Standard Weatherstrip Seal Package. Tailored for casement windows, this kit ensures optimal protection with its comprehensive components. Each package is designed to fortify a single casement window, comprising the essential elements: Head/Sill Horizontal double leg bulb seals, Vertical Offset L Bubble, and Sash leaf for the casement sash frame. Crafted to fit a wide range of model years, spanning from the 1970s to the 2000s, our seal package offers timeless efficacy. Engineered to accommodate casements up to 28″ W x 72″ H, it guarantees a snug and secure fit, regardless of your window’s vintage. Bid farewell to drafts, moisture, and unwanted intrusions, as our weatherstrip seal package promises enduring protection and peace of mind. Upgrade your window’s defense today with our Standard Weatherstrip Seal Package. Description Revamp your window’s defense against the elements with our meticulously crafted Standard Weatherstrip Seal Package. Tailored for casement windows, this kit ensures optimal protection with its comprehensive components. Each package is designed to fortify a single casement window, comprising the essential elements: Head/Sill Horizontal double leg bulb seals, Vertical Offset L Bubble, and Sash leaf for the casement sash frame. Crafted to fit a wide range of model years, spanning from the 1970s to the 2000s, our seal package offers timeless efficacy. Engineered to accommodate casements up to 28″ W x 72″ H, it guarantees a snug and secure fit, regardless of your window’s vintage. Bid farewell to drafts, moisture, and unwanted intrusions, as our weatherstrip seal package promises enduring protection and peace of mind. Upgrade your window’s defense today with our Standard Weatherstrip Seal Package. Description Revamp your window’s defense against the elements with our meticulously crafted Standard Weatherstrip Seal Package. Tailored for casement windows, this kit ensures optimal protection with its comprehensive components. Each package is designed to fortify a single casement window, comprising the essential elements: Head/Sill Horizontal double leg bulb seals, Vertical Offset L Bubble, and Sash leaf for the casement sash frame. Crafted to fit a wide range of model years, spanning from the 1970s to the 2000s, our seal package offers timeless efficacy. Engineered to accommodate casements up to 28″ W x 72″ H, it guarantees a snug and secure fit, regardless of your window’s vintage. Bid farewell to drafts, moisture, and unwanted intrusions, as our weatherstrip seal package promises enduring protection and peace of mind. Upgrade your window’s defense today with our Standard Weatherstrip Seal Package.",,no,,,each,
Casement Window | Wood Sill Stop Operator Cover Part,truthentrygard.com,https://truthentrygard.com/product/casement-window-wood-sill-stop-operator-cover-part/,"**For questions or concerns, please contact info@truthentrygard.com Description OEM Replacement Part for Casement Windows – this is referred to as the “inside stop” piece. These sill stops are held on with trim nails or screws and are either painted or stained by homeowners. They come to you as unfinished a-grade wood and we suggest you seal all sides. Take care when removing old units that may be held by old caulking, varnish or paint – we suggest you break the “seal” with a clean razor. CLICK HERE for Casement Sill Stop Measuring Instruction PDF Description OEM Replacement Part for Casement Windows – this is referred to as the “inside stop” piece. These sill stops are held on with trim nails or screws and are either painted or stained by homeowners. They come to you as unfinished a-grade wood and we suggest you seal all sides. Take care when removing old units that may be held by old caulking, varnish or paint – we suggest you break the “seal” with a clean razor. CLICK HERE for Casement Sill Stop Measuring Instruction PDF Description OEM Replacement Part for Casement Windows – this is referred to as the “inside stop” piece. These sill stops are held on with trim nails or screws and are either painted or stained by homeowners. They come to you as unfinished a-grade wood and we suggest you seal all sides. Take care when removing old units that may be held by old caulking, varnish or paint – we suggest you break the “seal” with a clean razor. CLICK HERE for Casement Sill Stop Measuring Instruction PDF",,no,,,each,
Casement Wood Sash Insulated Clear IG Glass,truthentrygard.com,https://truthentrygard.com/product/casement-wood-sash-insulated-clear-ig-glass/,"**For questions or concerns, please contact info@truthentrygard.com Description Upgrade your windows with our Replacement Casement Wood Sash featuring standard glass. Crafted for durability and timeless appeal, these sashes are primed on the exterior side and raw on the interior side, allowing for easy customization to match your interior decor. Please note that there is a production lead time of 20 days for these sashes, ensuring meticulous craftsmanship and attention to detail. Choose from standard glass or upgrade to low E glass for enhanced energy efficiency and comfort. Additionally, personalize your windows with various grille options, including grilles sealed within the insulating glass or three sizes of SDL grilles. Upgrade your windows with confidence, knowing that you’re investing in quality craftsmanship and customizable solutions to elevate the beauty and functionality of your home. CLICK HERE for measuring instructions. Description Upgrade your windows with our Replacement Casement Wood Sash featuring standard glass. Crafted for durability and timeless appeal, these sashes are primed on the exterior side and raw on the interior side, allowing for easy customization to match your interior decor. Please note that there is a production lead time of 20 days for these sashes, ensuring meticulous craftsmanship and attention to detail. Choose from standard glass or upgrade to low E glass for enhanced energy efficiency and comfort. Additionally, personalize your windows with various grille options, including grilles sealed within the insulating glass or three sizes of SDL grilles. Upgrade your windows with confidence, knowing that you’re investing in quality craftsmanship and customizable solutions to elevate the beauty and functionality of your home. CLICK HERE for measuring instructions. Description Upgrade your windows with our Replacement Casement Wood Sash featuring standard glass. Crafted for durability and timeless appeal, these sashes are primed on the exterior side and raw on the interior side, allowing for easy customization to match your interior decor. Please note that there is a production lead time of 20 days for these sashes, ensuring meticulous craftsmanship and attention to detail. Choose from standard glass or upgrade to low E glass for enhanced energy efficiency and comfort. Additionally, personalize your windows with various grille options, including grilles sealed within the insulating glass or three sizes of SDL grilles. Upgrade your windows with confidence, knowing that you’re investing in quality craftsmanship and customizable solutions to elevate the beauty and functionality of your home. CLICK HERE for measuring instructions.",,no,,,each,
CAV Replacement Hardware-Tilt Sash Lock,truthentrygard.com,https://truthentrygard.com/product/cav-replacement-hardware-pn-41131-tilt-sash-lock/,"Truth Hardware for the old window sash Tilt Lock and Keeper sets, Part # 41131, CAV Finishes for Tilt-Out Double Hung / Single Hung Windows. Description *Revitalize your old window sashes with the precision-engineered Truth Hardware Tilt Lock and Keeper sets. Designed to seamlessly integrate with Tilt-Out Double Hung/Single Hung Windows, these hardware sets offer unparalleled functionality and durability. Say goodbye to cumbersome maintenance and unreliable hardware – our Truth Hardware sets provide a reliable solution for years to come. *Available in a range of CAV finishes, including options like polished brass, brushed nickel, and antique bronze these sets offer versatile customization to match your existing decor or create a fresh, updated look. Elevate the visual appeal of your windows while ensuring effortless functionality with our premium Truth Hardware sets. Description *Revitalize your old window sashes with the precision-engineered Truth Hardware Tilt Lock and Keeper sets. Designed to seamlessly integrate with Tilt-Out Double Hung/Single Hung Windows, these hardware sets offer unparalleled functionality and durability. Say goodbye to cumbersome maintenance and unreliable hardware – our Truth Hardware sets provide a reliable solution for years to come. *Available in a range of CAV finishes, including options like polished brass, brushed nickel, and antique bronze these sets offer versatile customization to match your existing decor or create a fresh, updated look. Elevate the visual appeal of your windows while ensuring effortless functionality with our premium Truth Hardware sets. Description *Revitalize your old window sashes with the precision-engineered Truth Hardware Tilt Lock and Keeper sets. Designed to seamlessly integrate with Tilt-Out Double Hung/Single Hung Windows, these hardware sets offer unparalleled functionality and durability. Say goodbye to cumbersome maintenance and unreliable hardware – our Truth Hardware sets provide a reliable solution for years to come. *Available in a range of CAV finishes, including options like polished brass, brushed nickel, and antique bronze these sets offer versatile customization to match your existing decor or create a fresh, updated look. Elevate the visual appeal of your windows while ensuring effortless functionality with our premium Truth Hardware sets.",,no,,,each,
"Center Stile Mullion Trim / Transom Unit – New Style PVC, 48″ Long",truthentrygard.com,https://truthentrygard.com/product/center-stile-mullion-trim-transom-unit-new-style-pvc-48-long/,"**For questions or concerns, please contact info@truthentrygard.com Description Introducing the Center Stile Mullion Trim/Transom Unit – New Style PVC, designed to provide durable and long-lasting support for your casement windows. Crafted from high-quality PVC material, this replacement part offers exceptional resistance to rot and decay, ensuring lasting performance in various weather conditions. At 48 inches in length, our center stile mullion trim/transom unit is designed to accommodate casement windows with a maximum finished height of 48 inches. Easily customizable, you can trim it to the required length for seamless integration into your window system. This essential component, often referred to as the casement window vertical center mull, enhances the structural integrity of your windows while adding a touch of elegance to their appearance. Upgrade your window system with the Center Stile Mullion Trim/Transom Unit – New Style PVC, providing both functionality and aesthetic appeal in a reliable and low-maintenance package. Description Introducing the Center Stile Mullion Trim/Transom Unit – New Style PVC, designed to provide durable and long-lasting support for your casement windows. Crafted from high-quality PVC material, this replacement part offers exceptional resistance to rot and decay, ensuring lasting performance in various weather conditions. At 48 inches in length, our center stile mullion trim/transom unit is designed to accommodate casement windows with a maximum finished height of 48 inches. Easily customizable, you can trim it to the required length for seamless integration into your window system. This essential component, often referred to as the casement window vertical center mull, enhances the structural integrity of your windows while adding a touch of elegance to their appearance. Upgrade your window system with the Center Stile Mullion Trim/Transom Unit – New Style PVC, providing both functionality and aesthetic appeal in a reliable and low-maintenance package. Description Introducing the Center Stile Mullion Trim/Transom Unit – New Style PVC, designed to provide durable and long-lasting support for your casement windows. Crafted from high-quality PVC material, this replacement part offers exceptional resistance to rot and decay, ensuring lasting performance in various weather conditions. At 48 inches in length, our center stile mullion trim/transom unit is designed to accommodate casement windows with a maximum finished height of 48 inches. Easily customizable, you can trim it to the required length for seamless integration into your window system. This essential component, often referred to as the casement window vertical center mull, enhances the structural integrity of your windows while adding a touch of elegance to their appearance. Upgrade your window system with the Center Stile Mullion Trim/Transom Unit – New Style PVC, providing both functionality and aesthetic appeal in a reliable and low-maintenance package.",,no,,,each,
"Center Stile Mullion Trim / Transom Unit – New Style PVC, 60″ Long",truthentrygard.com,https://truthentrygard.com/product/center-stile-mullion-trim-transom-unit-new-style-pvc-60-long/,"For questions or concerns, please contact info@truthentrygard.com Description Introducing our PVC Replacement Center Mullion Trim Cap, the perfect solution for upgrading your casement windows with a durable and rot-resistant trim cap for the vertical center mullion. Key Features: Durable PVC Construction: Crafted from high-quality PVC material, ensuring durability and resistance to rot, decay, and moisture damage, for long-lasting performance. Customizable Length: Designed for a maximum finished length of 60″ H, allowing you to easily cut it to your desired length to fit your casement windows perfectly. Easy Installation: Simple and straightforward installation process, making it easy for you to replace the center mullion trim cap on your casement windows. Enhanced Protection: Provides enhanced protection and reinforcement to the vertical center mullion of your windows, ensuring structural integrity and longevity. Versatile Application: Suitable for use with various casement window models, providing a versatile solution for different window configurations. Commonly Referred to as: Known as the casement window vertical center mull, this replacement part helps maintain the aesthetic and functionality of your windows. Upgrade your casement windows with our PVC Replacement Center Mullion Trim Cap for enhanced durability, protection, and aesthetic appeal. Say goodbye to rot and decay issues with this reliable trim cap solution. Description Introducing our PVC Replacement Center Mullion Trim Cap, the perfect solution for upgrading your casement windows with a durable and rot-resistant trim cap for the vertical center mullion. Key Features: Durable PVC Construction: Crafted from high-quality PVC material, ensuring durability and resistance to rot, decay, and moisture damage, for long-lasting performance. Customizable Length: Designed for a maximum finished length of 60″ H, allowing you to easily cut it to your desired length to fit your casement windows perfectly. Easy Installation: Simple and straightforward installation process, making it easy for you to replace the center mullion trim cap on your casement windows. Enhanced Protection: Provides enhanced protection and reinforcement to the vertical center mullion of your windows, ensuring structural integrity and longevity. Versatile Application: Suitable for use with various casement window models, providing a versatile solution for different window configurations. Commonly Referred to as: Known as the casement window vertical center mull, this replacement part helps maintain the aesthetic and functionality of your windows. Upgrade your casement windows with our PVC Replacement Center Mullion Trim Cap for enhanced durability, protection, and aesthetic appeal. Say goodbye to rot and decay issues with this reliable trim cap solution. Description Introducing our PVC Replacement Center Mullion Trim Cap, the perfect solution for upgrading your casement windows with a durable and rot-resistant trim cap for the vertical center mullion. Key Features: Durable PVC Construction: Crafted from high-quality PVC material, ensuring durability and resistance to rot, decay, and moisture damage, for long-lasting performance. Customizable Length: Designed for a maximum finished length of 60″ H, allowing you to easily cut it to your desired length to fit your casement windows perfectly. Easy Installation: Simple and straightforward installation process, making it easy for you to replace the center mullion trim cap on your casement windows. Enhanced Protection: Provides enhanced protection and reinforcement to the vertical center mullion of your windows, ensuring structural integrity and longevity. Versatile Application: Suitable for use with various casement window models, providing a versatile solution for different window configurations. Commonly Referred to as: Known as the casement window vertical center mull, this replacement part helps maintain the aesthetic and functionality of your windows. Upgrade your casement windows with our PVC Replacement Center Mullion Trim Cap for enhanced durability, protection, and aesthetic appeal. Say goodbye to rot and decay issues with this reliable trim cap solution.",,no,,,each,
Center Stile Mullion Trim / Transom Unit – New Style PVC,truthentrygard.com,https://truthentrygard.com/product/center-stile-mullion-trim-transom-unit-new-style-pvc/,"For questions or concerns, please contact info@truthentrygard.com Description Upgrade your window aesthetics with our Center Stile Mullion Trim/Transom Unit PVC Replacement—a seamless solution for rejuvenating your casement windows. Crafted from durable PVC material, this replacement trim cap ensures longevity and resilience against rot and wear, promising enduring elegance for years to come. Designed for easy installation and customization, our unit is suitable for casement windows with a maximum finished length of 48″ H. Whether you’re renovating or maintaining your windows, this PVC trim cap unit offers a perfect fit and effortless adaptation to your specific needs. Description Upgrade your window aesthetics with our Center Stile Mullion Trim/Transom Unit PVC Replacement—a seamless solution for rejuvenating your casement windows. Crafted from durable PVC material, this replacement trim cap ensures longevity and resilience against rot and wear, promising enduring elegance for years to come. Designed for easy installation and customization, our unit is suitable for casement windows with a maximum finished length of 48″ H. Whether you’re renovating or maintaining your windows, this PVC trim cap unit offers a perfect fit and effortless adaptation to your specific needs. Description Upgrade your window aesthetics with our Center Stile Mullion Trim/Transom Unit PVC Replacement—a seamless solution for rejuvenating your casement windows. Crafted from durable PVC material, this replacement trim cap ensures longevity and resilience against rot and wear, promising enduring elegance for years to come. Designed for easy installation and customization, our unit is suitable for casement windows with a maximum finished length of 48″ H. Whether you’re renovating or maintaining your windows, this PVC trim cap unit offers a perfect fit and effortless adaptation to your specific needs.",,no,,,each,
Door Bottom Sweep Weather Strip Parts | Double Kerf Type Twin Barb Insert | 36″ 42″ 48″ Width Doors,truthentrygard.com,https://truthentrygard.com/product/door-bottom-sweep-weather-strip-parts-double-kerf-type-twin-barb-insert-36-42-48-width-doors/,"For questions or concerns, please contact info@truthentrygard.com Description Introducing our Door Bottom Sweep Seals in Bronze (Brown) and Beige, designed to enhance the weatherproofing of your entry or swinging doors. Available in widths of 36″, 42″, and 48″, these weather strip parts feature a double (twin) dual-type kerf barb insert. Key Features: Dual-Type Kerf Barb Insert: Provides superior sealing against drafts and moisture, ensuring optimal insulation for your doors. Wide Compatibility: Suitable for entry or swinging doors, including inswing and outswing door units, offering versatile solutions for various applications. Replace Old Style Seals: These sweeps replace several old-style seals with a double/dual kerf insert, ensuring a seamless upgrade to modern weatherproofing technology. Multiple Options: Choose from a dropdown menu for different sizes and colors to meet your specific requirements. Minimum Orders as Required Upgrade your door’s weatherproofing with our Door Bottom Sweep Seals. Ensure comfort and energy efficiency while protecting your home from the elements. Description Introducing our Door Bottom Sweep Seals in Bronze (Brown) and Beige, designed to enhance the weatherproofing of your entry or swinging doors. Available in widths of 36″, 42″, and 48″, these weather strip parts feature a double (twin) dual-type kerf barb insert. Key Features: Dual-Type Kerf Barb Insert: Provides superior sealing against drafts and moisture, ensuring optimal insulation for your doors. Wide Compatibility: Suitable for entry or swinging doors, including inswing and outswing door units, offering versatile solutions for various applications. Replace Old Style Seals: These sweeps replace several old-style seals with a double/dual kerf insert, ensuring a seamless upgrade to modern weatherproofing technology. Multiple Options: Choose from a dropdown menu for different sizes and colors to meet your specific requirements. Minimum Orders as Required Upgrade your door’s weatherproofing with our Door Bottom Sweep Seals. Ensure comfort and energy efficiency while protecting your home from the elements. Description Introducing our Door Bottom Sweep Seals in Bronze (Brown) and Beige, designed to enhance the weatherproofing of your entry or swinging doors. Available in widths of 36″, 42″, and 48″, these weather strip parts feature a double (twin) dual-type kerf barb insert. Key Features: Dual-Type Kerf Barb Insert: Provides superior sealing against drafts and moisture, ensuring optimal insulation for your doors. Wide Compatibility: Suitable for entry or swinging doors, including inswing and outswing door units, offering versatile solutions for various applications. Replace Old Style Seals: These sweeps replace several old-style seals with a double/dual kerf insert, ensuring a seamless upgrade to modern weatherproofing technology. Multiple Options: Choose from a dropdown menu for different sizes and colors to meet your specific requirements. Minimum Orders as Required Upgrade your door’s weatherproofing with our Door Bottom Sweep Seals. Ensure comfort and energy efficiency while protecting your home from the elements.",,no,,,each,
Double Hung Window Sash Lock,truthentrygard.com,https://truthentrygard.com/product/double-hinge-sash-lock/,"For questions or concerns, please contact info@truthentrygard.com Description Designed specifically for double hung windows, our Sash Lock Assembly offers effortless operation and a secure fit, preventing drafts and improving energy efficiency. Say goodbye to rattling windows and unreliable latches – our Double Hinge Sash Lock delivers dependable performance and long-lasting durability. Available in a carefully curated selection of three classic colors, including White, Gold Tone, and Bronze, our Sash Lock Assembly seamlessly complements a variety of window frames and interior decor styles. Choose the perfect hue to match your existing hardware or create a cohesive look throughout your home Description Designed specifically for double hung windows, our Sash Lock Assembly offers effortless operation and a secure fit, preventing drafts and improving energy efficiency. Say goodbye to rattling windows and unreliable latches – our Double Hinge Sash Lock delivers dependable performance and long-lasting durability. Available in a carefully curated selection of three classic colors, including White, Gold Tone, and Bronze, our Sash Lock Assembly seamlessly complements a variety of window frames and interior decor styles. Choose the perfect hue to match your existing hardware or create a cohesive look throughout your home Description Designed specifically for double hung windows, our Sash Lock Assembly offers effortless operation and a secure fit, preventing drafts and improving energy efficiency. Say goodbye to rattling windows and unreliable latches – our Double Hinge Sash Lock delivers dependable performance and long-lasting durability. Available in a carefully curated selection of three classic colors, including White, Gold Tone, and Bronze, our Sash Lock Assembly seamlessly complements a variety of window frames and interior decor styles. Choose the perfect hue to match your existing hardware or create a cohesive look throughout your home",,no,,,each,
Double Hinge Sash Tilt Pins,truthentrygard.com,https://truthentrygard.com/product/double-hinge-sash-tilt-pins/,"**For questions or concerns, please contact info@truthentrygard.com Description Purchase 2 Double Hinge Sash Tilt Pins and receive 10% off. Purchase 12 Double Hinge Sash Tilt Pins and receive 20% off Description Purchase 2 Double Hinge Sash Tilt Pins and receive 10% off. Purchase 12 Double Hinge Sash Tilt Pins and receive 20% off Description Purchase 2 Double Hinge Sash Tilt Pins and receive 10% off. Purchase 12 Double Hinge Sash Tilt Pins and receive 20% off",,no,,,each,
Double Hung Offset Bulb Weatherstrip,truthentrygard.com,https://truthentrygard.com/product/double-hung-offset-bulb-weatherstrip/,"**For questions or concerns, please contact info@truthentrygard.com Description Weatherstripping is a crucial component in maintaining energy efficiency and indoor comfort by sealing air leaks around movable building components like doors and operable windows. However, before applying weatherstripping, it’s essential to detect air leaks and evaluate ventilation requirements to ensure optimal indoor air quality. When selecting weatherstripping, consider the location and its exposure to factors like friction, weather conditions, temperature fluctuations, and wear and tear. For instance, weatherstripping applied to a door bottom or threshold may encounter carpet friction or foot traffic, leading to erosion. Similarly, window sash weatherstripping must accommodate pane movement in various directions without hindrance. Our Double Hung Offset Bulb Weatherstrip – Top Rail Weatherstrip is priced per foot, with a minimum order of 5 feet and a maximum of 25 feet. Designed to provide an effective seal when doors or windows are closed while allowing unhindered operation, this weatherstrip ensures both energy efficiency and convenience. Upgrade your home’s weatherproofing with our durable and versatile weatherstripping solutions, maintaining comfort while minimizing energy costs. Description Weatherstripping is a crucial component in maintaining energy efficiency and indoor comfort by sealing air leaks around movable building components like doors and operable windows. However, before applying weatherstripping, it’s essential to detect air leaks and evaluate ventilation requirements to ensure optimal indoor air quality. When selecting weatherstripping, consider the location and its exposure to factors like friction, weather conditions, temperature fluctuations, and wear and tear. For instance, weatherstripping applied to a door bottom or threshold may encounter carpet friction or foot traffic, leading to erosion. Similarly, window sash weatherstripping must accommodate pane movement in various directions without hindrance. Our Double Hung Offset Bulb Weatherstrip – Top Rail Weatherstrip is priced per foot, with a minimum order of 5 feet and a maximum of 25 feet. Designed to provide an effective seal when doors or windows are closed while allowing unhindered operation, this weatherstrip ensures both energy efficiency and convenience. Upgrade your home’s weatherproofing with our durable and versatile weatherstripping solutions, maintaining comfort while minimizing energy costs. Description Weatherstripping is a crucial component in maintaining energy efficiency and indoor comfort by sealing air leaks around movable building components like doors and operable windows. However, before applying weatherstripping, it’s essential to detect air leaks and evaluate ventilation requirements to ensure optimal indoor air quality. When selecting weatherstripping, consider the location and its exposure to factors like friction, weather conditions, temperature fluctuations, and wear and tear. For instance, weatherstripping applied to a door bottom or threshold may encounter carpet friction or foot traffic, leading to erosion. Similarly, window sash weatherstripping must accommodate pane movement in various directions without hindrance. Our Double Hung Offset Bulb Weatherstrip – Top Rail Weatherstrip is priced per foot, with a minimum order of 5 feet and a maximum of 25 feet. Designed to provide an effective seal when doors or windows are closed while allowing unhindered operation, this weatherstrip ensures both energy efficiency and convenience. Upgrade your home’s weatherproofing with our durable and versatile weatherstripping solutions, maintaining comfort while minimizing energy costs.",5,no,,,each,minimum order of 5
Double Hung Window Bulb Weather Strip | Special Purpose Bulb Seal,truthentrygard.com,https://truthentrygard.com/product/double-hung-window-bulb-weather-strip-special-purpose-bulb-seal/,"For questions or concerns, please contact info@truthentrygard.com Description Introducing our Window Weatherstrip for Double Hung Windows, exclusively from The AllWindowDoorParts GROUP USA. This specialized kerf insert compression bulb seal is engineered to perfection, offering unparalleled protection against air leaks and drafts. Crafted for precision, our Special Purpose Bulb Seal Weatherstripping, Model TEG-RFOO-Tan, is designed to fit seamlessly into meeting rails, sash stiles, and window frames, with applications extending to certain casement windows as well. Its primary function is to ensure a tight seal between the rails, sashes, and frame assemblies, effectively blocking out unwanted drafts and enhancing the energy efficiency of your windows. Ideal for both wood and clad windows, as well as certain doors, our weatherstrip is tailored to meet the specific demands of these components. Whether you’re looking to upgrade existing windows or enhance the performance of new installations, our weatherstrip is the ultimate solution. Experience the difference with our Window Weatherstrip, where quality meets innovation to create a comfortable and energy-efficient living space Description Introducing our Window Weatherstrip for Double Hung Windows, exclusively from The AllWindowDoorParts GROUP USA. This specialized kerf insert compression bulb seal is engineered to perfection, offering unparalleled protection against air leaks and drafts. Crafted for precision, our Special Purpose Bulb Seal Weatherstripping, Model TEG-RFOO-Tan, is designed to fit seamlessly into meeting rails, sash stiles, and window frames, with applications extending to certain casement windows as well. Its primary function is to ensure a tight seal between the rails, sashes, and frame assemblies, effectively blocking out unwanted drafts and enhancing the energy efficiency of your windows. Ideal for both wood and clad windows, as well as certain doors, our weatherstrip is tailored to meet the specific demands of these components. Whether you’re looking to upgrade existing windows or enhance the performance of new installations, our weatherstrip is the ultimate solution. Experience the difference with our Window Weatherstrip, where quality meets innovation to create a comfortable and energy-efficient living space Description Introducing our Window Weatherstrip for Double Hung Windows, exclusively from The AllWindowDoorParts GROUP USA. This specialized kerf insert compression bulb seal is engineered to perfection, offering unparalleled protection against air leaks and drafts. Crafted for precision, our Special Purpose Bulb Seal Weatherstripping, Model TEG-RFOO-Tan, is designed to fit seamlessly into meeting rails, sash stiles, and window frames, with applications extending to certain casement windows as well. Its primary function is to ensure a tight seal between the rails, sashes, and frame assemblies, effectively blocking out unwanted drafts and enhancing the energy efficiency of your windows. Ideal for both wood and clad windows, as well as certain doors, our weatherstrip is tailored to meet the specific demands of these components. Whether you’re looking to upgrade existing windows or enhance the performance of new installations, our weatherstrip is the ultimate solution. Experience the difference with our Window Weatherstrip, where quality meets innovation to create a comfortable and energy-efficient living space",,no,,,each,
Double Hung Window Roll Form Aluminum Clad Kit,truthentrygard.com,https://truthentrygard.com/product/double-hung-window-roll-form-aluminum-clad-kit/,"For questions or concerns, please contact info@truthentrygard.com Description Revitalize your double-hung windows with our Roll-Formed Double Hung Window Cladding—an essential solution for replacing hail-damaged or worn-out Bilt-Best Pro-Clad/e-Clad sash frame claddings. Say goodbye to constant painting and maintenance headaches by upgrading to our durable aluminum cladding, designed for long-lasting protection and aesthetic appeal. Even if you currently have wood exterior units, our cladding offers the perfect opportunity to add a low-maintenance aluminum exterior, ensuring your windows look pristine for years to come. Experience the ultimate restoration with our high-performance roll-formed aluminum, proudly made in the USA, delivering superior strength and resistance to fading and chalking. Choose from standard color options including Bronze, Sandstone, and White to complement your home’s exterior seamlessly. Our replacement cladding is sold per unit and includes all four pieces for either the top or bottom sash, simplifying the installation process. With our detailed installation instructions, transforming your windows has never been easier. Upgrade your OEM double-hung units today and enjoy the benefits of a low-maintenance, high-performance window exterior that enhances both the beauty and functionality of your home Please complete the Double Hung Window questionnaire for measuring your units. How To Measure For Clad Description Revitalize your double-hung windows with our Roll-Formed Double Hung Window Cladding—an essential solution for replacing hail-damaged or worn-out Bilt-Best Pro-Clad/e-Clad sash frame claddings. Say goodbye to constant painting and maintenance headaches by upgrading to our durable aluminum cladding, designed for long-lasting protection and aesthetic appeal. Even if you currently have wood exterior units, our cladding offers the perfect opportunity to add a low-maintenance aluminum exterior, ensuring your windows look pristine for years to come. Experience the ultimate restoration with our high-performance roll-formed aluminum, proudly made in the USA, delivering superior strength and resistance to fading and chalking. Choose from standard color options including Bronze, Sandstone, and White to complement your home’s exterior seamlessly. Our replacement cladding is sold per unit and includes all four pieces for either the top or bottom sash, simplifying the installation process. With our detailed installation instructions, transforming your windows has never been easier. Upgrade your OEM double-hung units today and enjoy the benefits of a low-maintenance, high-performance window exterior that enhances both the beauty and functionality of your home Please complete the Double Hung Window questionnaire for measuring your units. How To Measure For Clad Description Revitalize your double-hung windows with our Roll-Formed Double Hung Window Cladding—an essential solution for replacing hail-damaged or worn-out Bilt-Best Pro-Clad/e-Clad sash frame claddings. Say goodbye to constant painting and maintenance headaches by upgrading to our durable aluminum cladding, designed for long-lasting protection and aesthetic appeal. Even if you currently have wood exterior units, our cladding offers the perfect opportunity to add a low-maintenance aluminum exterior, ensuring your windows look pristine for years to come. Experience the ultimate restoration with our high-performance roll-formed aluminum, proudly made in the USA, delivering superior strength and resistance to fading and chalking. Choose from standard color options including Bronze, Sandstone, and White to complement your home’s exterior seamlessly. Our replacement cladding is sold per unit and includes all four pieces for either the top or bottom sash, simplifying the installation process. With our detailed installation instructions, transforming your windows has never been easier. Upgrade your OEM double-hung units today and enjoy the benefits of a low-maintenance, high-performance window exterior that enhances both the beauty and functionality of your home Please complete the Double Hung Window questionnaire for measuring your units. How To Measure For Clad",,no,,,each,
Double Hung Window Sash Tilt Pins,truthentrygard.com,https://truthentrygard.com/product/double-hung-window-sash-tilt-pins/,"Description Secure your windows with ease using our Window Sash Tilt Pins, designed to provide reliable support and functionality for various window types. Each pack contains twelve (12) tilt pins, ensuring you have an ample supply for your window repair or renovation projects. With a minimum order of just one pack, you can conveniently stock up on these essential window components without committing to large quantities. Whether you’re a homeowner, contractor, or DIY enthusiast, our tilt pins are the perfect choice for enhancing the security and functionality of your windows. Description Secure your windows with ease using our Window Sash Tilt Pins, designed to provide reliable support and functionality for various window types. Each pack contains twelve (12) tilt pins, ensuring you have an ample supply for your window repair or renovation projects. With a minimum order of just one pack, you can conveniently stock up on these essential window components without committing to large quantities. Whether you’re a homeowner, contractor, or DIY enthusiast, our tilt pins are the perfect choice for enhancing the security and functionality of your windows. Description Secure your windows with ease using our Window Sash Tilt Pins, designed to provide reliable support and functionality for various window types. Each pack contains twelve (12) tilt pins, ensuring you have an ample supply for your window repair or renovation projects. With a minimum order of just one pack, you can conveniently stock up on these essential window components without committing to large quantities. Whether you’re a homeowner, contractor, or DIY enthusiast, our tilt pins are the perfect choice for enhancing the security and functionality of your windows.",,no,,,each,
Dual Arm Face Mount Style Window Sash Operator – 24″ to 40″ Wide,truthentrygard.com,https://truthentrygard.com/product/dual-arm-face-mount-style-window-sash-operator-24-to-40-wide/,"For questions or concerns, please contact info@truthentrygard.com Description Upgrade your window operation effortlessly with our Face Mount Style Operator #RF-14. Choose between left-handed or right-handed based on your lock’s position. It fits sash sizes from 24″ to 40″ wide and up to 84″ high, supporting weights up to 108 pounds. With over 7″ of washability, it pairs perfectly with the Maxim 1497 hinge. Use it with #1497 hinge and #11576 Track (sold separately) or opt for the Stainless Steel version for coastal regions. **Please note, this is a special order item and non-returnable. Experience superior functionality beyond the ordinary OEM Sill Stop Windows. Description Upgrade your window operation effortlessly with our Face Mount Style Operator #RF-14. Choose between left-handed or right-handed based on your lock’s position. It fits sash sizes from 24″ to 40″ wide and up to 84″ high, supporting weights up to 108 pounds. With over 7″ of washability, it pairs perfectly with the Maxim 1497 hinge. Use it with #1497 hinge and #11576 Track (sold separately) or opt for the Stainless Steel version for coastal regions. **Please note, this is a special order item and non-returnable. Experience superior functionality beyond the ordinary OEM Sill Stop Windows. Description Upgrade your window operation effortlessly with our Face Mount Style Operator #RF-14. Choose between left-handed or right-handed based on your lock’s position. It fits sash sizes from 24″ to 40″ wide and up to 84″ high, supporting weights up to 108 pounds. With over 7″ of washability, it pairs perfectly with the Maxim 1497 hinge. Use it with #1497 hinge and #11576 Track (sold separately) or opt for the Stainless Steel version for coastal regions. **Please note, this is a special order item and non-returnable. Experience superior functionality beyond the ordinary OEM Sill Stop Windows.",,no,,,each,
Dyad Sill Mounted Casement Window Operator – Encore Series,truthentrygard.com,https://truthentrygard.com/product/dyad-sill-mounted-casement-window-operator-encore-series/,"Got Questions? Not sure what you need? Feel free to email: info@truthentrygard.com NOT SURE WHAT YOU NEED?!? EMAIL PICTURES AND WE WILL GET YOU TAKEN CARE OF! Description Product Overview: The Encore Series Dyad Sill Mounted Casement Window Operator is designed for smooth and reliable operation, perfect for a variety of casement windows. Key Features: Smooth Operation: Ensures easy opening and closing. Durable Construction: Made from high-quality, corrosion-resistant materials. Sleek Design: Modern look that matches any window style. Easy to Install: Comes with all necessary installation hardware. Versatile: Works with many window brands and styles. Description Product Overview: The Encore Series Dyad Sill Mounted Casement Window Operator is designed for smooth and reliable operation, perfect for a variety of casement windows. Key Features: Smooth Operation: Ensures easy opening and closing. Durable Construction: Made from high-quality, corrosion-resistant materials. Sleek Design: Modern look that matches any window style. Easy to Install: Comes with all necessary installation hardware. Versatile: Works with many window brands and styles. Description Product Overview: The Encore Series Dyad Sill Mounted Casement Window Operator is designed for smooth and reliable operation, perfect for a variety of casement windows. Key Features: Smooth Operation: Ensures easy opening and closing. Durable Construction: Made from high-quality, corrosion-resistant materials. Sleek Design: Modern look that matches any window style. Easy to Install: Comes with all necessary installation hardware. Versatile: Works with many window brands and styles.",,no,,,each,
Encore Series Sill Mounted Single Arm Crank Operator,truthentrygard.com,https://truthentrygard.com/product/encore-series-sill-mounted-single-arm-crank-operator/,"Got Questions? Not sure what you need? Feel free to email: info@truthentrygard.com NOT SURE WHAT YOU NEED?!? EMAIL PICTURES AND WE WILL GET YOU TAKEN CARE OF! Description Truth Hardware Casement Window Replacement Parts Upgrade your casement windows with the Encore Series Single Arm Sill Mounted Crank Operator . Designed for both right and left-hand configurations, this operator ensures smooth and reliable operation for your windows. Key Features: Durable Construction: High-quality materials ensure long-lasting performance. Smooth Operation: Designed for effortless window opening and closing. Handing Options: Available in both right and left-hand configurations to suit your needs. Versatile Compatibility: Perfect for replacing existing window operators or upgrading to the Encore Series. Enhance the functionality of your casement windows with the Truth Encore Series Single Arm Sill Mounted Crank Operator. Description Truth Hardware Casement Window Replacement Parts Upgrade your casement windows with the Encore Series Single Arm Sill Mounted Crank Operator . Designed for both right and left-hand configurations, this operator ensures smooth and reliable operation for your windows. Key Features: Durable Construction: High-quality materials ensure long-lasting performance. Smooth Operation: Designed for effortless window opening and closing. Handing Options: Available in both right and left-hand configurations to suit your needs. Versatile Compatibility: Perfect for replacing existing window operators or upgrading to the Encore Series. Enhance the functionality of your casement windows with the Truth Encore Series Single Arm Sill Mounted Crank Operator. Description Truth Hardware Casement Window Replacement Parts Upgrade your casement windows with the Encore Series Single Arm Sill Mounted Crank Operator . Designed for both right and left-hand configurations, this operator ensures smooth and reliable operation for your windows. Key Features: Durable Construction: High-quality materials ensure long-lasting performance. Smooth Operation: Designed for effortless window opening and closing. Handing Options: Available in both right and left-hand configurations to suit your needs. Versatile Compatibility: Perfect for replacing existing window operators or upgrading to the Encore Series. Enhance the functionality of your casement windows with the Truth Encore Series Single Arm Sill Mounted Crank Operator.",,no,,,each,
Entrygard Awning Window Operator Assembly | Model: RL-168,truthentrygard.com,https://truthentrygard.com/product/entrygard-awning-window-operator-assembly-model-rl-168/,"Got Questions? Not sure what you need? Feel free to email: info@truthentrygard.com NOT SURE WHAT YOU NEED?!? EMAIL PICTURES AND WE WILL GET YOU TAKEN CARE OF! Description Specifications: Overall Width: 28.75″ Included: No shoe studs or guide bar. Stamping Numbers: 11.43, 11.42, 31545, 31546, 45002, 40008, P 233 DC, P 234 DC, P233DC, P234DC, 20755, 31230, 40887, 40941, 40942, 31538, 31539, 30841, 30842, 30472, 30470, 20810, 20544, Wi1515, 20748, 30636, 30637, 31368, 45275. The Entrygard Awning Window Operator Assembly (Model RL-168) features an overall width of 28.75″. Please note that shoe studs and the guide bar are not included. Description Specifications: Overall Width: 28.75″ Included: No shoe studs or guide bar. Stamping Numbers: 11.43, 11.42, 31545, 31546, 45002, 40008, P 233 DC, P 234 DC, P233DC, P234DC, 20755, 31230, 40887, 40941, 40942, 31538, 31539, 30841, 30842, 30472, 30470, 20810, 20544, Wi1515, 20748, 30636, 30637, 31368, 45275. The Entrygard Awning Window Operator Assembly (Model RL-168) features an overall width of 28.75″. Please note that shoe studs and the guide bar are not included. Description Specifications: Overall Width: 28.75″ Included: No shoe studs or guide bar. Stamping Numbers: 11.43, 11.42, 31545, 31546, 45002, 40008, P 233 DC, P 234 DC, P233DC, P234DC, 20755, 31230, 40887, 40941, 40942, 31538, 31539, 30841, 30842, 30472, 30470, 20810, 20544, Wi1515, 20748, 30636, 30637, 31368, 45275. The Entrygard Awning Window Operator Assembly (Model RL-168) features an overall width of 28.75″. Please note that shoe studs and the guide bar are not included.",,no,,,each,
Eyelet Adapter,truthentrygard.com,https://truthentrygard.com/product/eyelet-adapter/,"Description Perfect Pairing: Specifically crafted for use with Telescoping Pole #BB-PE.638, ensuring optimal performance and ease of use. Easy Installation: Includes set screw for straightforward attachment, saving you time and effort. Upgrade your window maintenance experience with the Window Eyelet Adapter. Description Perfect Pairing: Specifically crafted for use with Telescoping Pole #BB-PE.638, ensuring optimal performance and ease of use. Easy Installation: Includes set screw for straightforward attachment, saving you time and effort. Upgrade your window maintenance experience with the Window Eyelet Adapter. Description Perfect Pairing: Specifically crafted for use with Telescoping Pole #BB-PE.638, ensuring optimal performance and ease of use. Easy Installation: Includes set screw for straightforward attachment, saving you time and effort. Upgrade your window maintenance experience with the Window Eyelet Adapter.",,no,,,each,
Folding Handle and Cover | Truth,truthentrygard.com,https://truthentrygard.com/product/folding-handle-and-cover-truth/,"**MIN ORDER OF $25.00 ON ALL PRODUCTS** GOT QUESTIONS?! Contact us at info@truthentrygard.com Description Used in various windows Featuring an 11/32” spline. The handle conveniently folds down to prevent interference with curtains and window treatments. IF NO COLOR SELECTED, WE WILL SHIP BRONZE Description Used in various windows Featuring an 11/32” spline. The handle conveniently folds down to prevent interference with curtains and window treatments. IF NO COLOR SELECTED, WE WILL SHIP BRONZE Description Used in various windows Featuring an 11/32” spline. The handle conveniently folds down to prevent interference with curtains and window treatments. IF NO COLOR SELECTED, WE WILL SHIP BRONZE",,no,,,each,
Folding Handle and Cover,truthentrygard.com,https://truthentrygard.com/product/folding-handle-and-cover/,"Got Questions? Not sure what you need? Feel free to email: info@truthentrygard.com NOT SURE WHAT YOU NEED?!? EMAIL PICTURES AND WE WILL GET YOU TAKEN CARE OF! Description Used in various windows Featuring an 11/32” spline. The handle conveniently folds down to prevent interference with curtains and window treatments. IF NO COLOR SELECTED, WE WILL SHIP BRONZE Description Used in various windows Featuring an 11/32” spline. The handle conveniently folds down to prevent interference with curtains and window treatments. IF NO COLOR SELECTED, WE WILL SHIP BRONZE Description Used in various windows Featuring an 11/32” spline. The handle conveniently folds down to prevent interference with curtains and window treatments. IF NO COLOR SELECTED, WE WILL SHIP BRONZE",,no,,,each,
Hard To Find Obsolete Rare Old Door Parts | Mortise Locks | Muti-Point Lock Parts,truthentrygard.com,https://truthentrygard.com/product/hard-to-find-obsolete-rare-old-door-parts-mortise-locks-muti-point-lock-parts/,"Obsolete door parts, hard-to-find parts, Door parts, Mortise Locks, Multi-Point Locks, Multi Point Hardware, Door Replacement hardware, Locks, Hinges, repair parts, from the 1950’s, 1960’s, 1970’s, 1980’s, 1990’s, and 2000’s — with more than 160,000 replacement and hardware parts for doors. Description Obsolete door parts, hard-to-find parts, Door parts, Mortise Locks, Multi-Point Locks, Multi Point Hardware, Door Replacement hardware, Locks, Hinges, repair parts, from the 1950’s, 1960’s, 1970’s, 1980’s, 1990’s, and 2000’s — with more than 160,000 replacement and hardware parts for doors. PARTS LINE CARD FOR: ACADIA, ACORN, ACRO, ACME, AIRMASTER, ALENCO, ALHOM, ALSCO, ANACONDA, ALUMA, TRIM, ALUMINUM, PRODUCTS, ALWINSEAL, AMACOR, AMERICAN, CRAFTSMAN, AMERICAN, WINDOW, ANDERSEN, ANDERSON, ARCADIA, ATRIUM, BARBER, &, ROSS, BAYFORM, BELLHOUSE, BENCHMARK, BETTER-BILT, BF, RICH, BILTBEST, BINNINGS, BISHOP, BURCON, CAPITOL, CARADCO, CHAMPION, CERTAINTEED, CHELSEA, COLUMBIA, COX, CRAFTLINE, CRESTLINE, CROSSLY, DARYL, DAYTON, DECEUNINCK, DETROIT, WINDOW, DEVAC, DORCHESTER, ECKER, EFCO, E-Z-ROLL, FENESTRA, FIBERLUX, FLOATAWAY, FLORIDA, EXTRUDERS, FOCUS, POINT, GALLATIN/GAPCO, GENERAL, ALUMINUM, GENERAL, BRONZE, GEORGIA, PALM, BEACH, GEZE, GRAHAM, G-U, HARDWARE, HARVEY, HEHR, HESS, HOPES, HOWARD, HURD, IDA, INTERNATIONAL, INTERSTATE, ALUMINUM, JELD-WEN, JGR, JONES, JORDAN, KAWNEER, KELLER, KENSINGTON, KINCO, KING, KINRO, KRESTMARK, LAST, RESORT, LAURENCE, BROTHERS, LAWSON, LEALCO, LOOK, LOUISIANA, PACIFIC, LOXSCREEN, LUPTON, MALTA, MANNIX, MARVIN, MERCURY, MERZON, INDUSTRIES, METAL, INDUSTRIES, MI, HOME, PRODUCTS, MIKRON, MILCO, MILESTONE, MILLER, MFG., MILGARD, MOSS, MW, NATIONAL, NORANDEX, NORCO, NORTHERN, BUILDING, PRODUCTS, PAN, AM, PATRIOT, PEACHTREE, PECO, PEERLESS, PELLA, PENNCO, PGT, PHILIPS, PH, TECH, PLYGEM, PORTALUME, POZZI, QUAKER, REHAU, RELIANT, REMINGTON, REPCO, REPLACEMENT, HARDWARE, MANUFACTURING, REPUBLIC, REYNOLDS, RIVCO, RIVERVIEW, ROBERT, E., LEE, ROLLYSON, ROYAL, RUSCO, S.D., DAVIS, SEALMASTER, SEASONALL, SEASONSHEILD, SILVERLINE, SLIMFOLD, SLOCOMB, SNE, STANLEY, STATEWIDE, ALUMINUM, STEPHEN, LAURIE, STORM, WEATHER, SUGAR, CREEK, SURVIVOR, SUPER, SEAL, SWS, INDUSTRIES, THERMALGARD, TRACO-THREE, RIVERS, UNIQUE, UNI, SEAL, VAMPCO, VBP, VEKA, VINYL, BUILDING, PROD., VINYLINE, WAUSAU, WINDOW, COMPONENTS, MFG., (WCM), WEATHERCRAFT, WEATHER, MASTER, WEATHER, SHIELD, WENCO, WEST, WINDOW, WIDING, WINDORLOC, WIN-DOOR PRODUCTS. Description Obsolete door parts, hard-to-find parts, Door parts, Mortise Locks, Multi-Point Locks, Multi Point Hardware, Door Replacement hardware, Locks, Hinges, repair parts, from the 1950’s, 1960’s, 1970’s, 1980’s, 1990’s, and 2000’s — with more than 160,000 replacement and hardware parts for doors. PARTS LINE CARD FOR: ACADIA, ACORN, ACRO, ACME, AIRMASTER, ALENCO, ALHOM, ALSCO, ANACONDA, ALUMA, TRIM, ALUMINUM, PRODUCTS, ALWINSEAL, AMACOR, AMERICAN, CRAFTSMAN, AMERICAN, WINDOW, ANDERSEN, ANDERSON, ARCADIA, ATRIUM, BARBER, &, ROSS, BAYFORM, BELLHOUSE, BENCHMARK, BETTER-BILT, BF, RICH, BILTBEST, BINNINGS, BISHOP, BURCON, CAPITOL, CARADCO, CHAMPION, CERTAINTEED, CHELSEA, COLUMBIA, COX, CRAFTLINE, CRESTLINE, CROSSLY, DARYL, DAYTON, DECEUNINCK, DETROIT, WINDOW, DEVAC, DORCHESTER, ECKER, EFCO, E-Z-ROLL, FENESTRA, FIBERLUX, FLOATAWAY, FLORIDA, EXTRUDERS, FOCUS, POINT, GALLATIN/GAPCO, GENERAL, ALUMINUM, GENERAL, BRONZE, GEORGIA, PALM, BEACH, GEZE, GRAHAM, G-U, HARDWARE, HARVEY, HEHR, HESS, HOPES, HOWARD, HURD, IDA, INTERNATIONAL, INTERSTATE, ALUMINUM, JELD-WEN, JGR, JONES, JORDAN, KAWNEER, KELLER, KENSINGTON, KINCO, KING, KINRO, KRESTMARK, LAST, RESORT, LAURENCE, BROTHERS, LAWSON, LEALCO, LOOK, LOUISIANA, PACIFIC, LOXSCREEN, LUPTON, MALTA, MANNIX, MARVIN, MERCURY, MERZON, INDUSTRIES, METAL, INDUSTRIES, MI, HOME, PRODUCTS, MIKRON, MILCO, MILESTONE, MILLER, MFG., MILGARD, MOSS, MW, NATIONAL, NORANDEX, NORCO, NORTHERN, BUILDING, PRODUCTS, PAN, AM, PATRIOT, PEACHTREE, PECO, PEERLESS, PELLA, PENNCO, PGT, PHILIPS, PH, TECH, PLYGEM, PORTALUME, POZZI, QUAKER, REHAU, RELIANT, REMINGTON, REPCO, REPLACEMENT, HARDWARE, MANUFACTURING, REPUBLIC, REYNOLDS, RIVCO, RIVERVIEW, ROBERT, E., LEE, ROLLYSON, ROYAL, RUSCO, S.D., DAVIS, SEALMASTER, SEASONALL, SEASONSHEILD, SILVERLINE, SLIMFOLD, SLOCOMB, SNE, STANLEY, STATEWIDE, ALUMINUM, STEPHEN, LAURIE, STORM, WEATHER, SUGAR, CREEK, SURVIVOR, SUPER, SEAL, SWS, INDUSTRIES, THERMALGARD, TRACO-THREE, RIVERS, UNIQUE, UNI, SEAL, VAMPCO, VBP, VEKA, VINYL, BUILDING, PROD., VINYLINE, WAUSAU, WINDOW, COMPONENTS, MFG., (WCM), WEATHERCRAFT, WEATHER, MASTER, WEATHER, SHIELD, WENCO, WEST, WINDOW, WIDING, WINDORLOC, WIN-DOOR PRODUCTS. Description Obsolete door parts, hard-to-find parts, Door parts, Mortise Locks, Multi-Point Locks, Multi Point Hardware, Door Replacement hardware, Locks, Hinges, repair parts, from the 1950’s, 1960’s, 1970’s, 1980’s, 1990’s, and 2000’s — with more than 160,000 replacement and hardware parts for doors. PARTS LINE CARD FOR: ACADIA, ACORN, ACRO, ACME, AIRMASTER, ALENCO, ALHOM, ALSCO, ANACONDA, ALUMA, TRIM, ALUMINUM, PRODUCTS, ALWINSEAL, AMACOR, AMERICAN, CRAFTSMAN, AMERICAN, WINDOW, ANDERSEN, ANDERSON, ARCADIA, ATRIUM, BARBER, &, ROSS, BAYFORM, BELLHOUSE, BENCHMARK, BETTER-BILT, BF, RICH, BILTBEST, BINNINGS, BISHOP, BURCON, CAPITOL, CARADCO, CHAMPION, CERTAINTEED, CHELSEA, COLUMBIA, COX, CRAFTLINE, CRESTLINE, CROSSLY, DARYL, DAYTON, DECEUNINCK, DETROIT, WINDOW, DEVAC, DORCHESTER, ECKER, EFCO, E-Z-ROLL, FENESTRA, FIBERLUX, FLOATAWAY, FLORIDA, EXTRUDERS, FOCUS, POINT, GALLATIN/GAPCO, GENERAL, ALUMINUM, GENERAL, BRONZE, GEORGIA, PALM, BEACH, GEZE, GRAHAM, G-U, HARDWARE, HARVEY, HEHR, HESS, HOPES, HOWARD, HURD, IDA, INTERNATIONAL, INTERSTATE, ALUMINUM, JELD-WEN, JGR, JONES, JORDAN, KAWNEER, KELLER, KENSINGTON, KINCO, KING, KINRO, KRESTMARK, LAST, RESORT, LAURENCE, BROTHERS, LAWSON, LEALCO, LOOK, LOUISIANA, PACIFIC, LOXSCREEN, LUPTON, MALTA, MANNIX, MARVIN, MERCURY, MERZON, INDUSTRIES, METAL, INDUSTRIES, MI, HOME, PRODUCTS, MIKRON, MILCO, MILESTONE, MILLER, MFG., MILGARD, MOSS, MW, NATIONAL, NORANDEX, NORCO, NORTHERN, BUILDING, PRODUCTS, PAN, AM, PATRIOT, PEACHTREE, PECO, PEERLESS, PELLA, PENNCO, PGT, PHILIPS, PH, TECH, PLYGEM, PORTALUME, POZZI, QUAKER, REHAU, RELIANT, REMINGTON, REPCO, REPLACEMENT, HARDWARE, MANUFACTURING, REPUBLIC, REYNOLDS, RIVCO, RIVERVIEW, ROBERT, E., LEE, ROLLYSON, ROYAL, RUSCO, S.D., DAVIS, SEALMASTER, SEASONALL, SEASONSHEILD, SILVERLINE, SLIMFOLD, SLOCOMB, SNE, STANLEY, STATEWIDE, ALUMINUM, STEPHEN, LAURIE, STORM, WEATHER, SUGAR, CREEK, SURVIVOR, SUPER, SEAL, SWS, INDUSTRIES, THERMALGARD, TRACO-THREE, RIVERS, UNIQUE, UNI, SEAL, VAMPCO, VBP, VEKA, VINYL, BUILDING, PROD., VINYLINE, WAUSAU, WINDOW, COMPONENTS, MFG., (WCM), WEATHERCRAFT, WEATHER, MASTER, WEATHER, SHIELD, WENCO, WEST, WINDOW, WIDING, WINDORLOC, WIN-DOOR PRODUCTS.",,no,,,each,
Hinged Patio Door Foam Filled Weatherstrip,truthentrygard.com,https://truthentrygard.com/product/hinged-patio-door-foam-filled-weatherstrip/,"**For questions or concerns, please contact info@truthentrygard.com Description Sealing air leaks in your home is essential for energy efficiency and comfort. Weatherstripping is ideal for movable components like doors and operable windows, while caulk is better suited for stationary cracks and gaps. Before weatherstripping, it’s crucial to detect leaks and consider ventilation needs for indoor air quality. When selecting weatherstrips, consider their durability against friction, weather, temperature changes, and wear and tear. For instance, door bottoms or thresholds might face carpet drag or foot traffic erosion, while window sashes need to accommodate pane sliding in various directions. The chosen weatherstrip should seal tightly when closed yet allow easy opening. Product: Hinged Patio Door Foam Filled Weatherstrip Material: Foam-filled for optimal sealing. Pricing: Sold per foot, with a minimum purchase of 5 feet and a maximum of 25 feet. Upgrade your hinged patio door with our durable foam-filled weatherstrip, ensuring a snug seal against drafts while allowing smooth operation. Pricing is flexible to suit your needs, with lengths available to accommodate various door sizes. Description Sealing air leaks in your home is essential for energy efficiency and comfort. Weatherstripping is ideal for movable components like doors and operable windows, while caulk is better suited for stationary cracks and gaps. Before weatherstripping, it’s crucial to detect leaks and consider ventilation needs for indoor air quality. When selecting weatherstrips, consider their durability against friction, weather, temperature changes, and wear and tear. For instance, door bottoms or thresholds might face carpet drag or foot traffic erosion, while window sashes need to accommodate pane sliding in various directions. The chosen weatherstrip should seal tightly when closed yet allow easy opening. Product: Hinged Patio Door Foam Filled Weatherstrip Material: Foam-filled for optimal sealing. Pricing: Sold per foot, with a minimum purchase of 5 feet and a maximum of 25 feet. Upgrade your hinged patio door with our durable foam-filled weatherstrip, ensuring a snug seal against drafts while allowing smooth operation. Pricing is flexible to suit your needs, with lengths available to accommodate various door sizes. Description Sealing air leaks in your home is essential for energy efficiency and comfort. Weatherstripping is ideal for movable components like doors and operable windows, while caulk is better suited for stationary cracks and gaps. Before weatherstripping, it’s crucial to detect leaks and consider ventilation needs for indoor air quality. When selecting weatherstrips, consider their durability against friction, weather, temperature changes, and wear and tear. For instance, door bottoms or thresholds might face carpet drag or foot traffic erosion, while window sashes need to accommodate pane sliding in various directions. The chosen weatherstrip should seal tightly when closed yet allow easy opening. Product: Hinged Patio Door Foam Filled Weatherstrip Material: Foam-filled for optimal sealing. Pricing: Sold per foot, with a minimum purchase of 5 feet and a maximum of 25 feet. Upgrade your hinged patio door with our durable foam-filled weatherstrip, ensuring a snug seal against drafts while allowing smooth operation. Pricing is flexible to suit your needs, with lengths available to accommodate various door sizes.",,no,,,each,
Patio Door Adjustable Hinge,truthentrygard.com,https://truthentrygard.com/product/hinges-patio-door-adjustable-hinge/,"Please Specify LH or RH Hinged Patio Door Adjustable Hinge. Description Adjustable hinges for patio doors are versatile hardware components that allow for fine-tuning and customization of the door’s alignment and operation. These hinges are designed to offer adjustability in multiple directions, typically enabling vertical, horizontal, and depth adjustments. Description Adjustable hinges for patio doors are versatile hardware components that allow for fine-tuning and customization of the door’s alignment and operation. These hinges are designed to offer adjustability in multiple directions, typically enabling vertical, horizontal, and depth adjustments. Description Adjustable hinges for patio doors are versatile hardware components that allow for fine-tuning and customization of the door’s alignment and operation. These hinges are designed to offer adjustability in multiple directions, typically enabling vertical, horizontal, and depth adjustments.",,no,,,each,
Jalousie Window Operator,truthentrygard.com,https://truthentrygard.com/product/jalousie-window-operator/,"**For questions or concerns, please contact info@truthentrygard.com Description Introducing our versatile replacement operator, designed to seamlessly replace most Jalousie or Louvre operators available on the market. Crafted with precision and durability in mind, this unit comes complete with a universal break-off link for easy customization to your specific needs. Boasting an aluminum baked enamel finish, this operator not only delivers exceptional performance but also adds a touch of sleekness to your windows. With its non-handed design, installation becomes a breeze, eliminating the hassle of determining hand orientation. Upgrade your window functionality effortlessly with our reliable replacement operator. Whether you’re replacing existing units or enhancing new installations, trust in the quality and versatility of our product to meet your needs. Description Introducing our versatile replacement operator, designed to seamlessly replace most Jalousie or Louvre operators available on the market. Crafted with precision and durability in mind, this unit comes complete with a universal break-off link for easy customization to your specific needs. Boasting an aluminum baked enamel finish, this operator not only delivers exceptional performance but also adds a touch of sleekness to your windows. With its non-handed design, installation becomes a breeze, eliminating the hassle of determining hand orientation. Upgrade your window functionality effortlessly with our reliable replacement operator. Whether you’re replacing existing units or enhancing new installations, trust in the quality and versatility of our product to meet your needs. Description Introducing our versatile replacement operator, designed to seamlessly replace most Jalousie or Louvre operators available on the market. Crafted with precision and durability in mind, this unit comes complete with a universal break-off link for easy customization to your specific needs. Boasting an aluminum baked enamel finish, this operator not only delivers exceptional performance but also adds a touch of sleekness to your windows. With its non-handed design, installation becomes a breeze, eliminating the hassle of determining hand orientation. Upgrade your window functionality effortlessly with our reliable replacement operator. Whether you’re replacing existing units or enhancing new installations, trust in the quality and versatility of our product to meet your needs.",,no,,,each,
Kolbe Window Door Parts Hardware | Window and Door | Replacement Parts [KOLBE&KOLBE],truthentrygard.com,https://truthentrygard.com/product/kolbe-window-door-parts-hardware-window-and-door-replacement-parts-kolbekolbe/,"Description Kolbe Repair Products, Weather Strip, Glazing Bead, Casement Parts Old Kolbe & Kolbe Windows and Doors – Aluminum and Wood, Old Classic Windows and Doors, Old Casements and Old Awning Window Parts, Double Hungs and Single Hungs, Horizontal Sliders, Tilt-Turns, Accessories, Door Handles | Marvel electric window parts | Electric roof window and skylight operators | awning, casement, cottage and other window replacement parts starting at $ 16.88. Send Pics and Details: Info@TruthEntryGard.com CASEMENT, AWNING & TILT-TURN WINDOW HARDWARE . VistaLuxe, Casement & Awning Hardware, Folding handles, Multi-point locking system operates with a single lever for convenience , Handle & Lock Colors: Matte Black, Satin Nickel , Stainless steel, exterior hardware, corrosion resistant, coastal hardware, seacoast hardware, Cranks, Handles, EP & XL Casement & Awning Hardware, Folding handles , Multi-point locks, levers, Handle & Locks, Sash Locks and Keepers, Clay, White, Beige, Matte Black, Rustic Umber, Bright Brass, Antique Brass, Satin Nickel, Antique Nickel , Operating Crank Window Arms, window operators, roto gear operatprs, concealed hinge pairs, hinge support arms, stainless steel, Oil-rubbed bronze, Push-Out Casement & Awning Hardware, Lever Handles, Single-point locks, Multi-point locks, Mortise Sets, Inswing Casement Parts, Tilt & Turn Hardware, Solid brass, Bright Brass, Handle sets, Multi-point locking hardware; Fall Protection Devices, French casements, DOUBLE HUNG WINDOW HARDWARE, Sash Locks, keepers, Top locks, sash lock with a dual-positioning lever, custodial sash locks and keys. Description Kolbe Repair Products, Weather Strip, Glazing Bead, Casement Parts Old Kolbe & Kolbe Windows and Doors – Aluminum and Wood, Old Classic Windows and Doors, Old Casements and Old Awning Window Parts, Double Hungs and Single Hungs, Horizontal Sliders, Tilt-Turns, Accessories, Door Handles | Marvel electric window parts | Electric roof window and skylight operators | awning, casement, cottage and other window replacement parts starting at $ 16.88. Send Pics and Details: Info@TruthEntryGard.com CASEMENT, AWNING & TILT-TURN WINDOW HARDWARE . VistaLuxe, Casement & Awning Hardware, Folding handles, Multi-point locking system operates with a single lever for convenience , Handle & Lock Colors: Matte Black, Satin Nickel , Stainless steel, exterior hardware, corrosion resistant, coastal hardware, seacoast hardware, Cranks, Handles, EP & XL Casement & Awning Hardware, Folding handles , Multi-point locks, levers, Handle & Locks, Sash Locks and Keepers, Clay, White, Beige, Matte Black, Rustic Umber, Bright Brass, Antique Brass, Satin Nickel, Antique Nickel , Operating Crank Window Arms, window operators, roto gear operatprs, concealed hinge pairs, hinge support arms, stainless steel, Oil-rubbed bronze, Push-Out Casement & Awning Hardware, Lever Handles, Single-point locks, Multi-point locks, Mortise Sets, Inswing Casement Parts, Tilt & Turn Hardware, Solid brass, Bright Brass, Handle sets, Multi-point locking hardware; Fall Protection Devices, French casements, DOUBLE HUNG WINDOW HARDWARE, Sash Locks, keepers, Top locks, sash lock with a dual-positioning lever, custodial sash locks and keys. Description Kolbe Repair Products, Weather Strip, Glazing Bead, Casement Parts Old Kolbe & Kolbe Windows and Doors – Aluminum and Wood, Old Classic Windows and Doors, Old Casements and Old Awning Window Parts, Double Hungs and Single Hungs, Horizontal Sliders, Tilt-Turns, Accessories, Door Handles | Marvel electric window parts | Electric roof window and skylight operators | awning, casement, cottage and other window replacement parts starting at $ 16.88. Send Pics and Details: Info@TruthEntryGard.com CASEMENT, AWNING & TILT-TURN WINDOW HARDWARE . VistaLuxe, Casement & Awning Hardware, Folding handles, Multi-point locking system operates with a single lever for convenience , Handle & Lock Colors: Matte Black, Satin Nickel , Stainless steel, exterior hardware, corrosion resistant, coastal hardware, seacoast hardware, Cranks, Handles, EP & XL Casement & Awning Hardware, Folding handles , Multi-point locks, levers, Handle & Locks, Sash Locks and Keepers, Clay, White, Beige, Matte Black, Rustic Umber, Bright Brass, Antique Brass, Satin Nickel, Antique Nickel , Operating Crank Window Arms, window operators, roto gear operatprs, concealed hinge pairs, hinge support arms, stainless steel, Oil-rubbed bronze, Push-Out Casement & Awning Hardware, Lever Handles, Single-point locks, Multi-point locks, Mortise Sets, Inswing Casement Parts, Tilt & Turn Hardware, Solid brass, Bright Brass, Handle sets, Multi-point locking hardware; Fall Protection Devices, French casements, DOUBLE HUNG WINDOW HARDWARE, Sash Locks, keepers, Top locks, sash lock with a dual-positioning lever, custodial sash locks and keys.",,no,,,each,
Leaf Weather Seal | Premium Black Weather Strip Seal,truthentrygard.com,https://truthentrygard.com/product/leaf-weather-seal-premium-black-weather-strip-seal/,"Got Questions? Not sure what you need? Feel free to email: info@truthentrygard.com NOT SURE WHAT YOU NEED?!? EMAIL PICTURES AND WE WILL GET YOU TAKEN CARE OF! Description Upgrade your windows and doors with our Premium Black Weather Strip Seal, also known as Leaf Weatherseal. Features: Waterproof: Nearly 100% closed-cell foam to prevent water entry. UV Resistant: Protects against harmful UV rays for long-lasting durability. Effective Sealing: Ensures a tight and secure seal for superior insulation. Specifications: Color: Black. Sizes: Sold in lengths of 70″, available in multiples of 5 lengths (350 inches). Replacement: Replaces driftwood weather seals. Compatibility: Suitable for aluminum, vinyl, and wood windows and doors. Description: Perfect for enhancing the performance of aluminum, vinyl, and wood windows and doors. Designed for easy installation and lasting protection. Glazing Bead Compatibility: Fits brands like Kolbe, Craftline, Rusco, Lawson, Silverline, Pacific Glass, WinDor, Eagle, Milco, Norco, Crestline, and more. Made from various materials such as wood, steel, aluminum, vinyl, PVC, and plastic to secure the IGU (Insulated Glass Unit) in the sash. To order go to: www.biltbestwindowparts.com Description Upgrade your windows and doors with our Premium Black Weather Strip Seal, also known as Leaf Weatherseal. Features: Waterproof: Nearly 100% closed-cell foam to prevent water entry. UV Resistant: Protects against harmful UV rays for long-lasting durability. Effective Sealing: Ensures a tight and secure seal for superior insulation. Specifications: Color: Black. Sizes: Sold in lengths of 70″, available in multiples of 5 lengths (350 inches). Replacement: Replaces driftwood weather seals. Compatibility: Suitable for aluminum, vinyl, and wood windows and doors. Description: Perfect for enhancing the performance of aluminum, vinyl, and wood windows and doors. Designed for easy installation and lasting protection. Glazing Bead Compatibility: Fits brands like Kolbe, Craftline, Rusco, Lawson, Silverline, Pacific Glass, WinDor, Eagle, Milco, Norco, Crestline, and more. Made from various materials such as wood, steel, aluminum, vinyl, PVC, and plastic to secure the IGU (Insulated Glass Unit) in the sash. To order go to: www.biltbestwindowparts.com Description Upgrade your windows and doors with our Premium Black Weather Strip Seal, also known as Leaf Weatherseal. Features: Waterproof: Nearly 100% closed-cell foam to prevent water entry. UV Resistant: Protects against harmful UV rays for long-lasting durability. Effective Sealing: Ensures a tight and secure seal for superior insulation. Specifications: Color: Black. Sizes: Sold in lengths of 70″, available in multiples of 5 lengths (350 inches). Replacement: Replaces driftwood weather seals. Compatibility: Suitable for aluminum, vinyl, and wood windows and doors. Description: Perfect for enhancing the performance of aluminum, vinyl, and wood windows and doors. Designed for easy installation and lasting protection. Glazing Bead Compatibility: Fits brands like Kolbe, Craftline, Rusco, Lawson, Silverline, Pacific Glass, WinDor, Eagle, Milco, Norco, Crestline, and more. Made from various materials such as wood, steel, aluminum, vinyl, PVC, and plastic to secure the IGU (Insulated Glass Unit) in the sash. To order go to: www.biltbestwindowparts.com",,no,,,each,
Locking Handle | Keeper Sold Separately,truthentrygard.com,https://truthentrygard.com/product/locking-handle-keeper-sold-separately/,Got Questions? Not sure what you need? Feel free to email: info@truthentrygard.com NOT SURE WHAT YOU NEED?!? EMAIL PICTURES AND WE WILL GET YOU TAKEN CARE OF! Description Locking Handle Material : Durable zinc die-cast handle and housing. Available Colors : Elegant Beige Rich Chestnut Bronze Classic White Description Locking Handle Material : Durable zinc die-cast handle and housing. Available Colors : Elegant Beige Rich Chestnut Bronze Classic White Description Locking Handle Material : Durable zinc die-cast handle and housing. Available Colors : Elegant Beige Rich Chestnut Bronze Classic White,,no,,,each,
Manual Skylight Operators | Straight and Angle Drive Options,truthentrygard.com,https://truthentrygard.com/product/manual-skylight-operators-straight-and-angle-drive-options/,"Got Questions? Not sure what you need? Feel free to email: info@truthentrygard.com NOT SURE WHAT YOU NEED?!? EMAIL PICTURES AND WE WILL GET YOU TAKEN CARE OF! Description Upgrade your skylight with our Manual Skylight Control Operator System, available in both Angle Drive (#OT-OFR-AD) and Straight Drive (#OT-OFI-SD) options. These units are easy to install and replace older models, compatible with wood, metal, or vinyl framed skylights, and can replace certain ROTO Skylight older versions. The high gear reduction feature provides low torque, allowing you to lift a sash weight of up to 140 lbs with minimal effort. The steel chain is detachable at the sash for easy maintenance. Handle sold separately. Features: Compatibility: Works with wood, metal, or vinyl framed skylights. Easy Installation: Simple to install and replace older units. High Gear Reduction: Provides low torque for lifting sash weights up to 140 lbs. Detachable Steel Chain: For easy maintenance. Replacement: Suitable for some older ROTO Skylight models. Color Options: Available in Chestnut Bronze or White (please specify color, or we will ship bronze by default). Description Upgrade your skylight with our Manual Skylight Control Operator System, available in both Angle Drive (#OT-OFR-AD) and Straight Drive (#OT-OFI-SD) options. These units are easy to install and replace older models, compatible with wood, metal, or vinyl framed skylights, and can replace certain ROTO Skylight older versions. The high gear reduction feature provides low torque, allowing you to lift a sash weight of up to 140 lbs with minimal effort. The steel chain is detachable at the sash for easy maintenance. Handle sold separately. Features: Compatibility: Works with wood, metal, or vinyl framed skylights. Easy Installation: Simple to install and replace older units. High Gear Reduction: Provides low torque for lifting sash weights up to 140 lbs. Detachable Steel Chain: For easy maintenance. Replacement: Suitable for some older ROTO Skylight models. Color Options: Available in Chestnut Bronze or White (please specify color, or we will ship bronze by default). Description Upgrade your skylight with our Manual Skylight Control Operator System, available in both Angle Drive (#OT-OFR-AD) and Straight Drive (#OT-OFI-SD) options. These units are easy to install and replace older models, compatible with wood, metal, or vinyl framed skylights, and can replace certain ROTO Skylight older versions. The high gear reduction feature provides low torque, allowing you to lift a sash weight of up to 140 lbs with minimal effort. The steel chain is detachable at the sash for easy maintenance. Handle sold separately. Features: Compatibility: Works with wood, metal, or vinyl framed skylights. Easy Installation: Simple to install and replace older units. High Gear Reduction: Provides low torque for lifting sash weights up to 140 lbs. Detachable Steel Chain: For easy maintenance. Replacement: Suitable for some older ROTO Skylight models. Color Options: Available in Chestnut Bronze or White (please specify color, or we will ship bronze by default).",,no,,,each,
Marvel Power Window System,truthentrygard.com,https://truthentrygard.com/product/marvel-power-window-system/,"For questions or concerns, feel free to reach out to us @ info@truthentrygard.com Description Introducing our Marvel Power Operator System – the ultimate solution for effortless window and skylight operation: Simple Setup: No transformer needed; operates on standard 110-volt household current. Smart Control: Electronic limit switch ensures precise opening positions; internal current sensing for seamless closing. Easy Installation: Three mounting bracket styles for versatile installation options. Durable Performance: Robust double-link chain provides smooth operation and can lift skylight sashes up to 90 lbs. Convenient Management: Operate multiple units from a single control switch. Experience simplicity and innovation with the Marvel Power Operator System. Description Introducing our Marvel Power Operator System – the ultimate solution for effortless window and skylight operation: Simple Setup: No transformer needed; operates on standard 110-volt household current. Smart Control: Electronic limit switch ensures precise opening positions; internal current sensing for seamless closing. Easy Installation: Three mounting bracket styles for versatile installation options. Durable Performance: Robust double-link chain provides smooth operation and can lift skylight sashes up to 90 lbs. Convenient Management: Operate multiple units from a single control switch. Experience simplicity and innovation with the Marvel Power Operator System. Description Introducing our Marvel Power Operator System – the ultimate solution for effortless window and skylight operation: Simple Setup: No transformer needed; operates on standard 110-volt household current. Smart Control: Electronic limit switch ensures precise opening positions; internal current sensing for seamless closing. Easy Installation: Three mounting bracket styles for versatile installation options. Durable Performance: Robust double-link chain provides smooth operation and can lift skylight sashes up to 90 lbs. Convenient Management: Operate multiple units from a single control switch. Experience simplicity and innovation with the Marvel Power Operator System.",,no,,,each,
OEM Casement Window Part – Sill / Head Horizontal Weather Seal,truthentrygard.com,https://truthentrygard.com/product/oem-casement-window-part-sill-head-horizontal-weather-seal/,"**For questions or concerns, please contact info@truthentrygard.com Description Enhance your Casement Windows with our OEM Casement Weatherstrip. Designed for horizontal sills and heads, this double-leg bulb-type weatherstripping ensures superior sealing performance. Available in 25-foot rolls, it’s priced per foot and made to seal air leaks around fixed window frames. Replace every 7 years for optimal performance, as exposure to elements can degrade effectiveness. Prioritize functionality over aesthetics for long-lasting efficiency. Upgrade now for lasting comfort and energy savings. Description Enhance your Casement Windows with our OEM Casement Weatherstrip. Designed for horizontal sills and heads, this double-leg bulb-type weatherstripping ensures superior sealing performance. Available in 25-foot rolls, it’s priced per foot and made to seal air leaks around fixed window frames. Replace every 7 years for optimal performance, as exposure to elements can degrade effectiveness. Prioritize functionality over aesthetics for long-lasting efficiency. Upgrade now for lasting comfort and energy savings. Description Enhance your Casement Windows with our OEM Casement Weatherstrip. Designed for horizontal sills and heads, this double-leg bulb-type weatherstripping ensures superior sealing performance. Available in 25-foot rolls, it’s priced per foot and made to seal air leaks around fixed window frames. Replace every 7 years for optimal performance, as exposure to elements can degrade effectiveness. Prioritize functionality over aesthetics for long-lasting efficiency. Upgrade now for lasting comfort and energy savings.",,no,,,each,
Old Casement Window Operator Parts | Sash Slide Track,truthentrygard.com,https://truthentrygard.com/product/old-casement-window-operator-parts-sash-slide-track/,"**For questions or concerns, please contact info@truthentrygard.com Description Find the perfect replacement part for your aging casement window units with our Operator Sash Track Assembly. This essential component mounts at the bottom of the sash, facilitating smooth back-and-forth movement for the operator arm. Often known as the operator sash track assembly, it ensures seamless operation of your casement windows. Upgrade your window’s functionality with this durable replacement part, designed to restore smooth sliding motion and extend the lifespan of your window unit. Say goodbye to frustrating jams and sticking and enjoy effortless operation once again. Description Find the perfect replacement part for your aging casement window units with our Operator Sash Track Assembly. This essential component mounts at the bottom of the sash, facilitating smooth back-and-forth movement for the operator arm. Often known as the operator sash track assembly, it ensures seamless operation of your casement windows. Upgrade your window’s functionality with this durable replacement part, designed to restore smooth sliding motion and extend the lifespan of your window unit. Say goodbye to frustrating jams and sticking and enjoy effortless operation once again. Description Find the perfect replacement part for your aging casement window units with our Operator Sash Track Assembly. This essential component mounts at the bottom of the sash, facilitating smooth back-and-forth movement for the operator arm. Often known as the operator sash track assembly, it ensures seamless operation of your casement windows. Upgrade your window’s functionality with this durable replacement part, designed to restore smooth sliding motion and extend the lifespan of your window unit. Say goodbye to frustrating jams and sticking and enjoy effortless operation once again.",,no,,,each,
Old Casement Window Upgrade Kits | 1960’s 1970’s 1980’s Models,truthentrygard.com,https://truthentrygard.com/product/old-casement-window-upgrade-kits-1960s-1970s-1980s-models/,"**For questions or concerns, please contact info@truthentrygard.com Description Revitalize your outdated casement windows with our comprehensive repair and upgrade packages. Our kits are tailored to address the challenges of finding obsolete parts, offering solutions for sills, operators, cranks, handles, and tracks. With our packages, your windows will operate smoothly and efficiently once more. Upgrade your window components with modern replacements, including operators, cranks, folding or drop handles, and new wood window sill-bottom and sill stop kits. We provide everything you need for a complete restoration. Our packages cover a wide range of brands from the 1960s, 1970s, and 1980s, including Truth, EntryGard, BiltBest, Caradco, and many more. Whether it’s Truth, EntryGard, BiltBest, Caradco, Craftline, Pella, Alenco, Therma-Tru, Eagle, Hurd, Kolbe, Lincoln, M-W, Malta, Marvin, Norandex, Norco, Pozzi, Jeld-Wen, Rockwell, Seal-Rite, Semco, Oldach, SNE, Vedder, Peachtree, Crestline, WeatherVane, Wenco, Weather-Shield, Windsor, Acorn, Barber & Ross, BetterBilt, Quaker, or Traco, we have you covered. Let us assist you in identifying and acquiring the parts you need to breathe new life into your vintage windows. Description Revitalize your outdated casement windows with our comprehensive repair and upgrade packages. Our kits are tailored to address the challenges of finding obsolete parts, offering solutions for sills, operators, cranks, handles, and tracks. With our packages, your windows will operate smoothly and efficiently once more. Upgrade your window components with modern replacements, including operators, cranks, folding or drop handles, and new wood window sill-bottom and sill stop kits. We provide everything you need for a complete restoration. Our packages cover a wide range of brands from the 1960s, 1970s, and 1980s, including Truth, EntryGard, BiltBest, Caradco, and many more. Whether it’s Truth, EntryGard, BiltBest, Caradco, Craftline, Pella, Alenco, Therma-Tru, Eagle, Hurd, Kolbe, Lincoln, M-W, Malta, Marvin, Norandex, Norco, Pozzi, Jeld-Wen, Rockwell, Seal-Rite, Semco, Oldach, SNE, Vedder, Peachtree, Crestline, WeatherVane, Wenco, Weather-Shield, Windsor, Acorn, Barber & Ross, BetterBilt, Quaker, or Traco, we have you covered. Let us assist you in identifying and acquiring the parts you need to breathe new life into your vintage windows. Description Revitalize your outdated casement windows with our comprehensive repair and upgrade packages. Our kits are tailored to address the challenges of finding obsolete parts, offering solutions for sills, operators, cranks, handles, and tracks. With our packages, your windows will operate smoothly and efficiently once more. Upgrade your window components with modern replacements, including operators, cranks, folding or drop handles, and new wood window sill-bottom and sill stop kits. We provide everything you need for a complete restoration. Our packages cover a wide range of brands from the 1960s, 1970s, and 1980s, including Truth, EntryGard, BiltBest, Caradco, and many more. Whether it’s Truth, EntryGard, BiltBest, Caradco, Craftline, Pella, Alenco, Therma-Tru, Eagle, Hurd, Kolbe, Lincoln, M-W, Malta, Marvin, Norandex, Norco, Pozzi, Jeld-Wen, Rockwell, Seal-Rite, Semco, Oldach, SNE, Vedder, Peachtree, Crestline, WeatherVane, Wenco, Weather-Shield, Windsor, Acorn, Barber & Ross, BetterBilt, Quaker, or Traco, we have you covered. Let us assist you in identifying and acquiring the parts you need to breathe new life into your vintage windows.",,no,,,each,
Old Style Casement Operator Model P-234 DC P-233 DC,truthentrygard.com,https://truthentrygard.com/product/old-style-casement-operator-model-p-234-dc-p-233-dc/,"For questions or concerns, please contact info@truthentrygard.com Description Upgrade your windows with our modern Casement Operator, designed to replace older style units from the 1960s and 1970s. Perfect for use with removable or hidden sill stops, our operators offer a seamless integration that enhances both functionality and aesthetics. Determining the correct handing for your operator is simple. Just follow these steps: Stand inside your home, facing the window. If the lock or lock handle is on the left side of the window, you need a left-handed operator. If the lock or lock handle is on the right side of the window, you need a right-handed operator. With this easy method, you can ensure that your replacement operator is perfectly suited to your window configuration, guaranteeing smooth operation and secure locking. Upgrade your windows effortlessly with our high-quality Casement Operator, available in both left-handed and right-handed options. Experience the convenience and reliability of modern window hardware while maintaining the classic charm of your home’s original design. Description Upgrade your windows with our modern Casement Operator, designed to replace older style units from the 1960s and 1970s. Perfect for use with removable or hidden sill stops, our operators offer a seamless integration that enhances both functionality and aesthetics. Determining the correct handing for your operator is simple. Just follow these steps: Stand inside your home, facing the window. If the lock or lock handle is on the left side of the window, you need a left-handed operator. If the lock or lock handle is on the right side of the window, you need a right-handed operator. With this easy method, you can ensure that your replacement operator is perfectly suited to your window configuration, guaranteeing smooth operation and secure locking. Upgrade your windows effortlessly with our high-quality Casement Operator, available in both left-handed and right-handed options. Experience the convenience and reliability of modern window hardware while maintaining the classic charm of your home’s original design. Description Upgrade your windows with our modern Casement Operator, designed to replace older style units from the 1960s and 1970s. Perfect for use with removable or hidden sill stops, our operators offer a seamless integration that enhances both functionality and aesthetics. Determining the correct handing for your operator is simple. Just follow these steps: Stand inside your home, facing the window. If the lock or lock handle is on the left side of the window, you need a left-handed operator. If the lock or lock handle is on the right side of the window, you need a right-handed operator. With this easy method, you can ensure that your replacement operator is perfectly suited to your window configuration, guaranteeing smooth operation and secure locking. Upgrade your windows effortlessly with our high-quality Casement Operator, available in both left-handed and right-handed options. Experience the convenience and reliability of modern window hardware while maintaining the classic charm of your home’s original design.",,no,,,each,
Old Style Casement Operator Replacements -Thru Sill Stop,truthentrygard.com,https://truthentrygard.com/product/old-style-casement-operator-replacements-thru-sill-stop/,"For questions or concerns, please contact info@truthentrygard.com Description Introducing the upgraded solution for your casement window needs: the New OEM BiltBest Casement Operator. Designed to seamlessly replace the older model units (such as P234 and P233), this operator offers enhanced functionality and durability. Crafted to fit snugly under or through the wooden Sill Stop, this specialized unit ensures a secure and reliable operation for your windows. Its compatibility is showcased in the accompanying images, providing you with a visual guide for installation. To ensure the perfect fit for your window, specify whether you require a Left-handed or RIGHT-handed operator. Determining this is simple: just observe your window from the inside. If the lock or sash locking handle is on the left side, opt for a left-handed operator. Conversely, if it’s on the right side, a right-handed operator is needed. Enhance your window restoration or upgrade project with our range of additional parts, including the Wooden Sill Stop Cover Part, Handles, and Covers. Each item is available for separate purchase to ensure you have everything you need to complete your project seamlessly. Upgrade your casement windows effortlessly with the precision and reliability of the New OEM BiltBest Casement Operator! Description Introducing the upgraded solution for your casement window needs: the New OEM BiltBest Casement Operator. Designed to seamlessly replace the older model units (such as P234 and P233), this operator offers enhanced functionality and durability. Crafted to fit snugly under or through the wooden Sill Stop, this specialized unit ensures a secure and reliable operation for your windows. Its compatibility is showcased in the accompanying images, providing you with a visual guide for installation. To ensure the perfect fit for your window, specify whether you require a Left-handed or RIGHT-handed operator. Determining this is simple: just observe your window from the inside. If the lock or sash locking handle is on the left side, opt for a left-handed operator. Conversely, if it’s on the right side, a right-handed operator is needed. Enhance your window restoration or upgrade project with our range of additional parts, including the Wooden Sill Stop Cover Part, Handles, and Covers. Each item is available for separate purchase to ensure you have everything you need to complete your project seamlessly. Upgrade your casement windows effortlessly with the precision and reliability of the New OEM BiltBest Casement Operator! Description Introducing the upgraded solution for your casement window needs: the New OEM BiltBest Casement Operator. Designed to seamlessly replace the older model units (such as P234 and P233), this operator offers enhanced functionality and durability. Crafted to fit snugly under or through the wooden Sill Stop, this specialized unit ensures a secure and reliable operation for your windows. Its compatibility is showcased in the accompanying images, providing you with a visual guide for installation. To ensure the perfect fit for your window, specify whether you require a Left-handed or RIGHT-handed operator. Determining this is simple: just observe your window from the inside. If the lock or sash locking handle is on the left side, opt for a left-handed operator. Conversely, if it’s on the right side, a right-handed operator is needed. Enhance your window restoration or upgrade project with our range of additional parts, including the Wooden Sill Stop Cover Part, Handles, and Covers. Each item is available for separate purchase to ensure you have everything you need to complete your project seamlessly. Upgrade your casement windows effortlessly with the precision and reliability of the New OEM BiltBest Casement Operator!",,no,,,each,
Old Style Patio Door Weather Strip Seals | **LIMITED AVAILABILITY** BiltBest,truthentrygard.com,https://truthentrygard.com/product/old-style-patio-door-weather-strip-seals-limited-availability-biltbest/,"Got Questions? Not sure what you need? Feel free to email: info@truthentrygard.com NOT SURE WHAT YOU NEED?!? EMAIL PICTURES AND WE WILL GET YOU TAKEN CARE OF! Description 82″ Length, BRONZE – Priced PER MINIMUM ORDER. There Is a MINIMUM ORDER ON THIS ITEM OF THREE (3) PIECES Per Order. This is the hard-to-find Biltbest Patio Door weather strip door seals. Best grade Air Lock Seals for doors. TO ORDER GO TO: www.biltbestwindowparts.com Description 82″ Length, BRONZE – Priced PER MINIMUM ORDER. There Is a MINIMUM ORDER ON THIS ITEM OF THREE (3) PIECES Per Order. This is the hard-to-find Biltbest Patio Door weather strip door seals. Best grade Air Lock Seals for doors. TO ORDER GO TO: www.biltbestwindowparts.com Description 82″ Length, BRONZE – Priced PER MINIMUM ORDER. There Is a MINIMUM ORDER ON THIS ITEM OF THREE (3) PIECES Per Order. This is the hard-to-find Biltbest Patio Door weather strip door seals. Best grade Air Lock Seals for doors. TO ORDER GO TO: www.biltbestwindowparts.com",,no,,,each,
"Patio Door Weather Strip Seals, Head Jamb Styles OLD",truthentrygard.com,https://truthentrygard.com/product/patio-door-weather-strip-seals-head-jamb-styles-old/,"For questions or concerns, please contact info@truthentrygard.com Description Discover our exclusive collection of Hard To Find Patio Door Seal Parts, meticulously crafted to enhance the performance and longevity of your sliding patio doors. Key Features: Side & Head Door Seal: Specifically designed for the sides and top of your patio doors, ensuring comprehensive sealing and protection against drafts and moisture. Customizable Length: Each seal is 8 feet long, allowing customers to cut it to their desired length for a perfect fit. Tan Color Only: Available exclusively in tan color to seamlessly blend with a variety of patio door finishes. Special Order Item: Please note that these seal parts are special order items, and the cut product is non-returnable, ensuring a tailored solution for your specific needs. Compatible with Various Brands: Fits Oldach Styles, Hurd, Marvin sliding patio doors, and many others, offering versatile compatibility across different models and brands. Recommended Replacement: Typically, two seals are required per door unit. It is highly recommended to replace both seals at the same time to ensure optimal performance and longevity. Description Discover our exclusive collection of Hard To Find Patio Door Seal Parts, meticulously crafted to enhance the performance and longevity of your sliding patio doors. Key Features: Side & Head Door Seal: Specifically designed for the sides and top of your patio doors, ensuring comprehensive sealing and protection against drafts and moisture. Customizable Length: Each seal is 8 feet long, allowing customers to cut it to their desired length for a perfect fit. Tan Color Only: Available exclusively in tan color to seamlessly blend with a variety of patio door finishes. Special Order Item: Please note that these seal parts are special order items, and the cut product is non-returnable, ensuring a tailored solution for your specific needs. Compatible with Various Brands: Fits Oldach Styles, Hurd, Marvin sliding patio doors, and many others, offering versatile compatibility across different models and brands. Recommended Replacement: Typically, two seals are required per door unit. It is highly recommended to replace both seals at the same time to ensure optimal performance and longevity. Description Discover our exclusive collection of Hard To Find Patio Door Seal Parts, meticulously crafted to enhance the performance and longevity of your sliding patio doors. Key Features: Side & Head Door Seal: Specifically designed for the sides and top of your patio doors, ensuring comprehensive sealing and protection against drafts and moisture. Customizable Length: Each seal is 8 feet long, allowing customers to cut it to their desired length for a perfect fit. Tan Color Only: Available exclusively in tan color to seamlessly blend with a variety of patio door finishes. Special Order Item: Please note that these seal parts are special order items, and the cut product is non-returnable, ensuring a tailored solution for your specific needs. Compatible with Various Brands: Fits Oldach Styles, Hurd, Marvin sliding patio doors, and many others, offering versatile compatibility across different models and brands. Recommended Replacement: Typically, two seals are required per door unit. It is highly recommended to replace both seals at the same time to ensure optimal performance and longevity.",,no,,,each,
Pella Windows and Doors: Replacement and Repair Parts,truthentrygard.com,https://truthentrygard.com/product/pella-windows-and-doors-replacement-and-repair-parts/,"Got Questions? Not sure what you need? Feel free to email: info@truthentrygard.com NOT SURE WHAT YOU NEED?!? EMAIL PICTURES AND WE WILL GET YOU TAKEN CARE OF! Description Need replacement parts for your Pella windows and doors? Virtually any part of your Pella product can be repaired, replaced, or updated. From crank handles and sash locks to key locks for doors, we have you covered. Follow these simple steps to facilitate your replacement parts order: Provide Original Order Information (if available): If you have the original Pella order number, invoice, or purchase order number, it can be helpful. However, many people do not keep these documents. If you don’t have them, write down the Unit ID/Serial Number on your Pella product (window or patio door). Identify Material Type and Product Line: Determine the material type of your product: Wood, Fiberglass, or Vinyl Windows and Patio Doors. Identify the specific part you need: Weather Strip, Seals, Door Sweeps, Sash locks, Handles, Casement Operators, etc. TO ORDER GO TO: www.biltbestwindowparts.com Description Need replacement parts for your Pella windows and doors? Virtually any part of your Pella product can be repaired, replaced, or updated. From crank handles and sash locks to key locks for doors, we have you covered. Follow these simple steps to facilitate your replacement parts order: Provide Original Order Information (if available): If you have the original Pella order number, invoice, or purchase order number, it can be helpful. However, many people do not keep these documents. If you don’t have them, write down the Unit ID/Serial Number on your Pella product (window or patio door). Identify Material Type and Product Line: Determine the material type of your product: Wood, Fiberglass, or Vinyl Windows and Patio Doors. Identify the specific part you need: Weather Strip, Seals, Door Sweeps, Sash locks, Handles, Casement Operators, etc. TO ORDER GO TO: www.biltbestwindowparts.com Description Need replacement parts for your Pella windows and doors? Virtually any part of your Pella product can be repaired, replaced, or updated. From crank handles and sash locks to key locks for doors, we have you covered. Follow these simple steps to facilitate your replacement parts order: Provide Original Order Information (if available): If you have the original Pella order number, invoice, or purchase order number, it can be helpful. However, many people do not keep these documents. If you don’t have them, write down the Unit ID/Serial Number on your Pella product (window or patio door). Identify Material Type and Product Line: Determine the material type of your product: Wood, Fiberglass, or Vinyl Windows and Patio Doors. Identify the specific part you need: Weather Strip, Seals, Door Sweeps, Sash locks, Handles, Casement Operators, etc. TO ORDER GO TO: www.biltbestwindowparts.com",,no,,,each,
Perma-Shield Casement Operator Parts,truthentrygard.com,https://truthentrygard.com/product/perma-shield-casement-operator-parts/,"For questions or concerns, please contact info@truthentrygard.com Description Upgrade your casement windows with our Perma-Shield Casement Operator Parts—a complete package shipped with everything you need for seamless installation and smooth operation. Each set includes a crank handle, cover, operator channel, and screws, ensuring convenience and efficiency from start to finish. Crafted with precision, our operator parts feature a stone nylon shoe with a slot for the channel, providing stability and durability for long-term use. The shoe is easily mounted on top of the operator arm, offering reliable support and functionality. Experience effortless window operation and enhanced performance with our Perma-Shield Casement Operator Parts. Whether you’re replacing worn-out components or upgrading your existing setup, our comprehensive kit ensures hassle-free installation and reliable functionality for years to come. **EMAIL US For Current Pricing / Availability: Info@truthentrygard.com Description Upgrade your casement windows with our Perma-Shield Casement Operator Parts—a complete package shipped with everything you need for seamless installation and smooth operation. Each set includes a crank handle, cover, operator channel, and screws, ensuring convenience and efficiency from start to finish. Crafted with precision, our operator parts feature a stone nylon shoe with a slot for the channel, providing stability and durability for long-term use. The shoe is easily mounted on top of the operator arm, offering reliable support and functionality. Experience effortless window operation and enhanced performance with our Perma-Shield Casement Operator Parts. Whether you’re replacing worn-out components or upgrading your existing setup, our comprehensive kit ensures hassle-free installation and reliable functionality for years to come. **EMAIL US For Current Pricing / Availability: Info@truthentrygard.com Description Upgrade your casement windows with our Perma-Shield Casement Operator Parts—a complete package shipped with everything you need for seamless installation and smooth operation. Each set includes a crank handle, cover, operator channel, and screws, ensuring convenience and efficiency from start to finish. Crafted with precision, our operator parts feature a stone nylon shoe with a slot for the channel, providing stability and durability for long-term use. The shoe is easily mounted on top of the operator arm, offering reliable support and functionality. Experience effortless window operation and enhanced performance with our Perma-Shield Casement Operator Parts. Whether you’re replacing worn-out components or upgrading your existing setup, our comprehensive kit ensures hassle-free installation and reliable functionality for years to come. **EMAIL US For Current Pricing / Availability: Info@truthentrygard.com",,no,,,each,
Q Foam Filled Weatherstrip Seals for Hinged Patio Doors,truthentrygard.com,https://truthentrygard.com/product/q-foam-filled-weatherstrip-seals-for-hinged-patio-doors/,"Got Questions? Not sure what you need? Feel free to email: info@truthentrygard.com NOT SURE WHAT YOU NEED?!? EMAIL PICTURES AND WE WILL GET YOU TAKEN CARE OF! Description Designed for both inswing and outswing BiltBest patio doors, these weather strip seals help prevent air leaks around doors and operable windows. Enhance your home’s energy efficiency by sealing gaps and reducing drafts with these high-quality weatherstrip seals. TO ORDER GO TO: www.biltbestwindowparts.com Description Designed for both inswing and outswing BiltBest patio doors, these weather strip seals help prevent air leaks around doors and operable windows. Enhance your home’s energy efficiency by sealing gaps and reducing drafts with these high-quality weatherstrip seals. TO ORDER GO TO: www.biltbestwindowparts.com Description Designed for both inswing and outswing BiltBest patio doors, these weather strip seals help prevent air leaks around doors and operable windows. Enhance your home’s energy efficiency by sealing gaps and reducing drafts with these high-quality weatherstrip seals. TO ORDER GO TO: www.biltbestwindowparts.com",,no,,,each,
Replacement Casement Wood Sash kit,truthentrygard.com,https://truthentrygard.com/product/replacement-casement-wood-sash-kit/,"*Prices vary depending on size** For questions or concerns please contact info@truthentrygard.com Description Revamp your windows with our Replacement Casement Wood Sash Kit. Crafted for DIY ease, it includes primed wood sashes (exterior) and raw (interior). Measuring instructions available, with a 20-day production time. **Glass not included** CLICK HERE for Replacement Casement Wood Sash Kit measuring instructions. Description Revamp your windows with our Replacement Casement Wood Sash Kit. Crafted for DIY ease, it includes primed wood sashes (exterior) and raw (interior). Measuring instructions available, with a 20-day production time. **Glass not included** CLICK HERE for Replacement Casement Wood Sash Kit measuring instructions. Description Revamp your windows with our Replacement Casement Wood Sash Kit. Crafted for DIY ease, it includes primed wood sashes (exterior) and raw (interior). Measuring instructions available, with a 20-day production time. **Glass not included** CLICK HERE for Replacement Casement Wood Sash Kit measuring instructions.",,no,,,each,
Replacement Casement Wood Sash With Low E Glass,truthentrygard.com,https://truthentrygard.com/product/replacement-casement-wood-sash-with-low-e-glass/,"For question or concerns, please contact info@truthentrygard.com Description Upgrade your space with our premium wood sashes, meticulously crafted to enhance both the aesthetics and functionality of your home. Engineered with sophistication in mind, our sashes boast a unique combination of style and durability. Designed for seamless integration, our wood sashes feature a primed exterior side and a raw interior side, providing versatility to match any interior design scheme. Each sash is meticulously constructed with low e glass, ensuring optimal energy efficiency and climate control. For those seeking traditional elegance, we also offer standard glass options Choose from grilles sealed within the insulating glass for a sleek, modern look, or opt for our SDL grilles, available in three sizes, for a timeless aesthetic. If your vision includes grilles, simply reach out to us for personalized pricing. Elevate your space with our wood sashes, where quality craftsmanship meets timeless design. Click here for measuring instructions and allow 20 days for production CLICK HERE for measuring instructions. Description Upgrade your space with our premium wood sashes, meticulously crafted to enhance both the aesthetics and functionality of your home. Engineered with sophistication in mind, our sashes boast a unique combination of style and durability. Designed for seamless integration, our wood sashes feature a primed exterior side and a raw interior side, providing versatility to match any interior design scheme. Each sash is meticulously constructed with low e glass, ensuring optimal energy efficiency and climate control. For those seeking traditional elegance, we also offer standard glass options Choose from grilles sealed within the insulating glass for a sleek, modern look, or opt for our SDL grilles, available in three sizes, for a timeless aesthetic. If your vision includes grilles, simply reach out to us for personalized pricing. Elevate your space with our wood sashes, where quality craftsmanship meets timeless design. Click here for measuring instructions and allow 20 days for production CLICK HERE for measuring instructions. Description Upgrade your space with our premium wood sashes, meticulously crafted to enhance both the aesthetics and functionality of your home. Engineered with sophistication in mind, our sashes boast a unique combination of style and durability. Designed for seamless integration, our wood sashes feature a primed exterior side and a raw interior side, providing versatility to match any interior design scheme. Each sash is meticulously constructed with low e glass, ensuring optimal energy efficiency and climate control. For those seeking traditional elegance, we also offer standard glass options Choose from grilles sealed within the insulating glass for a sleek, modern look, or opt for our SDL grilles, available in three sizes, for a timeless aesthetic. If your vision includes grilles, simply reach out to us for personalized pricing. Elevate your space with our wood sashes, where quality craftsmanship meets timeless design. Click here for measuring instructions and allow 20 days for production CLICK HERE for measuring instructions.",,no,,,each,
Double Hung Clad Sash-Low E Glass,truthentrygard.com,https://truthentrygard.com/product/replacement-double-hung-clad-sash-with-low-e-glass/,"For questions or concerns, feel free to contact us at info@truthentrygard.com Description Replacement Double Hung Clad Sash With Low E Glass CLICK HERE for measuring instructions. Please allow 20 days production time for sashes. Clad sashes come clad on the exterior side and raw on the interior side. This product is made with low e glass. Also available with standard glass. Other colors available upon request; please call for details. We offer various types of grilles: Grilles sealed in the insulating glass, and three sizes of SDL (Grilles permanently applied to the interior and exterior of the glass). If your window requires grilles please contact us for pricing. Description Replacement Double Hung Clad Sash With Low E Glass CLICK HERE for measuring instructions. Please allow 20 days production time for sashes. Clad sashes come clad on the exterior side and raw on the interior side. This product is made with low e glass. Also available with standard glass. Other colors available upon request; please call for details. We offer various types of grilles: Grilles sealed in the insulating glass, and three sizes of SDL (Grilles permanently applied to the interior and exterior of the glass). If your window requires grilles please contact us for pricing. Description Replacement Double Hung Clad Sash With Low E Glass CLICK HERE for measuring instructions. Please allow 20 days production time for sashes. Clad sashes come clad on the exterior side and raw on the interior side. This product is made with low e glass. Also available with standard glass. Other colors available upon request; please call for details. We offer various types of grilles: Grilles sealed in the insulating glass, and three sizes of SDL (Grilles permanently applied to the interior and exterior of the glass). If your window requires grilles please contact us for pricing.",,no,,,each,
Replacement Double Hung Clad Sash With Standard Glass,truthentrygard.com,https://truthentrygard.com/product/replacement-double-hung-clad-sash-with-standard-glass/,"For questions or concerns, please contact info@truthentrygard.com Description Upgrade your double-hung windows effortlessly with our Replacement Double Hung Clad Sash, designed for seamless integration and enhanced durability. Crafted with precision, these sashes feature a sleek clad exterior for optimal weather resistance, while maintaining a raw interior for easy customization to match your interior décor. Each sash is meticulously constructed with standard glass, ensuring clarity and reliability. Need a different tint or shade? We offer a range of customizable options to suit your preferences; simply reach out to our team for details. Choose from grilles sealed within the insulating glass for a seamless look, or opt for our SDL grilles available in three sizes, expertly applied to the interior and exterior for a timeless finish. Reach out to us for pricing tailored to your specific grille requirements! CLICK HERE for measuring instructions. Description Upgrade your double-hung windows effortlessly with our Replacement Double Hung Clad Sash, designed for seamless integration and enhanced durability. Crafted with precision, these sashes feature a sleek clad exterior for optimal weather resistance, while maintaining a raw interior for easy customization to match your interior décor. Each sash is meticulously constructed with standard glass, ensuring clarity and reliability. Need a different tint or shade? We offer a range of customizable options to suit your preferences; simply reach out to our team for details. Choose from grilles sealed within the insulating glass for a seamless look, or opt for our SDL grilles available in three sizes, expertly applied to the interior and exterior for a timeless finish. Reach out to us for pricing tailored to your specific grille requirements! CLICK HERE for measuring instructions. Description Upgrade your double-hung windows effortlessly with our Replacement Double Hung Clad Sash, designed for seamless integration and enhanced durability. Crafted with precision, these sashes feature a sleek clad exterior for optimal weather resistance, while maintaining a raw interior for easy customization to match your interior décor. Each sash is meticulously constructed with standard glass, ensuring clarity and reliability. Need a different tint or shade? We offer a range of customizable options to suit your preferences; simply reach out to our team for details. Choose from grilles sealed within the insulating glass for a seamless look, or opt for our SDL grilles available in three sizes, expertly applied to the interior and exterior for a timeless finish. Reach out to us for pricing tailored to your specific grille requirements! CLICK HERE for measuring instructions.",,no,,,each,
Double Hung Wood Sash-Low E Glass,truthentrygard.com,https://truthentrygard.com/product/replacement-double-hung-wood-sash-with-low-e-glass/,"For questions or concerns, feel free to reach out to info@truthentrygard.com Description Replacement Double Hung Wood Sash with Low E Glass CLICK HERE for measuring instructions. Please allow 20 days production time for sashes. Wood sashes come primed on the exterior side and raw on the interior side. This product is made with low e glass. We offer various types of grilles: Grilles sealed in the insulating glass, and three sizes of SDL (Grilles permanently applied to the interior and exterior of the glass). If your window requires grilles please contact us for pricing. Description Replacement Double Hung Wood Sash with Low E Glass CLICK HERE for measuring instructions. Please allow 20 days production time for sashes. Wood sashes come primed on the exterior side and raw on the interior side. This product is made with low e glass. We offer various types of grilles: Grilles sealed in the insulating glass, and three sizes of SDL (Grilles permanently applied to the interior and exterior of the glass). If your window requires grilles please contact us for pricing. Description Replacement Double Hung Wood Sash with Low E Glass CLICK HERE for measuring instructions. Please allow 20 days production time for sashes. Wood sashes come primed on the exterior side and raw on the interior side. This product is made with low e glass. We offer various types of grilles: Grilles sealed in the insulating glass, and three sizes of SDL (Grilles permanently applied to the interior and exterior of the glass). If your window requires grilles please contact us for pricing.",,no,,,each,
Double Hung Wood Sash-Standard Glass,truthentrygard.com,https://truthentrygard.com/product/replacement-double-hung-wood-sash-with-standard-glass/,"This product is made with standard glass. Also available with low e glass. We offer various types of grilles: Grilles sealed in the insulating glass, and three sizes of SDL (Grilles permanently applied to the interior and exterior of the glass). If your window requires grilles please contact us for pricing. Description Upgrade your windows with our Replacement Double Hung Wood Sash, meticulously crafted to elevate both the aesthetics and functionality of your home. Crafted from premium wood, our sashes boast exceptional durability and timeless elegance. The exterior side comes primed, ready for your preferred finish, while the interior side offers a raw surface, allowing for customizable staining or painting to complement your interior decor. Featuring standard glass, our sashes provide clarity and natural light diffusion, enhancing the ambiance of any room. Please note that each sash is made to order with a production time of 20 days, ensuring meticulous attention to detail and uncompromising quality. Upgrade your windows with our Replacement Double Hung Wood Sash and elevate your home’s charm and efficiency. Not sure about the sizing or need assistance with grille options? Our team is here to help! Click HERE for measuring instructions, and don’t hesitate to reach out for personalized support. Info@truthentrygard.com Description Upgrade your windows with our Replacement Double Hung Wood Sash, meticulously crafted to elevate both the aesthetics and functionality of your home. Crafted from premium wood, our sashes boast exceptional durability and timeless elegance. The exterior side comes primed, ready for your preferred finish, while the interior side offers a raw surface, allowing for customizable staining or painting to complement your interior decor. Featuring standard glass, our sashes provide clarity and natural light diffusion, enhancing the ambiance of any room. Please note that each sash is made to order with a production time of 20 days, ensuring meticulous attention to detail and uncompromising quality. Upgrade your windows with our Replacement Double Hung Wood Sash and elevate your home’s charm and efficiency. Not sure about the sizing or need assistance with grille options? Our team is here to help! Click HERE for measuring instructions, and don’t hesitate to reach out for personalized support. Info@truthentrygard.com Description Upgrade your windows with our Replacement Double Hung Wood Sash, meticulously crafted to elevate both the aesthetics and functionality of your home. Crafted from premium wood, our sashes boast exceptional durability and timeless elegance. The exterior side comes primed, ready for your preferred finish, while the interior side offers a raw surface, allowing for customizable staining or painting to complement your interior decor. Featuring standard glass, our sashes provide clarity and natural light diffusion, enhancing the ambiance of any room. Please note that each sash is made to order with a production time of 20 days, ensuring meticulous attention to detail and uncompromising quality. Upgrade your windows with our Replacement Double Hung Wood Sash and elevate your home’s charm and efficiency. Not sure about the sizing or need assistance with grille options? Our team is here to help! Click HERE for measuring instructions, and don’t hesitate to reach out for personalized support. Info@truthentrygard.com",,no,,,each,
Replacement Parts – Casement Sash Low E Glass,truthentrygard.com,https://truthentrygard.com/product/replacement-parts-casement-sash-lowe-glass/,"**For questions or concerns, please contact info@truthentrygard.com Description Please note that there is a production lead time of 20 days for these sashes, ensuring meticulous craftsmanship and attention to detail. Our Bestclad and Proclad sashes feature durable butt joints for long-lasting performance. Clad sashes are externally clad for added protection against the elements, while the interior side remains raw, allowing for versatile customization to suit your interior decor. Crafted with low E glass, these sashes offer superior thermal insulation, keeping your home comfortable year-round while reducing energy costs. Alternatively, standard glass options are also available upon request. Personalize your windows further with various grille options, including grilles sealed within the insulating glass for a sleek look or three sizes of SDL grilles for added visual appeal. Contact us for pricing if your window requires grilles. Upgrade your windows with confidence, knowing that you’re investing in quality craftsmanship and energy-efficient solutions. Experience the difference with our Replacement Casement Best/Pro Clad Sash with Low E Glass and elevate the comfort and style of your home today. CLICK HERE for BiltBest Replacement Casement Best/Pro Clad Sash with Low E Glass measuring instructions. Description Please note that there is a production lead time of 20 days for these sashes, ensuring meticulous craftsmanship and attention to detail. Our Bestclad and Proclad sashes feature durable butt joints for long-lasting performance. Clad sashes are externally clad for added protection against the elements, while the interior side remains raw, allowing for versatile customization to suit your interior decor. Crafted with low E glass, these sashes offer superior thermal insulation, keeping your home comfortable year-round while reducing energy costs. Alternatively, standard glass options are also available upon request. Personalize your windows further with various grille options, including grilles sealed within the insulating glass for a sleek look or three sizes of SDL grilles for added visual appeal. Contact us for pricing if your window requires grilles. Upgrade your windows with confidence, knowing that you’re investing in quality craftsmanship and energy-efficient solutions. Experience the difference with our Replacement Casement Best/Pro Clad Sash with Low E Glass and elevate the comfort and style of your home today. CLICK HERE for BiltBest Replacement Casement Best/Pro Clad Sash with Low E Glass measuring instructions. Description Please note that there is a production lead time of 20 days for these sashes, ensuring meticulous craftsmanship and attention to detail. Our Bestclad and Proclad sashes feature durable butt joints for long-lasting performance. Clad sashes are externally clad for added protection against the elements, while the interior side remains raw, allowing for versatile customization to suit your interior decor. Crafted with low E glass, these sashes offer superior thermal insulation, keeping your home comfortable year-round while reducing energy costs. Alternatively, standard glass options are also available upon request. Personalize your windows further with various grille options, including grilles sealed within the insulating glass for a sleek look or three sizes of SDL grilles for added visual appeal. Contact us for pricing if your window requires grilles. Upgrade your windows with confidence, knowing that you’re investing in quality craftsmanship and energy-efficient solutions. Experience the difference with our Replacement Casement Best/Pro Clad Sash with Low E Glass and elevate the comfort and style of your home today. CLICK HERE for BiltBest Replacement Casement Best/Pro Clad Sash with Low E Glass measuring instructions.",,no,,,each,
Replacement Sash With Standard Glass,truthentrygard.com,https://truthentrygard.com/product/replacement-sash-with-standard-glass/,"For questions or concerns, please contact info@truthentrygard.com Description Upgrade your casement windows with our Replacement Casement Best/Pro Clad Sash featuring standard glass. Please allow 20 days for production time, ensuring precision craftsmanship tailored to your specifications. Crafted with butt joints, our Bestclad and Proclad sashes combine durability and elegance. Clad on the exterior side and raw on the interior, they offer a seamless blend of functionality and aesthetics. Opt for standard glass or elevate your sash with low e glass for enhanced energy efficiency. Customize your windows further with various grille options, including grilles sealed within the insulating glass or three sizes of SDL grilles permanently applied to both interior and exterior sides. For windows requiring grilles, please reach out to us for pricing details. Transform your casement windows with our Replacement Casement Best/Pro Clad Sash, offering unparalleled quality and versatility. CLICK HERE for measuring instructions. Description Upgrade your casement windows with our Replacement Casement Best/Pro Clad Sash featuring standard glass. Please allow 20 days for production time, ensuring precision craftsmanship tailored to your specifications. Crafted with butt joints, our Bestclad and Proclad sashes combine durability and elegance. Clad on the exterior side and raw on the interior, they offer a seamless blend of functionality and aesthetics. Opt for standard glass or elevate your sash with low e glass for enhanced energy efficiency. Customize your windows further with various grille options, including grilles sealed within the insulating glass or three sizes of SDL grilles permanently applied to both interior and exterior sides. For windows requiring grilles, please reach out to us for pricing details. Transform your casement windows with our Replacement Casement Best/Pro Clad Sash, offering unparalleled quality and versatility. CLICK HERE for measuring instructions. Description Upgrade your casement windows with our Replacement Casement Best/Pro Clad Sash featuring standard glass. Please allow 20 days for production time, ensuring precision craftsmanship tailored to your specifications. Crafted with butt joints, our Bestclad and Proclad sashes combine durability and elegance. Clad on the exterior side and raw on the interior, they offer a seamless blend of functionality and aesthetics. Opt for standard glass or elevate your sash with low e glass for enhanced energy efficiency. Customize your windows further with various grille options, including grilles sealed within the insulating glass or three sizes of SDL grilles permanently applied to both interior and exterior sides. For windows requiring grilles, please reach out to us for pricing details. Transform your casement windows with our Replacement Casement Best/Pro Clad Sash, offering unparalleled quality and versatility. CLICK HERE for measuring instructions.",,no,,,each,
Replacement Wood Casement Double Single Hung Window Sash Kits,truthentrygard.com,https://truthentrygard.com/product/replacement-wood-casement-double-single-hung-window-sash-kits/,"For questions or concerns, please contact info@truthentrygard.com Description Our replacement sash kits are tailored for both Casement and Awning windows, ensuring seamless integration with your existing frames. At an unbeatable price of $382.88, our kits come without glass or cladding, offering you the flexibility to personalize your windows to suit your style preferences. Compatible with a wide range of window types, including Wood-In and Wood-Out, as well as Wood and Aluminum Clad varieties, our kits are versatile and adaptable to your specific needs. With our comprehensive Double and Single Hung Sash Replacement Guide, you’ll receive detailed instructions on measuring accurately and avoiding costly errors during installation. We understand the importance of precision, and our guide ensures that your replacement process is smooth and hassle-free. Visualize your windows as picture frames, with our sashes forming the essential framework to hold your panes of glass. Whether you prefer a classic look with muntins or grilles, our kits accommodate various design preferences, adding charm and character to your home. Experience the timeless elegance of wood sashes with our reproduction sash kits, available in multiple thickness options including 1 1/2″, 1-3/8″, and 1-1/8″. Trust us for high-quality, durable solutions that breathe new life into your windows, enhancing both their appearance and functionality. Description Our replacement sash kits are tailored for both Casement and Awning windows, ensuring seamless integration with your existing frames. At an unbeatable price of $382.88, our kits come without glass or cladding, offering you the flexibility to personalize your windows to suit your style preferences. Compatible with a wide range of window types, including Wood-In and Wood-Out, as well as Wood and Aluminum Clad varieties, our kits are versatile and adaptable to your specific needs. With our comprehensive Double and Single Hung Sash Replacement Guide, you’ll receive detailed instructions on measuring accurately and avoiding costly errors during installation. We understand the importance of precision, and our guide ensures that your replacement process is smooth and hassle-free. Visualize your windows as picture frames, with our sashes forming the essential framework to hold your panes of glass. Whether you prefer a classic look with muntins or grilles, our kits accommodate various design preferences, adding charm and character to your home. Experience the timeless elegance of wood sashes with our reproduction sash kits, available in multiple thickness options including 1 1/2″, 1-3/8″, and 1-1/8″. Trust us for high-quality, durable solutions that breathe new life into your windows, enhancing both their appearance and functionality. Description Our replacement sash kits are tailored for both Casement and Awning windows, ensuring seamless integration with your existing frames. At an unbeatable price of $382.88, our kits come without glass or cladding, offering you the flexibility to personalize your windows to suit your style preferences. Compatible with a wide range of window types, including Wood-In and Wood-Out, as well as Wood and Aluminum Clad varieties, our kits are versatile and adaptable to your specific needs. With our comprehensive Double and Single Hung Sash Replacement Guide, you’ll receive detailed instructions on measuring accurately and avoiding costly errors during installation. We understand the importance of precision, and our guide ensures that your replacement process is smooth and hassle-free. Visualize your windows as picture frames, with our sashes forming the essential framework to hold your panes of glass. Whether you prefer a classic look with muntins or grilles, our kits accommodate various design preferences, adding charm and character to your home. Experience the timeless elegance of wood sashes with our reproduction sash kits, available in multiple thickness options including 1 1/2″, 1-3/8″, and 1-1/8″. Trust us for high-quality, durable solutions that breathe new life into your windows, enhancing both their appearance and functionality.",,no,,,each,
Rolling Patio Door Adjustment,truthentrygard.com,https://truthentrygard.com/product/rolling-patio-door-adjustment/,Rolling Hole Plugs,,no,,,each,
Rolling Patio Door Footbolt,truthentrygard.com,https://truthentrygard.com/product/rolling-patio-door-footbolt/,$ 210.61 Copyright © AllWindowDoorParts Group USA All Rights Reserved 2022 Phone: 719-531-0961 - EMAIL: info@truthentrygard.com,,no,,,each,
Rolling Patio Door Locking Mechanism,truthentrygard.com,https://truthentrygard.com/product/rolling-patio-door-locking-mechanism/,$ 70.21 Copyright © AllWindowDoorParts Group USA All Rights Reserved 2022 Phone: 719-531-0961 - EMAIL: info@truthentrygard.com,,no,,,each,
Rolling Patio Door Strike Plate,truthentrygard.com,https://truthentrygard.com/product/rolling-patio-door-strike-plate/,$ 35.11 Copyright © AllWindowDoorParts Group USA All Rights Reserved 2022 Phone: 719-531-0961 - EMAIL: info@truthentrygard.com,,no,,,each,
Sash Carrier Track | Jambliner Kits,truthentrygard.com,https://truthentrygard.com/product/sash-carrier-track-jambliner-kits-caradco-biltbest-marvin-wenco/,"For questions or concerns, please contact info@truthentrygard.com Description Double and Single Hung Window Jamb Liner Kits – PER PAIR – Beige or White 28″ to 78″ In Overall Length. Jambliners for those old double or single hung windows – Craftline, Pella, Marvin, Biltbest, Truth, EntryGard, Andersen, oldach, Pella, Crestline, Vetter, Peachtree, Outlook, Sealrite, American Craftsman, Better Bilt Restore the functionality and performance of your old double or single hung windows with our premium Jamb Liner Kits, available in pairs and customizable to fit a wide range of window brands and sizes. Crafted with precision and attention to detail, our Jamb Liner Kits are tailored to accommodate popular window brands such as Craftline, Pella, Marvin, Biltbest, Truth, EntryGard, Andersen, and many more. Whether you’re replacing worn-out components or upgrading for improved efficiency, our kits offer a reliable solution. Choose from beige or white finishes to seamlessly blend with your window frames, ensuring a cohesive and polished look. With overall lengths ranging from 28″ to 78″, our Jamb Liner Kits are suitable for various window sizes and configurations. Please note that our Jamb Liner Kits are custom-fabricated to your specific window dimensions and requirements. To ensure accuracy and satisfaction, we require detailed information including window type (single or double hung), clip mount type, shoe type, glass heights, color preference, and clutch type. Additionally, provide balance stamping numbers for each unit, ensuring precise compatibility and performance. Pricing starts at $228.88 per pair for single hung windows, with pricing based on window sizes, sash weights, lengths, quantities, and component parts. Please be aware that special order parts are non-returnable and non-refundable. For inquiries and ordering, please send your request and detailed information to Info@Truthentrygard.com . Description Double and Single Hung Window Jamb Liner Kits – PER PAIR – Beige or White 28″ to 78″ In Overall Length. Jambliners for those old double or single hung windows – Craftline, Pella, Marvin, Biltbest, Truth, EntryGard, Andersen, oldach, Pella, Crestline, Vetter, Peachtree, Outlook, Sealrite, American Craftsman, Better Bilt Restore the functionality and performance of your old double or single hung windows with our premium Jamb Liner Kits, available in pairs and customizable to fit a wide range of window brands and sizes. Crafted with precision and attention to detail, our Jamb Liner Kits are tailored to accommodate popular window brands such as Craftline, Pella, Marvin, Biltbest, Truth, EntryGard, Andersen, and many more. Whether you’re replacing worn-out components or upgrading for improved efficiency, our kits offer a reliable solution. Choose from beige or white finishes to seamlessly blend with your window frames, ensuring a cohesive and polished look. With overall lengths ranging from 28″ to 78″, our Jamb Liner Kits are suitable for various window sizes and configurations. Please note that our Jamb Liner Kits are custom-fabricated to your specific window dimensions and requirements. To ensure accuracy and satisfaction, we require detailed information including window type (single or double hung), clip mount type, shoe type, glass heights, color preference, and clutch type. Additionally, provide balance stamping numbers for each unit, ensuring precise compatibility and performance. Pricing starts at $228.88 per pair for single hung windows, with pricing based on window sizes, sash weights, lengths, quantities, and component parts. Please be aware that special order parts are non-returnable and non-refundable. For inquiries and ordering, please send your request and detailed information to Info@Truthentrygard.com . Description Double and Single Hung Window Jamb Liner Kits – PER PAIR – Beige or White 28″ to 78″ In Overall Length. Jambliners for those old double or single hung windows – Craftline, Pella, Marvin, Biltbest, Truth, EntryGard, Andersen, oldach, Pella, Crestline, Vetter, Peachtree, Outlook, Sealrite, American Craftsman, Better Bilt Restore the functionality and performance of your old double or single hung windows with our premium Jamb Liner Kits, available in pairs and customizable to fit a wide range of window brands and sizes. Crafted with precision and attention to detail, our Jamb Liner Kits are tailored to accommodate popular window brands such as Craftline, Pella, Marvin, Biltbest, Truth, EntryGard, Andersen, and many more. Whether you’re replacing worn-out components or upgrading for improved efficiency, our kits offer a reliable solution. Choose from beige or white finishes to seamlessly blend with your window frames, ensuring a cohesive and polished look. With overall lengths ranging from 28″ to 78″, our Jamb Liner Kits are suitable for various window sizes and configurations. Please note that our Jamb Liner Kits are custom-fabricated to your specific window dimensions and requirements. To ensure accuracy and satisfaction, we require detailed information including window type (single or double hung), clip mount type, shoe type, glass heights, color preference, and clutch type. Additionally, provide balance stamping numbers for each unit, ensuring precise compatibility and performance. Pricing starts at $228.88 per pair for single hung windows, with pricing based on window sizes, sash weights, lengths, quantities, and component parts. Please be aware that special order parts are non-returnable and non-refundable. For inquiries and ordering, please send your request and detailed information to Info@Truthentrygard.com .",,no,,,each,
Sash Lock and Keeper | Andersen,truthentrygard.com,https://truthentrygard.com/product/sash-lock-and-keeper-andersen/,GOT QUESTIONS?! Contact us at info@truthentrygard.com Description Versatile Handing: Available in both right-hand and left-hand configurations. Elegant Finish: Comes in a sophisticated stone color to complement your windows. Compatibility: Designed for use with Andersen Casement Operator #1308 (sold separately). Description Versatile Handing: Available in both right-hand and left-hand configurations. Elegant Finish: Comes in a sophisticated stone color to complement your windows. Compatibility: Designed for use with Andersen Casement Operator #1308 (sold separately). Description Versatile Handing: Available in both right-hand and left-hand configurations. Elegant Finish: Comes in a sophisticated stone color to complement your windows. Compatibility: Designed for use with Andersen Casement Operator #1308 (sold separately).,,no,,,each,
Sash Lock and Keeper | BiltBest,truthentrygard.com,https://truthentrygard.com/product/sash-lock-and-keeper-biltbest/,GOT QUESTIONS?! Contact us at info@truthentrygard.com Description Versatile Handing: Available in both right-hand and left-hand configurations. Elegant Finish: Comes in a sophisticated stone color to complement your windows. Description Versatile Handing: Available in both right-hand and left-hand configurations. Elegant Finish: Comes in a sophisticated stone color to complement your windows. Description Versatile Handing: Available in both right-hand and left-hand configurations. Elegant Finish: Comes in a sophisticated stone color to complement your windows.,,no,,,each,
Sash Lock and Keeper | Entrygard,truthentrygard.com,https://truthentrygard.com/product/sash-lock-and-keeper-entrygard/,GOT QUESTIONS?! Contact us at info@truthentrygard.com Description Versatile Handing: Available in both right-hand and left-hand configurations. Elegant Finish: Comes in a sophisticated stone color to complement your windows Description Versatile Handing: Available in both right-hand and left-hand configurations. Elegant Finish: Comes in a sophisticated stone color to complement your windows Description Versatile Handing: Available in both right-hand and left-hand configurations. Elegant Finish: Comes in a sophisticated stone color to complement your windows,,no,,,each,
Sash Lock and Keeper | Truth Hardware,truthentrygard.com,https://truthentrygard.com/product/sash-lock-and-keeper-truth-entrygard/,GOT QUESTIONS?! Contact us at info@truthentrygard.com Description Versatile Handing: Available in both right-hand and left-hand configurations. Elegant Finish: Comes in a sophisticated stone color to complement your windows. Description Versatile Handing: Available in both right-hand and left-hand configurations. Elegant Finish: Comes in a sophisticated stone color to complement your windows. Description Versatile Handing: Available in both right-hand and left-hand configurations. Elegant Finish: Comes in a sophisticated stone color to complement your windows.,,no,,,each,
Sash Lock | Homegard,truthentrygard.com,https://truthentrygard.com/product/sash-lock-homegard/,"GOT QUESTIONS?! Contact us at info@truthentrygard.com Description Our Sash Lock is non-handed and available in three color options to match your window hardware: Bronze Gold White This versatile lock provides secure and reliable performance, enhancing both the functionality and aesthetic of your windows. Description Our Sash Lock is non-handed and available in three color options to match your window hardware: Bronze Gold White This versatile lock provides secure and reliable performance, enhancing both the functionality and aesthetic of your windows. Description Our Sash Lock is non-handed and available in three color options to match your window hardware: Bronze Gold White This versatile lock provides secure and reliable performance, enhancing both the functionality and aesthetic of your windows.",,no,,,each,
Single Arm Operator | Truth,truthentrygard.com,https://truthentrygard.com/product/single-arm-operator-truth/,"GOT QUESTIONS?! Contact us at info@truthentrygard.com Description Our Single Arm Operator is available in right-hand or left-hand configurations and comes with either a 9 1/2” or 13 1/2” arm length. Ordering Information Determine Arm Length : Measure from the center of the gear box to the center of the roller on the arm. Available lengths: 9 1/2” or 13 1/2”. Determine Handing : View the window from outside. If the window is hinged on the left side, order a left-hand operator; if hinged on the right, order a right-hand operator. Discontinued Arm Length : The 11” arm version is no longer manufactured. If your current operator measures 11”, replace it with the 9 1/2” version. **See Diagram** Description Our Single Arm Operator is available in right-hand or left-hand configurations and comes with either a 9 1/2” or 13 1/2” arm length. Ordering Information Determine Arm Length : Measure from the center of the gear box to the center of the roller on the arm. Available lengths: 9 1/2” or 13 1/2”. Determine Handing : View the window from outside. If the window is hinged on the left side, order a left-hand operator; if hinged on the right, order a right-hand operator. Discontinued Arm Length : The 11” arm version is no longer manufactured. If your current operator measures 11”, replace it with the 9 1/2” version. **See Diagram** Description Our Single Arm Operator is available in right-hand or left-hand configurations and comes with either a 9 1/2” or 13 1/2” arm length. Ordering Information Determine Arm Length : Measure from the center of the gear box to the center of the roller on the arm. Available lengths: 9 1/2” or 13 1/2”. Determine Handing : View the window from outside. If the window is hinged on the left side, order a left-hand operator; if hinged on the right, order a right-hand operator. Discontinued Arm Length : The 11” arm version is no longer manufactured. If your current operator measures 11”, replace it with the 9 1/2” version. **See Diagram**",,no,,,each,
Split Arm Operator | Truth | Casement Window Operator,truthentrygard.com,https://truthentrygard.com/product/split-arm-operator-truth-casement-window-operator/,"Got Questions? Not sure what you need? Feel free to email: info@truthentrygard.com NOT SURE WHAT YOU NEED?!? EMAIL PICTURES AND WE WILL GET YOU TAKEN CARE OF! Description The Truth Split Arm Operator is engineered as an efficient alternative to Truth’s #15 series Single Arm Operator, offering a 28% reduction in operating torque. Key Features Easy Replacement : No profile changes needed if you are currently using the #15 series Single Arm Operator. Reduced Torque : Designed to operate with 28% lower torque, making window operation smoother. Sash Weight Capacity : Suitable for sashes up to 50 lbs to ensure ease of operation. Description The Truth Split Arm Operator is engineered as an efficient alternative to Truth’s #15 series Single Arm Operator, offering a 28% reduction in operating torque. Key Features Easy Replacement : No profile changes needed if you are currently using the #15 series Single Arm Operator. Reduced Torque : Designed to operate with 28% lower torque, making window operation smoother. Sash Weight Capacity : Suitable for sashes up to 50 lbs to ensure ease of operation. Description The Truth Split Arm Operator is engineered as an efficient alternative to Truth’s #15 series Single Arm Operator, offering a 28% reduction in operating torque. Key Features Easy Replacement : No profile changes needed if you are currently using the #15 series Single Arm Operator. Reduced Torque : Designed to operate with 28% lower torque, making window operation smoother. Sash Weight Capacity : Suitable for sashes up to 50 lbs to ensure ease of operation.",,no,,,each,
"Truth EntryGard Model Dual Arm, Casement Window Operators, Old Style | Uplink | Downlink | Straight",truthentrygard.com,https://truthentrygard.com/product/truth-entrygard-model-dual-arm-casement-window-operators-old-style-uplink-downlink-straight/,"**For questions or concerns, please contact info@truthentrygard.com Description Introducing the 36-OT-PLP-191 Truth EntryGard Model Dual Arm Casement Window Operators, Old Style With Downlink. Each unit is meticulously crafted to ensure smooth operation and lasting performance, making it an ideal choice for enhancing the functionality of your casement windows. With our dual-arm design, you can expect superior stability and support for your windows, providing added peace of mind knowing your windows are securely operated. The inclusion of the downlink feature further enhances convenience, allowing for effortless control and operation. Determining the handing of your window is made simple with our intuitive guide. When viewing the window from the inside, identify the placement of the sash locks or lock handles. If they are on the left, it indicates left-handing, while placement on the right denotes right-handing. Compatible with a range of window models, including TEG 20810, 20544, 40372, 40471, 40254, 40753, 30470, 30472, 40754, L30841, 31358A, 31358, 30637, and 30842, our operators offer versatility to suit various installations. Description Introducing the 36-OT-PLP-191 Truth EntryGard Model Dual Arm Casement Window Operators, Old Style With Downlink. Each unit is meticulously crafted to ensure smooth operation and lasting performance, making it an ideal choice for enhancing the functionality of your casement windows. With our dual-arm design, you can expect superior stability and support for your windows, providing added peace of mind knowing your windows are securely operated. The inclusion of the downlink feature further enhances convenience, allowing for effortless control and operation. Determining the handing of your window is made simple with our intuitive guide. When viewing the window from the inside, identify the placement of the sash locks or lock handles. If they are on the left, it indicates left-handing, while placement on the right denotes right-handing. Compatible with a range of window models, including TEG 20810, 20544, 40372, 40471, 40254, 40753, 30470, 30472, 40754, L30841, 31358A, 31358, 30637, and 30842, our operators offer versatility to suit various installations. Description Introducing the 36-OT-PLP-191 Truth EntryGard Model Dual Arm Casement Window Operators, Old Style With Downlink. Each unit is meticulously crafted to ensure smooth operation and lasting performance, making it an ideal choice for enhancing the functionality of your casement windows. With our dual-arm design, you can expect superior stability and support for your windows, providing added peace of mind knowing your windows are securely operated. The inclusion of the downlink feature further enhances convenience, allowing for effortless control and operation. Determining the handing of your window is made simple with our intuitive guide. When viewing the window from the inside, identify the placement of the sash locks or lock handles. If they are on the left, it indicates left-handing, while placement on the right denotes right-handing. Compatible with a range of window models, including TEG 20810, 20544, 40372, 40471, 40254, 40753, 30470, 30472, 40754, L30841, 31358A, 31358, 30637, and 30842, our operators offer versatility to suit various installations.",,no,,,each,
Truth Hex Adapter,truthentrygard.com,https://truthentrygard.com/product/truth-hex-adapter/,Got Questions? Not sure what you need? Feel free to email: info@truthentrygard.com NOT SURE WHAT YOU NEED?!? EMAIL PICTURES AND WE WILL GET YOU TAKEN CARE OF! Description Use with Telescoping Pole. Description Use with Telescoping Pole. Description Use with Telescoping Pole.,,no,,,each,
Truth Maxim Series Dual Arm Operators | Right & Left-Handed Options and Various Finishes,truthentrygard.com,https://truthentrygard.com/product/truth-maxim-series-dual-arm-operators-right-left-handed-options-and-various-finishes/,"Got Questions? Not sure what you need? Feel free to email: info@truthentrygard.com NOT SURE WHAT YOU NEED?!? EMAIL PICTURES AND WE WILL GET YOU TAKEN CARE OF! Description Upgrade your casement windows with the Truth Maxim Series Dual Arm Operators. Designed for durability and smooth operation, these operators are available in both right and left-handed options and come in various finishes to match your window hardware. Key Features: Durable Construction: Built to last with high-quality materials. Smooth Operation: Ensures easy and reliable window opening and closing. Handing Options: Available in both right and left-handed configurations. Variety of Finishes: Choose from a range of finishes to match your existing window hardware. Note: The pictures display a left-handed unit. Enhance the functionality and aesthetics of your casement windows with the Truth Maxim Series Dual Arm Operators. Description Upgrade your casement windows with the Truth Maxim Series Dual Arm Operators. Designed for durability and smooth operation, these operators are available in both right and left-handed options and come in various finishes to match your window hardware. Key Features: Durable Construction: Built to last with high-quality materials. Smooth Operation: Ensures easy and reliable window opening and closing. Handing Options: Available in both right and left-handed configurations. Variety of Finishes: Choose from a range of finishes to match your existing window hardware. Note: The pictures display a left-handed unit. Enhance the functionality and aesthetics of your casement windows with the Truth Maxim Series Dual Arm Operators. Description Upgrade your casement windows with the Truth Maxim Series Dual Arm Operators. Designed for durability and smooth operation, these operators are available in both right and left-handed options and come in various finishes to match your window hardware. Key Features: Durable Construction: Built to last with high-quality materials. Smooth Operation: Ensures easy and reliable window opening and closing. Handing Options: Available in both right and left-handed configurations. Variety of Finishes: Choose from a range of finishes to match your existing window hardware. Note: The pictures display a left-handed unit. Enhance the functionality and aesthetics of your casement windows with the Truth Maxim Series Dual Arm Operators.",,no,,,each,
Truth Sentry II WLS Power Window System,truthentrygard.com,https://truthentrygard.com/product/truth-sentry-ii-wls-power-window-system/,"For questions or concerns, please contact info@truthentrygard.com Description Introducing Truth’s latest innovation in power window systems: the Sentry II WLS. Engineered for windows and light skylights weighing up to 75 lbs, this next-generation system combines robust mechanics with advanced digital electronics for unparalleled performance. Kit Includes: Motor Cover Wall Switch Mounting Hardware Instruction Booklet Features: Retrofit Capability: Easily retrofits onto casement and awning windows, as well as light skylights typically operated with a hand crank. Built-in Power Conversion: The wall-mounted control package features integrated power conversion, eliminating the need for additional transformers and simplifying installation. RF Remote Compatibility: Enjoy added convenience with RF remote compatibility, allowing homeowners to effortlessly control their windows with an optional remote. Rain Sensor: All kits come standard with a rain sensor, automatically closing the window or skylight at the first sign of moisture. Universal Compatibility: No special preparation is required by window or skylight manufacturers, making the kits suitable for both new construction and retrofit applications. Upgrade your windows and skylights with the Sentry II WLS for seamless automation and enhanced functionality. Experience the perfect blend of reliability, convenience, and innovation. Description Introducing Truth’s latest innovation in power window systems: the Sentry II WLS. Engineered for windows and light skylights weighing up to 75 lbs, this next-generation system combines robust mechanics with advanced digital electronics for unparalleled performance. Kit Includes: Motor Cover Wall Switch Mounting Hardware Instruction Booklet Features: Retrofit Capability: Easily retrofits onto casement and awning windows, as well as light skylights typically operated with a hand crank. Built-in Power Conversion: The wall-mounted control package features integrated power conversion, eliminating the need for additional transformers and simplifying installation. RF Remote Compatibility: Enjoy added convenience with RF remote compatibility, allowing homeowners to effortlessly control their windows with an optional remote. Rain Sensor: All kits come standard with a rain sensor, automatically closing the window or skylight at the first sign of moisture. Universal Compatibility: No special preparation is required by window or skylight manufacturers, making the kits suitable for both new construction and retrofit applications. Upgrade your windows and skylights with the Sentry II WLS for seamless automation and enhanced functionality. Experience the perfect blend of reliability, convenience, and innovation. Description Introducing Truth’s latest innovation in power window systems: the Sentry II WLS. Engineered for windows and light skylights weighing up to 75 lbs, this next-generation system combines robust mechanics with advanced digital electronics for unparalleled performance. Kit Includes: Motor Cover Wall Switch Mounting Hardware Instruction Booklet Features: Retrofit Capability: Easily retrofits onto casement and awning windows, as well as light skylights typically operated with a hand crank. Built-in Power Conversion: The wall-mounted control package features integrated power conversion, eliminating the need for additional transformers and simplifying installation. RF Remote Compatibility: Enjoy added convenience with RF remote compatibility, allowing homeowners to effortlessly control their windows with an optional remote. Rain Sensor: All kits come standard with a rain sensor, automatically closing the window or skylight at the first sign of moisture. Universal Compatibility: No special preparation is required by window or skylight manufacturers, making the kits suitable for both new construction and retrofit applications. Upgrade your windows and skylights with the Sentry II WLS for seamless automation and enhanced functionality. Experience the perfect blend of reliability, convenience, and innovation.",,no,,,each,
Universal Casement Window Sash Replacement – Flex-Leg Upgrade Seals,truthentrygard.com,https://truthentrygard.com/product/universal-casement-window-sash-replacement-flex-leg-upgrade-seals/,"For questions or concerns, please contact info@truthentrygard.com Description Introducing our Wood Casement Window Sash Flexible Leg Seals—a modern, updated design crafted for use with wood, clad, and aluminum casement window sash frames. These seals are installed at the perimeter of window sash frames, providing enhanced protection against air and water leaks. Key Features: Enhanced Seal Design: Our updated substitute for standard seals offers superior performance in sealing out air and water leaks around movable window sash frames. Suitable for Older Windows: If your old windows are 8+ years old or older, consider replacing them with this highly efficient sash weather strip seal. Standard old leaf-type seals may be affected by cold, heat, and UV light, reducing their effectiveness over time. Built for Functionality: Designed with built-in memory for optimal functionality, these seals prioritize performance over appearance. Homeowners can easily remove and replace them for hassle-free maintenance. Minimum Order Requirements: Shipped in 75″ Lengths Minimum Order: Six (6) Pieces (priced per each minimum order) Bulk Quantity Pricing: Available for orders exceeding 225 Lineal Feet (36 Pieces) Description Introducing our Wood Casement Window Sash Flexible Leg Seals—a modern, updated design crafted for use with wood, clad, and aluminum casement window sash frames. These seals are installed at the perimeter of window sash frames, providing enhanced protection against air and water leaks. Key Features: Enhanced Seal Design: Our updated substitute for standard seals offers superior performance in sealing out air and water leaks around movable window sash frames. Suitable for Older Windows: If your old windows are 8+ years old or older, consider replacing them with this highly efficient sash weather strip seal. Standard old leaf-type seals may be affected by cold, heat, and UV light, reducing their effectiveness over time. Built for Functionality: Designed with built-in memory for optimal functionality, these seals prioritize performance over appearance. Homeowners can easily remove and replace them for hassle-free maintenance. Minimum Order Requirements: Shipped in 75″ Lengths Minimum Order: Six (6) Pieces (priced per each minimum order) Bulk Quantity Pricing: Available for orders exceeding 225 Lineal Feet (36 Pieces) Description Introducing our Wood Casement Window Sash Flexible Leg Seals—a modern, updated design crafted for use with wood, clad, and aluminum casement window sash frames. These seals are installed at the perimeter of window sash frames, providing enhanced protection against air and water leaks. Key Features: Enhanced Seal Design: Our updated substitute for standard seals offers superior performance in sealing out air and water leaks around movable window sash frames. Suitable for Older Windows: If your old windows are 8+ years old or older, consider replacing them with this highly efficient sash weather strip seal. Standard old leaf-type seals may be affected by cold, heat, and UV light, reducing their effectiveness over time. Built for Functionality: Designed with built-in memory for optimal functionality, these seals prioritize performance over appearance. Homeowners can easily remove and replace them for hassle-free maintenance. Minimum Order Requirements: Shipped in 75″ Lengths Minimum Order: Six (6) Pieces (priced per each minimum order) Bulk Quantity Pricing: Available for orders exceeding 225 Lineal Feet (36 Pieces)",,no,,,each,
Universal Fit Casement Sill Stop Wood Bottom Cover | For Field Install,truthentrygard.com,https://truthentrygard.com/product/universal-fit-casement-sill-stop-wood-bottom-cover-for-field-install/,"For questions or concerns, please contact info@truthentrygard.com Description Introducing our Universal Fit Casement Sill Stop Wood Bottom Cover, meticulously crafted for seamless integration with your wood casement windows. This innovative unit is designed without a cut-out for the operator, offering unparalleled versatility for field installations or matching existing operator cutouts. With a generous length of 27 inches, this Wood Sill Bottom Hardware Cover ensures comprehensive coverage and a snug fit, enhancing both functionality and aesthetics. Whether you’re retrofitting, upgrading, or embarking on a restoration project, this kit provides the perfect solution for achieving a polished and cohesive look. Experience the convenience and flexibility of our Universal Fit Casement Sill Stop Wood Bottom Cover, designed to meet the diverse needs of your casement window installations. Upgrade with confidence and elevate the allure of your living spaces today **This part is referred to as the “inside sill sash stop” piece. These sill stops are held on with trim nails or screws and are either painted or stained by homeowners. They come to you as unfinished a-grade wood and we suggest you seal all sides. Take care when removing old units that may be held by old caulking, varnish or paint – we suggest you break the “seal” with a clean razor. Description Introducing our Universal Fit Casement Sill Stop Wood Bottom Cover, meticulously crafted for seamless integration with your wood casement windows. This innovative unit is designed without a cut-out for the operator, offering unparalleled versatility for field installations or matching existing operator cutouts. With a generous length of 27 inches, this Wood Sill Bottom Hardware Cover ensures comprehensive coverage and a snug fit, enhancing both functionality and aesthetics. Whether you’re retrofitting, upgrading, or embarking on a restoration project, this kit provides the perfect solution for achieving a polished and cohesive look. Experience the convenience and flexibility of our Universal Fit Casement Sill Stop Wood Bottom Cover, designed to meet the diverse needs of your casement window installations. Upgrade with confidence and elevate the allure of your living spaces today **This part is referred to as the “inside sill sash stop” piece. These sill stops are held on with trim nails or screws and are either painted or stained by homeowners. They come to you as unfinished a-grade wood and we suggest you seal all sides. Take care when removing old units that may be held by old caulking, varnish or paint – we suggest you break the “seal” with a clean razor. Description Introducing our Universal Fit Casement Sill Stop Wood Bottom Cover, meticulously crafted for seamless integration with your wood casement windows. This innovative unit is designed without a cut-out for the operator, offering unparalleled versatility for field installations or matching existing operator cutouts. With a generous length of 27 inches, this Wood Sill Bottom Hardware Cover ensures comprehensive coverage and a snug fit, enhancing both functionality and aesthetics. Whether you’re retrofitting, upgrading, or embarking on a restoration project, this kit provides the perfect solution for achieving a polished and cohesive look. Experience the convenience and flexibility of our Universal Fit Casement Sill Stop Wood Bottom Cover, designed to meet the diverse needs of your casement window installations. Upgrade with confidence and elevate the allure of your living spaces today **This part is referred to as the “inside sill sash stop” piece. These sill stops are held on with trim nails or screws and are either painted or stained by homeowners. They come to you as unfinished a-grade wood and we suggest you seal all sides. Take care when removing old units that may be held by old caulking, varnish or paint – we suggest you break the “seal” with a clean razor.",,no,,,each,
Universal Weather Strip Leaf Seals for Wood Clad Casement & Awning Windows,truthentrygard.com,https://truthentrygard.com/product/universal-weather-strip-leaf-seals-for-wood-clad-casement-awning-windows/,"Got Questions? Not sure what you need? Feel free to email: info@truthentrygard.com NOT SURE WHAT YOU NEED?!? EMAIL PICTURES AND WE WILL GET YOU TAKEN CARE OF! Description These narrow style sash leaf weatherstrip seals are the top choice for replacing old seals on casement and awning windows. They are the best replacement option for old Marvin Case-master, Caradco, Hurd, Kolbe, Lincoln, Pella, Ply-Gem, Windsor, Traco, Weather-Shield, Vetter, and other wide style leaf seals. Ensure a snug fit and optimal performance with these high-quality seals. To order go to: www.biltbestwindowparts.com Description These narrow style sash leaf weatherstrip seals are the top choice for replacing old seals on casement and awning windows. They are the best replacement option for old Marvin Case-master, Caradco, Hurd, Kolbe, Lincoln, Pella, Ply-Gem, Windsor, Traco, Weather-Shield, Vetter, and other wide style leaf seals. Ensure a snug fit and optimal performance with these high-quality seals. To order go to: www.biltbestwindowparts.com Description These narrow style sash leaf weatherstrip seals are the top choice for replacing old seals on casement and awning windows. They are the best replacement option for old Marvin Case-master, Caradco, Hurd, Kolbe, Lincoln, Pella, Ply-Gem, Windsor, Traco, Weather-Shield, Vetter, and other wide style leaf seals. Ensure a snug fit and optimal performance with these high-quality seals. To order go to: www.biltbestwindowparts.com",,no,,,each,
"VELUX – Skylights, Roof Windows, and Solar Tubes (Sun Tunnels)",truthentrygard.com,https://truthentrygard.com/product/velux-skylights-roof-windows-and-solar-tubes-sun-tunnels/,"Got Questions? Not sure what you need? Feel free to email: info@truthentrygard.com NOT SURE WHAT YOU NEED?!? EMAIL PICTURES AND WE WILL GET YOU TAKEN CARE OF! Description Skylights and Roof Windows: Discover the complete line of VELUX skylight products and accessories, tailored to meet your every need. VELUX roof windows offer a breath of fresh air, ideal for spaces where the ceiling is within reach or for areas requiring egress emergency escape capabilities. Sun Tunnels: The VELUX Sun Tunnel bypasses obstacles by using an adaptable reflecting tube to direct natural daylight into every corner of your home, bringing light to even the darkest spaces. Modular Skylights: VELUX Modular Skylights are designed for architects and builders looking for innovative solutions. These skylights can be combined in various configurations, making them perfect for a wide range of building types. Commercial Skylights: VELUX has revolutionized the commercial skylight market with the VELUX Dynamic Dome. This innovative product meets the structural demands of industry professionals while offering a progressive architectural design. For assistance reach out to us via email: info@truthentrygard.com Description Skylights and Roof Windows: Discover the complete line of VELUX skylight products and accessories, tailored to meet your every need. VELUX roof windows offer a breath of fresh air, ideal for spaces where the ceiling is within reach or for areas requiring egress emergency escape capabilities. Sun Tunnels: The VELUX Sun Tunnel bypasses obstacles by using an adaptable reflecting tube to direct natural daylight into every corner of your home, bringing light to even the darkest spaces. Modular Skylights: VELUX Modular Skylights are designed for architects and builders looking for innovative solutions. These skylights can be combined in various configurations, making them perfect for a wide range of building types. Commercial Skylights: VELUX has revolutionized the commercial skylight market with the VELUX Dynamic Dome. This innovative product meets the structural demands of industry professionals while offering a progressive architectural design. For assistance reach out to us via email: info@truthentrygard.com Description Skylights and Roof Windows: Discover the complete line of VELUX skylight products and accessories, tailored to meet your every need. VELUX roof windows offer a breath of fresh air, ideal for spaces where the ceiling is within reach or for areas requiring egress emergency escape capabilities. Sun Tunnels: The VELUX Sun Tunnel bypasses obstacles by using an adaptable reflecting tube to direct natural daylight into every corner of your home, bringing light to even the darkest spaces. Modular Skylights: VELUX Modular Skylights are designed for architects and builders looking for innovative solutions. These skylights can be combined in various configurations, making them perfect for a wide range of building types. Commercial Skylights: VELUX has revolutionized the commercial skylight market with the VELUX Dynamic Dome. This innovative product meets the structural demands of industry professionals while offering a progressive architectural design. For assistance reach out to us via email: info@truthentrygard.com",,no,,,each,
Vertical Frame Offset L Bubble Window Weather Strip,truthentrygard.com,https://truthentrygard.com/product/vertical-frame-offset-l-bubble-window-weather-strip/,"Got Questions? Not sure what you need? Feel free to email: info@truthentrygard.com NOT SURE WHAT YOU NEED?!? EMAIL PICTURES AND WE WILL GET YOU TAKEN CARE OF! Description Off-Set Bubble Weather Strip for Casement and Awning Frames Designed for vertical frames of casement and awning windows, this offset bubble weather strip provides an effective compression seal. Ideal for wood and clad casement frame verticals, this weather strip fits into a narrow kerf track and features a flexible compression bulb that acts as a mechanical seal with minimal resistance between sash and frame. Key Features: Compatibility: Suitable for various models and styles from the 1980s through 1999 and beyond. Installation: Installs easily into a narrow kerf track. Color: Available in beige/tan only. Usage: Primarily used for window jamb offset style weatherstrips. Ordering Information: Pricing: Priced per foot Minimum Order Requirements To order go to: www.biltbestwindowparts.com Description Off-Set Bubble Weather Strip for Casement and Awning Frames Designed for vertical frames of casement and awning windows, this offset bubble weather strip provides an effective compression seal. Ideal for wood and clad casement frame verticals, this weather strip fits into a narrow kerf track and features a flexible compression bulb that acts as a mechanical seal with minimal resistance between sash and frame. Key Features: Compatibility: Suitable for various models and styles from the 1980s through 1999 and beyond. Installation: Installs easily into a narrow kerf track. Color: Available in beige/tan only. Usage: Primarily used for window jamb offset style weatherstrips. Ordering Information: Pricing: Priced per foot Minimum Order Requirements To order go to: www.biltbestwindowparts.com Description Off-Set Bubble Weather Strip for Casement and Awning Frames Designed for vertical frames of casement and awning windows, this offset bubble weather strip provides an effective compression seal. Ideal for wood and clad casement frame verticals, this weather strip fits into a narrow kerf track and features a flexible compression bulb that acts as a mechanical seal with minimal resistance between sash and frame. Key Features: Compatibility: Suitable for various models and styles from the 1980s through 1999 and beyond. Installation: Installs easily into a narrow kerf track. Color: Available in beige/tan only. Usage: Primarily used for window jamb offset style weatherstrips. Ordering Information: Pricing: Priced per foot Minimum Order Requirements To order go to: www.biltbestwindowparts.com",,no,,,each,
Vinyl Compression Seal Bulb Weather Strip | Black,truthentrygard.com,https://truthentrygard.com/product/vinyl-compression-seal-bulb-weather-strip-black/,"Got Questions? Not sure what you need? Feel free to email: info@truthentrygard.com NOT SURE WHAT YOU NEED?!? EMAIL PICTURES AND WE WILL GET YOU TAKEN CARE OF! Description Weather Strip Seal for Guardian and Other Door Brands Protect your doors with our top-quality Weather Strip Seal, compatible with Guardian and many other door brands. Features: Waterproof: Almost 100% closed-cell foam prevents water from entering. UV Resistant: The exterior skin blocks harmful UV rays. Effective Sealing: Designed to provide a tight, secure seal. Specifications: Color Options: Available in black or white. Sizes: 100 linear foot Rolls Description: Suitable for aluminum, vinyl, and wood windows and doors. To order go to: www.biltbestwindowparts.com Description Weather Strip Seal for Guardian and Other Door Brands Protect your doors with our top-quality Weather Strip Seal, compatible with Guardian and many other door brands. Features: Waterproof: Almost 100% closed-cell foam prevents water from entering. UV Resistant: The exterior skin blocks harmful UV rays. Effective Sealing: Designed to provide a tight, secure seal. Specifications: Color Options: Available in black or white. Sizes: 100 linear foot Rolls Description: Suitable for aluminum, vinyl, and wood windows and doors. To order go to: www.biltbestwindowparts.com Description Weather Strip Seal for Guardian and Other Door Brands Protect your doors with our top-quality Weather Strip Seal, compatible with Guardian and many other door brands. Features: Waterproof: Almost 100% closed-cell foam prevents water from entering. UV Resistant: The exterior skin blocks harmful UV rays. Effective Sealing: Designed to provide a tight, secure seal. Specifications: Color Options: Available in black or white. Sizes: 100 linear foot Rolls Description: Suitable for aluminum, vinyl, and wood windows and doors. To order go to: www.biltbestwindowparts.com",,no,,,each,
WENCO Casement Window Weatherstrips | 1970s-1990s,truthentrygard.com,https://truthentrygard.com/product/wenco-casement-window-weatherstrips-1970s-1990s/,"Got Questions? Not sure what you need? Feel free to email: info@truthentrygard.com NOT SURE WHAT YOU NEED?!? EMAIL PICTURES AND WE WILL GET YOU TAKEN CARE OF! Description WENCO Casement Window Weatherstrips | 1970s-1990s Upgrade your vintage WENCO windows with our premium casement window weatherstrips, designed for models from the 1970s, 1980s, and 1990s. Product Details: Minimum Order: 20 pieces at 72″ lengths (Total of 120 linear feet) Color: Tan (White available at an additional charge) Compatibility: Fits WENCO casement, double-hung sash, and horizontal slider windows Type: As shown in the images About WENCO Parts: Replacement and Repair: Wood window repair parts, wooden window replacement sashes, and more Availability: WENCO parts, casement and window hardware, and weather strip seals History: WENCO has been around since the early 1970s and went out of business in 2010. Fortunately, we can help with replacement parts. For additional assistance email us at info@truthentrygard.com or to place an order, please go to www.biltbestwindowparts.com Description WENCO Casement Window Weatherstrips | 1970s-1990s Upgrade your vintage WENCO windows with our premium casement window weatherstrips, designed for models from the 1970s, 1980s, and 1990s. Product Details: Minimum Order: 20 pieces at 72″ lengths (Total of 120 linear feet) Color: Tan (White available at an additional charge) Compatibility: Fits WENCO casement, double-hung sash, and horizontal slider windows Type: As shown in the images About WENCO Parts: Replacement and Repair: Wood window repair parts, wooden window replacement sashes, and more Availability: WENCO parts, casement and window hardware, and weather strip seals History: WENCO has been around since the early 1970s and went out of business in 2010. Fortunately, we can help with replacement parts. For additional assistance email us at info@truthentrygard.com or to place an order, please go to www.biltbestwindowparts.com Description WENCO Casement Window Weatherstrips | 1970s-1990s Upgrade your vintage WENCO windows with our premium casement window weatherstrips, designed for models from the 1970s, 1980s, and 1990s. Product Details: Minimum Order: 20 pieces at 72″ lengths (Total of 120 linear feet) Color: Tan (White available at an additional charge) Compatibility: Fits WENCO casement, double-hung sash, and horizontal slider windows Type: As shown in the images About WENCO Parts: Replacement and Repair: Wood window repair parts, wooden window replacement sashes, and more Availability: WENCO parts, casement and window hardware, and weather strip seals History: WENCO has been around since the early 1970s and went out of business in 2010. Fortunately, we can help with replacement parts. For additional assistance email us at info@truthentrygard.com or to place an order, please go to www.biltbestwindowparts.com",,no,,,each,
Window and Door Seals | Foam Open Cell Foam Embossed Polyethylene,truthentrygard.com,https://truthentrygard.com/product/window-and-door-seals-foam-open-cell-foam-embossed-polyethylene/,"For questions or concerns, please contact info@truthentrygard.com Description Introducing our versatile Q Seals, perfect for a wide range of window and door models, including Caradco Single/Double Hung, Casement, Tilt-In, Jalousie, Awning, Horizontal Sliding Windows, and select patio door units. Key Features: High-Quality Construction: Q Seals feature an open-cell urethane foam core clad in embossed polyethylene, providing exceptional compression seal performance. Versatile Application: Suitable for various window and door types, ensuring reliable weatherproofing and insulation. Customizable Shapes: Available in various shapes to fit different window and door profiles, with the option of tape for easy installation. Durable Construction: UV stabilized and paint-resistant liner ensures longevity and resistance to outdoor elements. Color Options: Choose from Bronze or White color options to complement your window or door frame. Upgrade your window and door seals with our durable and versatile Q Seals, offering superior performance and reliability. Available in convenient 100′ roll increments to suit your needs Description Introducing our versatile Q Seals, perfect for a wide range of window and door models, including Caradco Single/Double Hung, Casement, Tilt-In, Jalousie, Awning, Horizontal Sliding Windows, and select patio door units. Key Features: High-Quality Construction: Q Seals feature an open-cell urethane foam core clad in embossed polyethylene, providing exceptional compression seal performance. Versatile Application: Suitable for various window and door types, ensuring reliable weatherproofing and insulation. Customizable Shapes: Available in various shapes to fit different window and door profiles, with the option of tape for easy installation. Durable Construction: UV stabilized and paint-resistant liner ensures longevity and resistance to outdoor elements. Color Options: Choose from Bronze or White color options to complement your window or door frame. Upgrade your window and door seals with our durable and versatile Q Seals, offering superior performance and reliability. Available in convenient 100′ roll increments to suit your needs Description Introducing our versatile Q Seals, perfect for a wide range of window and door models, including Caradco Single/Double Hung, Casement, Tilt-In, Jalousie, Awning, Horizontal Sliding Windows, and select patio door units. Key Features: High-Quality Construction: Q Seals feature an open-cell urethane foam core clad in embossed polyethylene, providing exceptional compression seal performance. Versatile Application: Suitable for various window and door types, ensuring reliable weatherproofing and insulation. Customizable Shapes: Available in various shapes to fit different window and door profiles, with the option of tape for easy installation. Durable Construction: UV stabilized and paint-resistant liner ensures longevity and resistance to outdoor elements. Color Options: Choose from Bronze or White color options to complement your window or door frame. Upgrade your window and door seals with our durable and versatile Q Seals, offering superior performance and reliability. Available in convenient 100′ roll increments to suit your needs",,no,,,each,
Casement Window Keeper- Left Hand,truthentrygard.com,https://truthentrygard.com/product/window-casement-keeper-left-hand/,"**For questions or concerns, please contact info@truthentrygard.com Description Ensure optimal security and functionality for your casement windows with the Window Parts Left Hand Casement Keeper, specifically designed for left-handed operation. This essential component is compatible with concealed locks, offering a seamless integration into your window system. Explore our extensive selection of online residential replacement window hardware, including casement/awning/jalousie window hardware, Bilt-Best casement window locking handles, latches, and keepers. Crafted with precision and durability in mind, our metal casement window locking handles guarantee reliable performance for years to come. Pair the Left Hand Casement Keeper with our range of concealed locks to enhance the security of your windows. With its left-handed design, this keeper ensures smooth operation and a secure closure every time. Upgrade your windows with confidence, knowing that you’re investing in quality craftsmanship and superior functionality. Experience the difference with our Window Parts Left Hand Casement Keeper and unlock the full potential of your casement windows. Description Ensure optimal security and functionality for your casement windows with the Window Parts Left Hand Casement Keeper, specifically designed for left-handed operation. This essential component is compatible with concealed locks, offering a seamless integration into your window system. Explore our extensive selection of online residential replacement window hardware, including casement/awning/jalousie window hardware, Bilt-Best casement window locking handles, latches, and keepers. Crafted with precision and durability in mind, our metal casement window locking handles guarantee reliable performance for years to come. Pair the Left Hand Casement Keeper with our range of concealed locks to enhance the security of your windows. With its left-handed design, this keeper ensures smooth operation and a secure closure every time. Upgrade your windows with confidence, knowing that you’re investing in quality craftsmanship and superior functionality. Experience the difference with our Window Parts Left Hand Casement Keeper and unlock the full potential of your casement windows. Description Ensure optimal security and functionality for your casement windows with the Window Parts Left Hand Casement Keeper, specifically designed for left-handed operation. This essential component is compatible with concealed locks, offering a seamless integration into your window system. Explore our extensive selection of online residential replacement window hardware, including casement/awning/jalousie window hardware, Bilt-Best casement window locking handles, latches, and keepers. Crafted with precision and durability in mind, our metal casement window locking handles guarantee reliable performance for years to come. Pair the Left Hand Casement Keeper with our range of concealed locks to enhance the security of your windows. With its left-handed design, this keeper ensures smooth operation and a secure closure every time. Upgrade your windows with confidence, knowing that you’re investing in quality craftsmanship and superior functionality. Experience the difference with our Window Parts Left Hand Casement Keeper and unlock the full potential of your casement windows.",,no,,,each,
Window Casement Operator Plastic Cover Only,truthentrygard.com,https://truthentrygard.com/product/window-casement-operator-plastic-cover-only/,"For questions or concerns, please contact info@truthentrygard.com Description Key Features: Operator Cover Only: Specifically crafted for seamless replacement, ensuring efficient repair. Wide Compatibility: Compatible with Entry-Guard Casement Window systems. Available Colors: Choose from three standard colors to match your window’s aesthetics. Revitalize your windows with ease using the Entry-Gard Casement Operator Crank Handle Plastic Cover Description Key Features: Operator Cover Only: Specifically crafted for seamless replacement, ensuring efficient repair. Wide Compatibility: Compatible with Entry-Guard Casement Window systems. Available Colors: Choose from three standard colors to match your window’s aesthetics. Revitalize your windows with ease using the Entry-Gard Casement Operator Crank Handle Plastic Cover Description Key Features: Operator Cover Only: Specifically crafted for seamless replacement, ensuring efficient repair. Wide Compatibility: Compatible with Entry-Guard Casement Window systems. Available Colors: Choose from three standard colors to match your window’s aesthetics. Revitalize your windows with ease using the Entry-Gard Casement Operator Crank Handle Plastic Cover",,no,,,each,
"Window Hardware Parts – SLIMFOLD, STANLEY, THERMALGARD, TRACO",truthentrygard.com,https://truthentrygard.com/product/window-hardware-parts-slimfold-stanley-thermalgard-traco/,"Window Split Arm Operators, Latches, Keepers, Hinges and Slide Track Hardware Parts Description Window Split Arm Operators, Latches, Keepers, Hinges and Slide Track Hardware Parts EMAIL US For Current Pricing and availability: Info@truthentrygard.com All Other Brands – ACORN, ACRO, AIRMASTER, ALENCO, ALSCO ANACONDA, ALWINSEAL, AMACOR, AMERICAN CRAFTSMAN, ANDERSEN, ANDERSON , ARCADIA, BAYFORM, BELLHOUSE, BENCHMARK, BETTER-BILT, CERTAINTEED, COLUMBIA, CRAFTLINE, CRESTLINE, CROSSLY, DAYTON, DEVAC, ECKER, EFCO, E-Z-Roll, KELLER, KING, KRESTMARK, LOUISIANA PACIFIC, MARVIN, METAL INDUSTRIES, MILCO, MILGARD , NATIONAL, NORANDEX, PEACHTREE, PELLA, PENNCO, PHILIPS, RELIANT, REMINGTON, SLIMFOLD, STANLEY, THERMALGARD, TRACO-THREE RIVERS, WEATHERCRAFT and WENCO Hardware Available Also Available: Window & Door Weather Strip – www.DoorsWindowsHardware.com Description Window Split Arm Operators, Latches, Keepers, Hinges and Slide Track Hardware Parts EMAIL US For Current Pricing and availability: Info@truthentrygard.com All Other Brands – ACORN, ACRO, AIRMASTER, ALENCO, ALSCO ANACONDA, ALWINSEAL, AMACOR, AMERICAN CRAFTSMAN, ANDERSEN, ANDERSON , ARCADIA, BAYFORM, BELLHOUSE, BENCHMARK, BETTER-BILT, CERTAINTEED, COLUMBIA, CRAFTLINE, CRESTLINE, CROSSLY, DAYTON, DEVAC, ECKER, EFCO, E-Z-Roll, KELLER, KING, KRESTMARK, LOUISIANA PACIFIC, MARVIN, METAL INDUSTRIES, MILCO, MILGARD , NATIONAL, NORANDEX, PEACHTREE, PELLA, PENNCO, PHILIPS, RELIANT, REMINGTON, SLIMFOLD, STANLEY, THERMALGARD, TRACO-THREE RIVERS, WEATHERCRAFT and WENCO Hardware Available Also Available: Window & Door Weather Strip – www.DoorsWindowsHardware.com Description Window Split Arm Operators, Latches, Keepers, Hinges and Slide Track Hardware Parts EMAIL US For Current Pricing and availability: Info@truthentrygard.com All Other Brands – ACORN, ACRO, AIRMASTER, ALENCO, ALSCO ANACONDA, ALWINSEAL, AMACOR, AMERICAN CRAFTSMAN, ANDERSEN, ANDERSON , ARCADIA, BAYFORM, BELLHOUSE, BENCHMARK, BETTER-BILT, CERTAINTEED, COLUMBIA, CRAFTLINE, CRESTLINE, CROSSLY, DAYTON, DEVAC, ECKER, EFCO, E-Z-Roll, KELLER, KING, KRESTMARK, LOUISIANA PACIFIC, MARVIN, METAL INDUSTRIES, MILCO, MILGARD , NATIONAL, NORANDEX, PEACHTREE, PELLA, PENNCO, PHILIPS, RELIANT, REMINGTON, SLIMFOLD, STANLEY, THERMALGARD, TRACO-THREE RIVERS, WEATHERCRAFT and WENCO Hardware Available Also Available: Window & Door Weather Strip – www.DoorsWindowsHardware.com",,no,,,each,
Window Joinery – Custom Wood Window Parts,truthentrygard.com,https://truthentrygard.com/product/window-joinery-custom-wood-window-parts/,"**For questions or concerns, please contact info@truthentrygard.com Description Frame: The structural combination of the head, jambs, and sill that creates the window opening, providing support and stability to the entire window unit. Glass: The transparent or translucent sheet within a window sash frame, allowing light to enter and providing visibility while offering protection from the elements. Grilles: Decorative bars that divide window glass into smaller panes, enhancing the visual appeal of the window. Also known as muntins, grids, or windowpane dividers, grilles can be arranged in various patterns to complement different architectural styles. Head: The primary horizontal component forming the top part of a window frame, providing structural support and helping to channel water away from the window opening. Jamb: The main vertical components forming the sides of a window frame, providing structural support and helping to hold the window sash in place within the frame. Sash: A complete assembly of vertical stiles and horizontal rails, forming a frame that holds the glass pane. The sash is movable and allows for opening and closing of the window. Sill: The primary horizontal component forming the bottom part of the frame of a window, providing support and helping to prevent water infiltration into the structure. *Call / Email for Pricing – info@truthentrygard.com – 719-531-0961 Description Frame: The structural combination of the head, jambs, and sill that creates the window opening, providing support and stability to the entire window unit. Glass: The transparent or translucent sheet within a window sash frame, allowing light to enter and providing visibility while offering protection from the elements. Grilles: Decorative bars that divide window glass into smaller panes, enhancing the visual appeal of the window. Also known as muntins, grids, or windowpane dividers, grilles can be arranged in various patterns to complement different architectural styles. Head: The primary horizontal component forming the top part of a window frame, providing structural support and helping to channel water away from the window opening. Jamb: The main vertical components forming the sides of a window frame, providing structural support and helping to hold the window sash in place within the frame. Sash: A complete assembly of vertical stiles and horizontal rails, forming a frame that holds the glass pane. The sash is movable and allows for opening and closing of the window. Sill: The primary horizontal component forming the bottom part of the frame of a window, providing support and helping to prevent water infiltration into the structure. *Call / Email for Pricing – info@truthentrygard.com – 719-531-0961 Description Frame: The structural combination of the head, jambs, and sill that creates the window opening, providing support and stability to the entire window unit. Glass: The transparent or translucent sheet within a window sash frame, allowing light to enter and providing visibility while offering protection from the elements. Grilles: Decorative bars that divide window glass into smaller panes, enhancing the visual appeal of the window. Also known as muntins, grids, or windowpane dividers, grilles can be arranged in various patterns to complement different architectural styles. Head: The primary horizontal component forming the top part of a window frame, providing structural support and helping to channel water away from the window opening. Jamb: The main vertical components forming the sides of a window frame, providing structural support and helping to hold the window sash in place within the frame. Sash: A complete assembly of vertical stiles and horizontal rails, forming a frame that holds the glass pane. The sash is movable and allows for opening and closing of the window. Sill: The primary horizontal component forming the bottom part of the frame of a window, providing support and helping to prevent water infiltration into the structure. *Call / Email for Pricing – info@truthentrygard.com – 719-531-0961",,no,,,each,
Window Nailing Flange / Fin Replacement Parts,truthentrygard.com,https://truthentrygard.com/product/window-nailing-flange-fin-replacement-part-72/,"For questions or concerns, please contact info@truthentrygard.com Description Why Use Nailing Flanges? Nailing fins or flanges, sometimes referred to as mounting flanges, are the strips of metal or plastic installed on the exterior sides of a window to mount it in place on a rough opening. Unlike a front flange which is a decorative piece of trim – a nailing flange is usually set back from the outer edge of the window frame and has fastener holes for screwing or nailing in place. The purpose of nailing fins is to anchor the window to the wall sheathing and hold it in place while the shims and screws are being installed. Fins also work in conjunction with metal and rubber flashing creating the weather resistant barrier to prevent wind and water infiltration. Description Why Use Nailing Flanges? Nailing fins or flanges, sometimes referred to as mounting flanges, are the strips of metal or plastic installed on the exterior sides of a window to mount it in place on a rough opening. Unlike a front flange which is a decorative piece of trim – a nailing flange is usually set back from the outer edge of the window frame and has fastener holes for screwing or nailing in place. The purpose of nailing fins is to anchor the window to the wall sheathing and hold it in place while the shims and screws are being installed. Fins also work in conjunction with metal and rubber flashing creating the weather resistant barrier to prevent wind and water infiltration. Description Why Use Nailing Flanges? Nailing fins or flanges, sometimes referred to as mounting flanges, are the strips of metal or plastic installed on the exterior sides of a window to mount it in place on a rough opening. Unlike a front flange which is a decorative piece of trim – a nailing flange is usually set back from the outer edge of the window frame and has fastener holes for screwing or nailing in place. The purpose of nailing fins is to anchor the window to the wall sheathing and hold it in place while the shims and screws are being installed. Fins also work in conjunction with metal and rubber flashing creating the weather resistant barrier to prevent wind and water infiltration.",,no,,,each,
Window Weatherstrip – Casement Frame Type,truthentrygard.com,https://truthentrygard.com/product/window-weatherstrip-casement-frame-type/,"**For questions or concerns, please contact info@truthentrygard.com Description Casement Frame Sill Horizontal Weather Strip, designed to provide effective sealing against air leaks around movable window and door components. This OEM Style Bilt-Best Casement Frame Sill Weatherstrip, Horizontal #RF30, features a foam-filled, closed-cell construction, ensuring superior performance and durability. Each order consists of a minimum of 5 feet of foam-filled weatherstrip, priced per foot for your convenience. Simply select the desired quantity from the dropdown menu to meet your specific requirements. Crafted with precision to OEM standards, our horizontal weather strip effectively seals gaps and prevents drafts, enhancing the energy efficiency and comfort of your home. Description Casement Frame Sill Horizontal Weather Strip, designed to provide effective sealing against air leaks around movable window and door components. This OEM Style Bilt-Best Casement Frame Sill Weatherstrip, Horizontal #RF30, features a foam-filled, closed-cell construction, ensuring superior performance and durability. Each order consists of a minimum of 5 feet of foam-filled weatherstrip, priced per foot for your convenience. Simply select the desired quantity from the dropdown menu to meet your specific requirements. Crafted with precision to OEM standards, our horizontal weather strip effectively seals gaps and prevents drafts, enhancing the energy efficiency and comfort of your home. Description Casement Frame Sill Horizontal Weather Strip, designed to provide effective sealing against air leaks around movable window and door components. This OEM Style Bilt-Best Casement Frame Sill Weatherstrip, Horizontal #RF30, features a foam-filled, closed-cell construction, ensuring superior performance and durability. Each order consists of a minimum of 5 feet of foam-filled weatherstrip, priced per foot for your convenience. Simply select the desired quantity from the dropdown menu to meet your specific requirements. Crafted with precision to OEM standards, our horizontal weather strip effectively seals gaps and prevents drafts, enhancing the energy efficiency and comfort of your home.",,no,,,each,
"Window Weatherstrip, Vertical L Offset – 100′ Roll",truthentrygard.com,https://truthentrygard.com/product/window-weatherstrip-vertical-l-offset-100-roll/,"For questions or concerns, please contact info@truthentrygard.com Description Crafted for versatility, our weather seals feature a window jamb offset style, ensuring a snug fit for most casement windows. The flexible bulb design serves as a mechanical seal between the sash and frame, adapting effortlessly to the sealing surface for enhanced effectiveness. Compatible with Bilt best 1980, 1990, and 2000 casement windows, our weather seals are specifically tailored for vertical positioning within the window frame on both left and right sides. Please note that they are not typically used on horizontals (refer to Casement Sill & Head – #RFR8 for horizontal applications). Available in a timeless beige/tan color, our weather seals not only offer superior functionality but also seamlessly complement your window aesthetics. Elevate the performance and longevity of your Bilt-Best windows with the Wood and Clad Casement Frame Vertical Type Weather Seals, #RFR9, providing reliable protection against the elements while maintaining the integrity of your window system. Description Crafted for versatility, our weather seals feature a window jamb offset style, ensuring a snug fit for most casement windows. The flexible bulb design serves as a mechanical seal between the sash and frame, adapting effortlessly to the sealing surface for enhanced effectiveness. Compatible with Bilt best 1980, 1990, and 2000 casement windows, our weather seals are specifically tailored for vertical positioning within the window frame on both left and right sides. Please note that they are not typically used on horizontals (refer to Casement Sill & Head – #RFR8 for horizontal applications). Available in a timeless beige/tan color, our weather seals not only offer superior functionality but also seamlessly complement your window aesthetics. Elevate the performance and longevity of your Bilt-Best windows with the Wood and Clad Casement Frame Vertical Type Weather Seals, #RFR9, providing reliable protection against the elements while maintaining the integrity of your window system. Description Crafted for versatility, our weather seals feature a window jamb offset style, ensuring a snug fit for most casement windows. The flexible bulb design serves as a mechanical seal between the sash and frame, adapting effortlessly to the sealing surface for enhanced effectiveness. Compatible with Bilt best 1980, 1990, and 2000 casement windows, our weather seals are specifically tailored for vertical positioning within the window frame on both left and right sides. Please note that they are not typically used on horizontals (refer to Casement Sill & Head – #RFR8 for horizontal applications). Available in a timeless beige/tan color, our weather seals not only offer superior functionality but also seamlessly complement your window aesthetics. Elevate the performance and longevity of your Bilt-Best windows with the Wood and Clad Casement Frame Vertical Type Weather Seals, #RFR9, providing reliable protection against the elements while maintaining the integrity of your window system.",,no,,,each,
Wood Sash Component Parts | Sash Frame “blank”,truthentrygard.com,https://truthentrygard.com/product/wood-sash-component-parts-sash-frame-blank/,"For questions or concerns, please contact info@truthentrygard.com Description Transform your old Wood Windows or Wood/Clad Windows into like-new condition with ease, courtesy of WeFixItUSA. Designed specifically for the DIY enthusiast, our OEM original milled style parts are the perfect solution for refurbishing, rebuilding, repairing, fixing, or upgrading your windows. Crafted to exact OEM specifications, our Casement Sash Window Frame Parts are meticulously milled to ensure a precise fit and seamless integration with your existing windows. Each component is manufactured from premium “A Grade” pine, fir, or other top-grade stock, depending on sizes and availability, guaranteeing both durability and authenticity. Please note that our sash frame blanks come in random lengths of 71″ long, providing flexibility to accommodate various window sizes. These blanks are basic components, allowing you to finish them to the required size for your specific project. Please be aware that glass or cladding is not included with these parts. Description Transform your old Wood Windows or Wood/Clad Windows into like-new condition with ease, courtesy of WeFixItUSA. Designed specifically for the DIY enthusiast, our OEM original milled style parts are the perfect solution for refurbishing, rebuilding, repairing, fixing, or upgrading your windows. Crafted to exact OEM specifications, our Casement Sash Window Frame Parts are meticulously milled to ensure a precise fit and seamless integration with your existing windows. Each component is manufactured from premium “A Grade” pine, fir, or other top-grade stock, depending on sizes and availability, guaranteeing both durability and authenticity. Please note that our sash frame blanks come in random lengths of 71″ long, providing flexibility to accommodate various window sizes. These blanks are basic components, allowing you to finish them to the required size for your specific project. Please be aware that glass or cladding is not included with these parts. Description Transform your old Wood Windows or Wood/Clad Windows into like-new condition with ease, courtesy of WeFixItUSA. Designed specifically for the DIY enthusiast, our OEM original milled style parts are the perfect solution for refurbishing, rebuilding, repairing, fixing, or upgrading your windows. Crafted to exact OEM specifications, our Casement Sash Window Frame Parts are meticulously milled to ensure a precise fit and seamless integration with your existing windows. Each component is manufactured from premium “A Grade” pine, fir, or other top-grade stock, depending on sizes and availability, guaranteeing both durability and authenticity. Please note that our sash frame blanks come in random lengths of 71″ long, providing flexibility to accommodate various window sizes. These blanks are basic components, allowing you to finish them to the required size for your specific project. Please be aware that glass or cladding is not included with these parts.",,no,,,each,
1-1/4″ x 7/16″ Screen Frame,oldachparts.com,https://www.oldachparts.com/product/1-1-4-x-7-16-screen-frame/,"$ 35.88 Product Description Typical Applications Include Patio Screens, Porch Screens, and Commercial Windows .040″ (1 mm) Wall Thickness Made for Oversized Screens This 1-1/4″ x 7/16″ (31.8 x 11.1 mm) Screen Frame is made of .040 mil thick roll formed aluminum. It is cambered (slightly bowed) to retain screen tension when installed. Available in Bronze and Mill. Related Products",,no,,,each,
1/2″ Lip Screen Frame,oldachparts.com,https://www.oldachparts.com/product/1-2-lip-screen-frame/,"$ 19.88 Product Description Typical Applications Include Inset Flush-Mounting of Screens for Patio or Porch Installations Installs and Removes Easily with Screen Clips .025″ (.63 mm) Wall Thickness Three Finishes to Choose From 3/4″ x 7/16″ (19 x 11.1 mm) box type Screen Frame has a 1/2″ (12.7 mm) lip on the facing side. It’s made of .025 mil (.63 mm) thickness roll formed aluminum. Lip Frame is usually used when no back-stop is available for a box type frame. Choose from three colors. This frame is cambered (slightly bowed) to retain screen tension when installed. Available in Gray, White, and Bronze. Related Products",,no,,,each,
1/2″ Standoff Screen Frame,oldachparts.com,https://www.oldachparts.com/product/1-2-standoff-screen-frame/,"$ 20.50 Product Description Use Where You Need Extra Space Between Window and Screen Typical Applications Include Use with Project-In or Project-Out Windows with Wicket Screens .025″ (.63 mm) Wall Thickness 3/4″ x 7/16″ (19 x 11.1 mm) box type Screen Frame with 1/2″ (12.7 mm) standoff leg allows screen installation in windows where a screen wicket is used. Packed in cases of 90 stock lengths 12′ 2″ long (3.7 m). Frame is cambered (slightly bowed) to retain screen tension when installed. Available in Gray, White and Bronze. Related Products",,no,,,each,
1/2″ x 1/2″ Roll Angle Stop,oldachparts.com,https://www.oldachparts.com/product/1-2-x-1-2-roll-angle-stop/,$ 8.62 Product Description Typical Applications Include Using as a Back Stop for Flush Screen Frame Installations Pre-Punched for Fasteners 1/2″ x 1/2″ (12.7 x 12.7 mm) Angle Stop is made of .025 mil (.64 mm) thickness roll formed aluminum. Pre-punched 1/8″ (3.2 mm) holes every 6″ (152 mm). Used as a back-stop for flush screen installations. Available in mill finish only Related Products,,no,,,each,
1/4″ Square Cut Plastic Screen Frame Corners,oldachparts.com,https://www.oldachparts.com/product/1-4-square-cut-plastic-screen-frame-corners/,"$ 24.35 Product Description Eliminate Miter Cutting of Screen Frame Quick and Easy Push-In Installation For 1/4″ oldp-00064 and oldp-00065 Screen Frame Our innovative Square Cut Screen Frame Corners are the latest in screen supplies. They save the time it takes to miter cut screen frame. Square Cut Corners are also simple to install: Just press them into the screen frame, and they hold snug and square. Made of high strength plastic, they will withstand years of exposure without corroding or distorting. Several colors are available to match these screen frames. Minimum order is 100 of one size and color. Must be ordered in increments of 100. Available in Gray, White, Bronze and Beige ***SOLD IN INCREMENTS OF 100*** Related Products",,no,,,each,
1″ x 7/16″ Extruded Screen Frame,oldachparts.com,https://www.oldachparts.com/product/1-x-7-16-extruded-screen-frame/,"$ 28.88 Product Description Ideal for Larger Window Openings and Other Commercial Applications .062″ (1.5 mm) Wall Thickness Three Finishes This 1″ x 7/16″ (25.4 x 11.1 mm) Extruded Screen Frame is made of .050 mil (1.3 mm) thick extruded aluminum for superior screen strength and rigidity. It is excellent for commercial installations or where a heavy-duty screen frame is required. Available in Satin Anodized, Bronze, White , and Bronze. Related Products",,no,,,each,
3/4″ Standoff Screen Frame,oldachparts.com,https://www.oldachparts.com/product/3-4-standoff-screen-frame/,"$ 22.88 Product Description Typically Installed on Project-In or Project-Out Windows with Wicket Screens .025″ (.63 mm) Wall Thickness Three Finishes to Choose From 3/4″ x 7/16″ (19 x 11.1 mm) box type Screen Frame with 3/4″ (19 mm) standoff leg allows screen installation in windows where a screen wicket is used. Available in Gray, White, and Bronze Related Products",,no,,,each,
3/8″ Square Cut Plastic Screen Frame Corners,oldachparts.com,https://www.oldachparts.com/product/3-8-square-cut-plastic-screen-frame-corners/,"$ 28.00 Product Description Eliminate Miter Cutting of Screen Frame Quick and Easy Push-In Installation Fits oldp-00066 Extruded Aluminum Frame For 3/8″ (9.5 mm) oldp-00066 Screen Frame Our innovative Square Cut Screen Frame Corners are the latest in screen supplies. They save the time it takes to miter cut screen frame. Square Cut Corners are also simple to install: Just press them into the screen frame, and they hold snug and square. Made of high strength plastic, they will withstand years of exposure without corroding or distorting. Several colors are available to match the screen frames. Minimum order is 100 of one size and color. Must be ordered in increments of 100. Available in Bronze, Gray and White. ***SOLD IN INCREMENTS OF 100*** Related Products",,no,,,each,
3/8″ x 3/4″ Square Cut Screen Frame Corner,oldachparts.com,https://www.oldachparts.com/product/3-8-x-3-4-square-cut-screen-frame-corner/,"$ 12.00 Product Description Eliminate Miter Cutting of Screen Frame Quick and Easy Push-In Installation Our innovative Square Cut Screen Frame Corners are the latest in screen supplies. They save the time it takes to miter cut screen frame. Square Cut Corners are also simple to install: just press them into the screen frame, and they hold snug and square. Made of high strength plastic, they will withstand years of exposure without corroding or distorting. Bronze, gray, and white colors are available to match Screen Frames Available in White, Gray and Bronze ***SOLD IN INCREMENTS OF 100*** Related Products",,no,,,each,
48″ x 12″ Bowblind Archery Blind Vertical Units with Side Swing Hinge – Tinted,oldachparts.com,https://www.oldachparts.com/product/48-x-12-bowblind-archery-blind-vertical-units-with-side-swing-hinge-tinted/,"Our 48″ x 12″ Bowblind Archery Blind Vertical Unit is perfect for bow hunting blinds and archery deer hunter stands. Featuring tinted glass and side swing hinges, it provides full access and protection from the elements.",,no,,,each,
5/16″ Aluminum Corner for Screen Frame,oldachparts.com,https://www.oldachparts.com/product/5-16-aluminum-corner-for-screen-frame-2/,$ 31.45 Product Description For 5/16″ oldp-00064 and oldp-00065 Screen Frames This Aluminum Screen Frame Corner is designed to fit 3/4″ x 5/16″ (19 x 7.9 mm) oldp-00064 and oldp-00065 Series Screen Frames for miter cut applications. Minimum order is 100 each. Must be ordered in increments of 100. ***SOLD IN INCREMENTS OF 100*** Related Products,,no,,,each,
5/16″ Lip Screen Frame,oldachparts.com,https://www.oldachparts.com/product/5-16-lip-screen-frame/,"$ 12.88 Product Description Reversed Spline Pocket 020″ (.51 mm) Wall Thickness Choose From Two Finishes Our new 5/16″ (7.9 mm) Lip Frame allows for inset mounting within the framed opening. Spline pocket is on the inside of the inset portion of the frame, resulting in less exposure to UV for longer spline life. Contoured flat inside edge adds strength Available in Whtie and Bronze. Related Products",,no,,,each,
5/16″ Square Cut Plastic Screen Frame Corners,oldachparts.com,https://www.oldachparts.com/product/5-16-square-cut-plastic-screen-frame-corners/,"$ 24.00 Product Description Eliminate Miter Cutting of Screen Frame Quick and Easy Push-In Installation For 5/16″ (8 mm) oldp-00064 and oldp-00065 Screen Frame Our innovative Square Cut Screen Frame Corners are the latest in screen supplies. They save the time it takes to miter cut screen frame. Square Cut Corners are also simple to install: Just press them into the screen frame, and they hold snug and square. Made of high strength plastic, they will withstand years of exposure without corroding or distorting. Several colors are available to choose from. Minimum order is 100 of one size and color. Must be ordered in increments of 100. Available in Gray, White, Bronze and Beige. ***SOLD IN INCREMENTS OF 100*** Related Products",,no,,,each,
5/16″ Square Cut With Lift Tab Plastic Screen Frame Corners,oldachparts.com,https://www.oldachparts.com/product/5-16-square-cut-with-lift-tab-plastic-screen-frame-corners/,"$ 35.00 Product Description Available for 5/16″ or 7/16″ (7.9 or 11.1 mm) Screen Frame Convenient Built-In Lift Tabs Three Colors To Choose From Square Cut Screen Frame Corners With Lift Tabs eliminates the need to add a separate lift tab, which will save time and money in the long run. Sold in increments of 100 only. Available in White, Bronze, and Gray. ***SOLD IN INCREMENTS OF 100*** Related Products",,no,,,each,
7/16″ Aluminum Corner for Screen Frame,oldachparts.com,https://www.oldachparts.com/product/7-16-aluminum-corner-for-screen-frame/,$ 133.91 Product Description For 7/16″ oldp-00072 Screen Frame These Aluminum Screen Frame Corners are designed to fit 1-1/4″ x 7/16″ (31.7 x 11.1 mm) oldp-00072 Series Screen Frame for miter cut applications. Minimum order is 100 each. Must be ordered in increments of 100. ***SOLD IN INCREMENTS OF 100*** Related Products,,no,,,each,
7/16″ Aluminum Corner Screen Frames,oldachparts.com,https://www.oldachparts.com/product/7-16-aluminum-corner-screen-frames-2/,$ 32.46 Product Description For 7/16″ (11.1 mm) Screen Frame Regular Duty This Aluminum Screen Frame Corner is designed to fit oldp-00074 and oldp-00073 Series Screen Frames for miter cut applications. Minimum order is 100 each. Must be ordered in increments of 100. ***SOLD IN INCREMENTS OF 100*** Related Products,,no,,,each,
7/16″ Splicing “H” Bar – 72″ Lengths,oldachparts.com,https://www.oldachparts.com/product/7-16-splicing-h-bar-72-lengths/,"$ 55.55 Product Description Extruded Aluminum for Superior Strength Accepts All 7/16″ (11.1 mm) Box Type Screen Frame Clear Anodized Aluminum Finish 1″ (25.4 mm) face width with 7/16″ (11.1 mm) inside channel width “H” shaped screen Splicing Bar is made from .045 mil (1.1 mm) thickness extruded aluminum. Used to splice two or more screens together. NOTE: Splicing Bar is not cambered. Available in Clear Anodized, Bronze and White. Stock Lengths for shipping are 72″ L – MINIMUM ORDER REQUIREMENT IS 24 lineal feet ( 4 Pieces ) – note these are “cut items” and as such are non returnable Related Products",,no,,,each,
7/16″ Square Cut Plastic Screen Frame Corners,oldachparts.com,https://www.oldachparts.com/product/7-16-square-cut-plastic-screen-frame-corners/,"$ 24.00 Product Description Eliminate Miter Cutting of Screen Frame Quick and Easy Push-In Installation For 7/16″ (11 mm) oldp-00068 and oldp-00069 Screen Frame Our innovative Square Cut Screen Frame Corners are the latest in screen supplies. They save the time it takes to miter cut screen frame. Square Cut Corners are also simple to install: Just press them into the screen frame, and they hold snug and square. Made of high strength plastic, they will withstand years of exposure without corroding or distorting. Come in several colors to match the screen frames. Minimum order is 100 of one size and color. Must be ordered in increments of 100. Available in Gray, White, Bronze and Beige. ***SOLD IN INCREMENTS OF 100*** Related Products",,no,,,each,
7/16″ Square Cut With Lift Tab Plastic Screen Frame Corners,oldachparts.com,https://www.oldachparts.com/product/7-16-square-cut-with-lift-tab-plastic-screen-frame-corners/,"$ 35.00 Product Description Available for 5/16″ or 7/16″ (7.9 or 11.1 mm) Screen Frame Convenient Built-In Lift Tabs Three Colors To Choose From Square Cut Screen Frame Corners With Lift Tabs eliminates the need to add a separate lift tab, which will save time and money in the long run. Sold in increments of 100 only. Available in White , Gray and Bronze. ***SOLD IN INCREMENTS OF 100*** Related Products",,no,,,each,
7/16″ x 1″ Plastic Square Screen Corners,oldachparts.com,https://www.oldachparts.com/product/7-16-x-1-plastic-square-screen-corners/,"$ 50.00 Product Description Eliminate Miter Cutting of Screen Frame Quick and Easy Push-In Installation Our innovative Square Cut Screen Frame Corners are the latest in screen supplies. They save the time it takes to miter cut screen frame. Square Cut Corners are also simple to install: just press them into the screen frame, and they hold snug and square. Made of high strength plastic, they will withstand years of exposure without corroding or distorting. Bronze, gray, colors are available to match Screen Frames. Available in Bronze and Gray ***SOLD IN INCREMENTS OF 100*** Related Products",,no,,,each,
7/16″ x 3/4″ Frame Metal Mitered Corner,oldachparts.com,https://www.oldachparts.com/product/7-16-x-3-4-frame-metal-mitered-corner/,$ 20.91 Product Description Fits 7/16″ x 3/4″ (11.1 x 19 mm) Screen Frame Our Screen Frame Corners are just the thing to keep screen frames square and sturdy. Corners are made to fit specific Screen Frame sections. Available in packages of 100 or cases of 1000. The minimum order quantity and order increments are 100. ***SOLD IN INCREMENTS OF 100*** Related Products,,no,,,each,
7/16″ x 3/4″ Plastic Square Screen Corners,oldachparts.com,https://www.oldachparts.com/product/7-16-x-3-4-plastic-square-screen-corners/,Square Cut Screen Frame Corners are the latest in screen supplies. They save the time it takes to miter cut screen frame.,,no,,,each,
Adjustable Plastic Screen Frame Corners,oldachparts.com,https://www.oldachparts.com/product/adjustable-plastic-screen-frame-corners/,"$ 20.28 Product Description Ideal for Hex or Octagonal Screens Fits oldp-00068 and oldp-00069 Screen Frames Adjustable Screen Frame Corners are riveted together to allow the two legs to swivel. Ideal for making hex or octagonal screens, or for attaching radius top screens to rectangular bottoms. These plastic corners fit 3/4″ x 7/16″ (19 x 11.1 mm) Cat. Nos. oldp-00068 and oldp-00069 miter cut screen frame. Related Products",,no,,,each,
Aluminum Corner Screen Frame,oldachparts.com,https://www.oldachparts.com/product/aluminum-corner-screen-frame-2/,$ 31.45 Product Description For 7/16″ oldp-00068 & oldp-00069 Screen Frame This CRL Aluminum Screen Frame Corner is designed to fit 3/4″ x 7/16″ (19 x 11.1 mm) oldp-00068 & oldp-00069 Series Screen Frames for miter cut applications. Minimum order is 100 each. Must be ordered in increments of 100. ***SOLD IN INCREMENTS OF 100*** Related Products,,no,,,each,
Aluminum Deer Blind Stand Slider Window Channel Track Kit – 36′,oldachparts.com,https://www.oldachparts.com/product/aluminum-deer-blind-stand-slider-window-channel-track-kit-36/,"Enhance your hunting blind with our Aluminum Deer Blind Slider Window Channel Track Kit. This kit includes 36 lineal feet of track, enough for four average windows, and is designed for single-channel sliding windows with 1/8″ thick Plexiglass or Lexan.",,no,,,each,
Andersen 3/4″ x 7/16″ Window Screen Frame,oldachparts.com,https://www.oldachparts.com/product/andersen-3-4-x-7-16-window-screen-frame/,"$ 12.88 Product Description Replacement Screen Frame to Match Andersen Windows Sandstone, Terratone, and White Finishes Matching Color Corners Available .020″ (.51 mm) Wall Thickness Individually Polywrapped Stock Lengths Our 3/4″ x 7/16″ (19 x 11.1 mm) Screen Frame is now available in matching Andersen Sandstone, Terratone, and White colors. Matching color plastic miter cut Screen Frame Corners are also available. Frame uses common .175″ Spline. Available in Sandstone, Terratone, and White. Related Products",,no,,,each,
Big View 16-Inch Tinted Slider Window for Deer Blind & Rifle Blind,oldachparts.com,https://www.oldachparts.com/product/big-view-16-inch-tinted-slider-window-for-deer-blind-rifle-blind/,"Features an aluminum frame, twin sash slider, and a latch mechanism for secure closure, providing excellent visibility and weather protection",,no,,,each,
Bottom Square Cut Plastic Screen Frame Corners,oldachparts.com,https://www.oldachparts.com/product/bottom-square-cut-plastic-screen-frame-corners/,$ 22.88 Product Description Popular Square Cut Corner for Storm Door Screens Quick and Easy Push-In Installation Fits oldp-00065 Series 5/16″ (7.9 mm) Screen Frame Only Plastic Square Cut Screen Frame Corners for storm door insert panels using oldp-00065 Series 5/16″ (7.9 mm) screen frame. Used with Cat. oldp-00057 Top Corners. Bottom Corners are non-handed. Available in packs of 20 each. Available in White in Brown. Related Products,,no,,,each,
Door Bottom Sweep Threshold Seals | Door WeatherStrip Parts | Dual Kerf Type Barb Insert | 36″ 42″ 48″ Width Doors,oldachparts.com,https://www.oldachparts.com/product/door-bottom-sweep-threshold-seals-door-weatherstrip-parts-dual-kerf-type-barb-insert-36-42-48-width-doors/,"Door Bottom Sweep Seals Bronze ( Brown ) and Beige – Door Bottom Weather Strip Parts With a double (twin) Dual Type Kerf Barb Insert 36″ 42″ 48″ Widths for entry or swinging doors, inswing and outswing door units",,no,,,each,
Dual Arm Oldach Casement Window Operator | 3 13/16″ Short Arm,oldachparts.com,https://www.oldachparts.com/product/dual-arm-oldach-casement-window-operator-3-13-16-short-arm/,Casement and awning window replacement operators in a Right Hand Model (as shown in the photo) and a Left Hand Model ( opposite ),,no,,,each,
Hunting Blind Stand Windows – Aluminum Frame,oldachparts.com,https://www.oldachparts.com/product/hunting-blind-stand-windows-aluminum-frame/,"$ 92.50 Product Description “Sturdy Aluminum-Framed Deer Blind Window Stand” Our deer blind window stand combines durability and functionality. Crafted with precision, the aluminum frame ensures stability and longevity. Whether you’re a seasoned hunter or a beginner, this stand provides optimal visibility and concealment. Elevate your hunting experience with our reliable aluminum-framed design. Explore our range of deer blind products, including DeerVue Blind Windows and doors. From durable parts to window EZ Slide tracks and QT Quiet Slide Bypass Track Parts, we’ve got you covered. Buy directly from us and save. Plus, our weather seal strips ensure optimal performance in any conditions. Need HELP?! Reach out to us info@oldachparts.com Related Products",,no,,,each,
Mobile Home Plastic Screen Frame Corners,oldachparts.com,https://www.oldachparts.com/product/mobile-home-plastic-screen-frame-corners/,$ 8.88 Product Description Fits 5/8″ x 1/4″ (15.9 x 6.3 mm) Screen Frame Replacement Corners for Mobile Home Screen Frames Square Cut These plastic square cut Mobile Home Screen Frame Corners fit 5/8″ x 1/4″ (15.9 x 6.3 mm) screen frames popular on mobile homes years ago. Unfortunately the frame is no longer available. These Corners are for replacing existing broken corners. Available in two colors. Available in packs of 20 each Available in Gray and White. Related Products,,no,,,each,
Model 513 VTIL Vinyl Side Stop Weatherstrip Seal Sliding Patio Doors,oldachparts.com,https://www.oldachparts.com/product/model-513-vtil-vinyl-side-stop-weatherstrip-seal-sliding-patio-doors/,"ORIGINAL Model # 513 VTIL, Vinyl Side Stop Weatherstrip Seal was discontinued.",,no,,,each,
Model V-RFI-WHITE Vinyl Side Stop Weatherstrip Seal | Sliding Patio Door Seals,oldachparts.com,https://www.oldachparts.com/product/model-v-rfi-white-vinyl-side-stop-weatherstrip-seal-sliding-patio-door-seals/,"ORIGINAL Model # 513 VTIL, Vinyl Side Stop Weatherstrip Seal was discontinued and – REPLACED BY THE V-RFI-BEIGE (as shown) available in 84″ Lengths Only and SOLD AS A TWO (2) PACK.",,no,,,each,
"Oldach Awning and Casement Window Weather Strip, Tan Leaf Type",oldachparts.com,https://www.oldachparts.com/product/oldach-awning-and-casement-window-weather-strip-tan-leaf-type/,"Awning and Casement Weather Strip, Tan Leaf Type for kerf insert. Oldach Casement and Awning Sash Frame Weatherstrip.",,no,,,each,
"Oldach Casement Awning Window Parts | Roto Crank Handle and Cover – Bronze, White or Gold",oldachparts.com,https://www.oldachparts.com/product/oldach-casement-awning-window-parts-roto-crank-handle-and-cover-bronze-white-or-gold/,"Oldach Casement or Awning Window Parts – One (1) Rotary Crank Handle and Cover Set – Replacement Set Includes the Casement Roto Crank Standard Handle (1) and Cover (1) and is available in standard color options: White, Gold or Dark Bronze.",,no,,,each,
Oldach Casement & Awning Window Parts | Standard Roto Crank Handle | Old Style | Bronze Gold White,oldachparts.com,https://www.oldachparts.com/product/oldach-casement-awning-window-parts-standard-roto-crank-handle-old-style-bronze-gold-white/,"Oldach Window Parts: Casement or Awning Window Crank Handle, Old Style Replacement Operator Handle Only: Available in Three (3) Standard Colors, Bronze, White or Gold – please specify color in the “comment section” at checkout.",,no,,,each,
Oldach Casement Awning Window Unit Parts | Crank Operators Old Style | ALL HANDING MODELS,oldachparts.com,https://www.oldachparts.com/product/oldach-casement-awning-window-unit-parts-crank-operators-old-style-all-handing-models/,"LEFT HANDING, Old Style P233 P234 DC Replacement Casement Window Operator, Roto-Gear Type.",,no,,,each,
Oldach Casement Sash Frame Replacement,oldachparts.com,https://www.oldachparts.com/product/oldach-casement-sash-frame-replacement/,"Specially manufactured OEM replacement parts from solid one piece clear select northern white pine, fir with no no finger jointing or glued up stock is used; …",,no,,,each,
Oldach Casement Window Crank Operator Parts| Dual Arm Roto Gear | All Handing Models,oldachparts.com,https://www.oldachparts.com/product/oldach-casement-window-crank-operator-parts-dual-arm-roto-gear-all-handing-models/,Replacement parts for your Oldach casement and awning windows – the operator cranks also known as roto-gear units – both Right and Left Handing Models.,,no,,,each,
Oldach Casement Window Frame Replacement,oldachparts.com,https://www.oldachparts.com/product/oldach-casement-window-frame-replacement/,"Specially manufactured OEM replacement parts from solid one piece clear select northern white pine, fir with no no finger jointing or glued up stock is used;…",,no,,,each,
Oldach Casement Window Operator Plastic Cover Only # RF05,oldachparts.com,https://www.oldachparts.com/product/oldach-casement-window-operator-plastic-cover-only-rf05/,Oldach Window Part – Casement Operator Crank Handle Plastic Cover – This EntryGard Casement Window Operator Cover Only,,no,,,each,
Oldach Casement Window Sash Lock and Keeper Set – All Finishes,oldachparts.com,https://www.oldachparts.com/product/oldach-casement-window-sash-lock-and-keeper-set-all-finishes/,"$ 32.88 Product Description Oldach Casement and Awning Window Replacement Parts – Repair and Restoration Parts for Your Oldach Wood and Clad Windows. Oldach Window Sash Locks / Keepers for Casement and Awning Window Units – are available in three of the OEM Standard Colors – white, bronze or gold. ( SEE DROPDOWN MENUS ) .. also new upgrade finishes available for your Oldach Casement Windows – in Beige, Chestnut Bronze, Clay, and Coppertone. These are “Non-Handed” units .. Related Products",,no,,,each,
Oldach Casement Window Universal Replacement Wood Parts | Sill Bottom Stop Wood Cover,oldachparts.com,https://www.oldachparts.com/product/oldach-casement-window-universal-replacement-wood-parts-sill-bottom-stop-wood-cover/,We offer some universal style mill fabricated casement sill stop replacement cover parts: Made from clear select northern white pine or fir with no no finger jointing or glued parts.,,no,,,each,
Oldach EntryGard Crank Operators / Roto Gear Opener,oldachparts.com,https://www.oldachparts.com/product/oldach-entrygard-crank-operators-roto-gear-opener/,"Product Information & Specifications: Replaces many Oldach Older Model Operators with the Truth or EntryGard Stampings, Available in a Right Hand and Left Hand model.",,no,,,each,
Oldach Foam Weather Strip Window Seals | Foam Pocket Type Weatherseals | 100′ Rolls,oldachparts.com,https://www.oldachparts.com/product/oldach-foam-weather-strip-window-seals-foam-pocket-type-weatherseals-100-rolls/,"Oldach Window Seals and Weatherstrip , White or Bronze Foam Type Pocket Seals – for Oldach Model Casement, Awning and Sliding Windows.",,no,,,each,
Oldach Jamb Liner Sash Carrier Track Plastic Sash Window Balance Track Parts,oldachparts.com,https://www.oldachparts.com/product/oldach-jamb-liner-sash-carrier-track-plastic-sash-window-balance-track-parts/,We have them available – sold in “pairs” only and include the new channel balances for your single hung Oldach and Outlook windows.,,no,,,each,
"Oldach™ Kerf Track Weather Seals, Foam Type QSeal Weather Strip",oldachparts.com,https://www.oldachparts.com/product/oldach-kerf-track-weather-seals-foam-type-qseal-weather-strip/,"OEM STYLE weather seals and weatherstripping for windows and doors, foam body with fin, extruded foam style seals used on some ealier model Oldach™ windows and doors.",,no,,,each,
Oldach Outlook Entrygard Dual Arm Casement Operator | 2 13/16″ Short Style Arm Link,oldachparts.com,https://www.oldachparts.com/product/oldach-outlook-entrygard-dual-arm-casement-operator-2-13-16-short-style-arm-link/,Casement and Awning window replacement operators for Oldach and Outlook Window,,no,,,each,
OLDACH OUTLOOK SEALRITE | Plastic Snap In Glazing Bead – Obsolete Hard To Find RARE | White or Bronze,oldachparts.com,https://www.oldachparts.com/product/oldach-outlook-sealrite-plastic-snap-in-glazing-bead-obsolete-hard-to-find-rare-white-or-bronze/,One of the most difficult to find for homeowners. This Oldach window glazing bead has been obsolete for a long time. Now available in homeowner “small parts” package size orders in white and bronze – Top Picture shows original OEM part – ours is single function color plastic snap in bead. ( see second photo). – available in Bronze or White Only.,,no,,,each,
Oldach Patio Door | Old Wood Patio Doors – Side Head Jamb Weatherstrip,oldachparts.com,https://www.oldachparts.com/product/oldach-patio-door-old-wood-patio-doors-side-head-jamb-weatherstrip/,Product Description – Oldach Patio Door Weather Strip Parts for side and jamb patio door frame seals.,,no,,,each,
Oldach Patio Door Rollers Steel Tandem Assembly – Per PAIR,oldachparts.com,https://www.oldachparts.com/product/oldach-patio-door-rollers-steel-tandem-assembly-per-pair/,Oldach Patio Door Rollers – these are the OEM Replacements with adjustable 1-1/4-in Steel Wheel Tandem Patio Door Roller Assembly – PAIR ( 2 Sets ),,no,,,each,
Oldach Patio Door Weatherstrip Side Jamb & Head Jamb Seals – 92″ to 94″,oldachparts.com,https://www.oldachparts.com/product/oldach-patio-door-weatherstrip-side-jamb-head-jamb-seals-92-to-94/,Oldach Sliding Wood Patio Door Seal Parts – Side & Head Door Seal in the 92″ to 94″ Lengths. Tan Color Only.,,no,,,each,
Oldach Plastic PVC Vinyl Replacement Glazing Bead Parts | *HARD TO FIND*,oldachparts.com,https://www.oldachparts.com/product/oldach-plastic-pvc-vinyl-replacement-glazing-bead-parts-obsolete-hard-to-find/,Got Questions? Not sure what you need? Feel free to email: info@oldachparts.com NOT SURE WHAT YOU NEED?!? EMAIL PICTURES AND WE WILL GET YOU TAKEN CARE OF!,,no,,,each,
Oldach Sliding Wood Patio Door Replacement Rollers | Steel Replacement Wheel Assembly,oldachparts.com,https://www.oldachparts.com/product/oldach-sliding-wood-patio-door-replacement-rollers-steel-replacement-wheel-assembly/,"Oldach Patio Door, Tandem Door Rollers for 36″ W to 48″ W Patio Door Units; 1 1/4″ wheels with steel ball bearings; SOLD PER PAIR – You Should Always Replace In Pairs.",,no,,,each,
Oldach Stepdown Profile Wood Window Glazing Bead 144′,oldachparts.com,https://www.oldachparts.com/product/oldach-stepdown-profile-wood-window-glazing-bead-144/,"OLDACH WINDOW PART – 144 Lineal Feet, Unfinished, STEP DOWN STYLE Oldach Wood Glazing Bead – TYPE 2 – this is the most second common “profile” and we normally recommend that you replace all beading.",,no,,,each,
Oldach Truth EntryGard Casement Operators,oldachparts.com,https://www.oldachparts.com/product/oldach-truth-entrygard-casement-operators/,"Product Information & Specifications: Replaces many Oldach Older Model Operators with the Truth or EntryGard Stampings, Available in a Right Hand and Left Hand model.",,no,,,each,
Oldach Window Balance Pairs | All Sizes,oldachparts.com,https://www.oldachparts.com/product/oldach-window-balance-pairs-all-sizes/,"$ 140.89 Please specify the following informations before adding to cart. Product Description Oldach Window Replacement Balance Pairs | Outlook SealRite – Oldach Window Replacement Balances – Stamping Numbers – 26 27 28 29 30 31 32 33 34 35 – used on Oldach, Outlook and Seal-Rite Single and double hung windows. Replacement Channel Balances – PRICED PER MINIMUM ORDER OF TWO (2) PAIRS [pack of 4] Single and Double Hung Model Windows. In the “Requirement” section below please specify the following informations before adding to cart: Not Sure .. have QUESTIONS? .. send clear pictures – Info@WeFixItUSA.com Related Products",,no,pack_of_4,,pack,pack of 4
Oldach Window Channel Balance Sash Spring Units | Single Hung Oldach Window Parts,oldachparts.com,https://www.oldachparts.com/product/oldach-window-channel-balance-sash-spring-units-single-hung-oldach-window-parts/,"Oldach Model Windows – window balances, OEM Replacement Type Parts – features a heat treated, high tension steel spring and is designed for use on your Oldach Sash Windows.",,no,,,each,
Oldach Window OEM Sash Frame Foam Filled Offset Seal Weatherstrip,oldachparts.com,https://www.oldachparts.com/product/oldach-window-oem-sash-frame-foam-filled-offset-seal-weatherstrip/,"$ 198.88 Product Description Used on various Oldach, Outlook, Caradco and other models, Single/Double Hung Windows, Tilt-In Window Units, Some Casement Models, Jalousie, Awning and Horizontal Sliding Windows. Available in 50′ rolls – Brown / Bronze Color – if you want WHITE you must specify in comment section at checkout – IF NOT SPECIFIED – we will ship Bronze. Need more help? info@OldachParts.com Related Products",,no,,,each,
Oldach Window Old Style Entrygard Operators | Single Arm Style,oldachparts.com,https://www.oldachparts.com/product/oldach-window-old-style-entrygard-operators-single-arm-style/,Casement window replacement operators for Oldach Windows: Available in a Right Hand Model (as shown in the photo) and a Left Hand Model ( would be the opposite ),,no,,,each,
Oldach Window Plastic Jamb Carrier Track Repair Replacement Balances,oldachparts.com,https://www.oldachparts.com/product/oldach-window-plastic-jamb-carrier-track-repair-replacement-balances/,"Oldach Single Hung Window Balance Systems and Parts. All new balances available for your Oldach single hung windows, balance channel plastic track part…",,no,,,each,
Oldach Window Slide Latch Assembly Parts For Tilt Out Window Sash – 19015 19179,oldachparts.com,https://www.oldachparts.com/product/oldach-window-slide-latch-assembly-parts-for-tilt-out-window-sash-19015-19179/,Oldach Window Slide Latch Assembly Parts For Tilt Out Window Sash.,,no,,,each,
Oldach Window Slide Latch Assembly Parts For Tilt Out Window Sash,oldachparts.com,https://www.oldachparts.com/product/oldach-window-slide-latch-assembly-parts-for-tilt-out-window-sash/,Oldach Window Slide Latch Assembly Parts For Tilt Out Window Sash – Six (6) Pairs Only.,,yes,,,pair,sold in pairs
Oldach Window Weather Strip | Kerf Insert Track U Channel Tan,oldachparts.com,https://www.oldachparts.com/product/oldach-window-weather-strip-kerf-insert-track-u-channel-tan/,Oldach Window OEM Style Weather Strip Seals – used primarily for Oldach Horizontal Silders and Single Hung Units. Available in a Tan / Beige Color ( White is available in Minimum Orders of 244 Lineal Feet only.,,no,,,each,
"Oldach Window Weather Strip Seals – Kerf U Channel Type, Tan",oldachparts.com,https://www.oldachparts.com/product/oldach-window-weather-strip-seals-kerf-u-channel-type-tan/,OEM STYLE – TAN – Ships in 72″ Lengths – Oldach Window OEM Style Weatherstripping Seals for Oldach Horizontal Silders and Single Hung Units.,,no,,,each,
Oldach Window Wood Sash Frame Parts and Component Replacement,oldachparts.com,https://www.oldachparts.com/product/oldach-window-wood-sash-frame-parts-and-component-replacement/,"We can perform all types of Oldach window repair and restoration – Refurbish, Rebuild, Repair, Fix Rotten Parts, Sills, Sash Frames, …",,no,,,each,
Oldach Wood Patio Door Weather Strip Jamb Head Jamb Seals – 84″ Long,oldachparts.com,https://www.oldachparts.com/product/oldach-wood-patio-door-weather-strip-jamb-head-jamb-seals-84-long/,Product Description – Oldach Wood Patio Door Replacement Parts. Weather Strip for Side Jamb and Head Door Seal 84″ Length – Tan Color Only.,,no,,,each,
"Oldach Wood Window Glazing Bead, Wood Standard Profile 120′",oldachparts.com,https://www.oldachparts.com/product/oldach-wood-window-glazing-bead-wood-standard-profile-120/,Obsolete OLDACH WINDOW PART – Vinyl Composite Style Window Glazing Bead Replacement – This original type is no longer available.,,no,,,each,
"Oldach Wood Window Glazing Bead, Wood Standard Profile 144′",oldachparts.com,https://www.oldachparts.com/product/oldach-wood-window-glazing-bead-wood-standard-profile-144/,"Obsolete OLDACH WINDOW PART – 144 Lineal Feet, Unfinished, Wood Glazing Bead – TYPE 1 ( Center Rounded Edge Style ) – this is the most common “profile” and you will normally find that it was stapled in and is warping or buckling.",,no,,,each,
Oldach Wood Window Parts Repairs Replacements | Area Service Calls,oldachparts.com,https://www.oldachparts.com/product/oldach-wood-window-parts-repairs-replacements-area-service-calls/,"Oldach Wood Window Parts Repairs and Replacements – window sashes, frame components, glass, Head and Jamb parts, Sill removal and repairs – we can take care of all your Oldach window needs!",,no,,,each,
Patio Door Side Jamb Head Sill Door Weather Strip Seals CHES/HES 88″,oldachparts.com,https://www.oldachparts.com/product/patio-door-side-jamb-head-sill-door-weather-strip-seals-ches-hes-88/,"MINIMUM ORDER OF TWO (2) EACH, 88″ Long – PER PACK – Side & Head Seal For Sliding Patio Doors Model 511 Style – Used For Hurd, Oldach, Marvin and Several Others.",,no,,,each,
"Peachtree Patio Door Rollers Steel Wheel, Tandem Unit Assembly – Per PAIR",oldachparts.com,https://www.oldachparts.com/product/peachtree-patio-door-rollers-steel-wheel-tandem-unit-assembly-per-pair/,"Peachtree Patio Door Rollers Steel Wheel, Tandem Unit Assembly – Per PAIR – for Ariel Patio Door (1984-2007), Carvel Patio Door (1968-1996), …",,no,,,each,
Pella Style Plastic Screen Frame Corners,oldachparts.com,https://www.oldachparts.com/product/pella-style-plastic-screen-frame-corners/,"$ 17.88 Product Description Fits 3/4″ (19 mm) Pella Window Screen Frame Available in Three Pella Colors Pella 3/4″ x 7/16″ (19 x 11.1 mm) Plastic Screen Frame Corners fit Pella 3/4″ (19 mm) miter cut screen frame. 20 per pack. Available in Tan, White, and Bronze Related Products",,no,,,each,
Plastic Mitered Lip Frame Corners,oldachparts.com,https://www.oldachparts.com/product/plastic-mitered-lip-frame-corners/,$ 52.29 Product Description For 5/16″ (7.9 mm) Screen Lip Frame These CRL Plastic Miter Screen Frame Corners work with Lip Frames. The screen frame is designed to fit our 5/16″ (7.9 mm) Screen Lip Frames for miter cut applications. Minimum order is 100 each. Must be ordered in increments of 100. ***SOLD IN INCREMENTS OF 100*** Related Products,,no,,,each,
Plastic Square Lip Frame Corners,oldachparts.com,https://www.oldachparts.com/product/plastic-square-lip-frame-corners/,$ 44.88 Product Description Eliminate Miter Cutting of Screen Frame Corner has 5/16″ (7.9 mm) Lip to Match Frame These CRL Square Cut Plastic Screen Frame Corners work with Cat. No. oldp-00039 Lip Frame. These screen frame which this corner fits is 3/8″ (9.5 mm) thick frame and has a 5/16″ (7.9 mm) wide lip to match the frame. Available in White and Bronze. ***SOLD IN INCREMENTS OF 100*** Related Products,,no,,,each,
Plexi-Glass or Lexan Deer Blind and Stand “Retro-Fit” Aluminum Window Channel Track,oldachparts.com,https://www.oldachparts.com/product/plexi-glass-or-lexan-deer-blind-and-stand-retro-fit-aluminum-window-channel-track/,Got Questions? Not sure what you need? Feel free to email: info@oldach NOT SURE WHAT YOU NEED?!? EMAIL PICTURES AND WE WILL GET YOU TAKEN CARE OF!,,no,,,each,
Rockwell / Barber & Ross casement sill covers,oldachparts.com,https://www.oldachparts.com/product/rockwell-barber-ross-casement-sill-covers/,"Refurbish, Rebuild, Repair, Fix or Upgrade Your Old Wood Windows, Wood/Clad Windows and Patio Doors. Use original milled style parts ( to OEM Specs ) all made by WeFixItUSA of Colorado.",,no,,,each,
Screen Frame Spreader Bar and Clips,oldachparts.com,https://www.oldachparts.com/product/screen-frame-spreader-bar-and-clips/,"$ 6.50 Product Description Prevents Screen Frame From Bowing In Easy-to-Install Three Finishes to Choose From 5/8″ x 5/16″ (15.9 x 7.9 mm) box type Spreader Bar is made of .025 mil (.64 mm) thickness roll formed aluminum. Adds rigidity and strength to large size screens. Almost always installed across the mid-point of the screen’s longest side. Available in Mill, Gray, White and Bronze Related Products",,no,,,each,
Side & Head Seal For Oldach Sliding Patio Doors – Model 511 Style CHES HES 88″ L Beige,oldachparts.com,https://www.oldachparts.com/product/side-head-seal-for-oldach-sliding-patio-doors-model-511-style-ches-hes-88-l-beige/,"CHES/HES Side & Head Door Seal Beige / Tan Color. 88″ Lengths – MINIMUM ORDER IS TWO (2) PIECES. One (1) @ Jamb, and One (1) @ Head Sill (top).",,no,,,each,
Slide Lock Square Plastic Screen Frame Corners,oldachparts.com,https://www.oldachparts.com/product/slide-lock-square-plastic-screen-frame-corners/,"$ 23.93 Product Description Slide Lock Keeps Corner Tight Fits 5/16″ (7.9 mm) Screen Frame For Better Built Windows Plastic Square Cut Screen Frame Corner with Slide Lock fits Better Built Windows. This corner has a plastic slide lock, (the black slide lock is shown for ease of visualization); 1/8″ (3.2 mm) tall post keeps corner tight within window frame. For use with 5/16″ (7.9 mm) screen frame. A set consists of one Corner and one slide lock. Package contains 20 sets. Related Products",,no,,,each,
Top Square Cut Plastic Screen Frame Corners,oldachparts.com,https://www.oldachparts.com/product/top-square-cut-plastic-screen-frame-corners/,"$ 18.88 Product Description Popular Square Cut Corner for Storm Door Screens Quick and Easy Push-In Installation Fits oldp-00065 Series 5/16″ (7.9 mm) Screen Frame Only CRL Plastic Square Cut Screen Frame Corners for storm door insert panels using oldp-00065 series 5/16″ (7.9 mm) screen frame. Corners have a retainer pin, and come left and right hand, 10 pair per pack. The pin was redesigned to half round to prevent breakage during installation. 10 pair per pack. Available in White and Brown Related Products",,no,,,each,
Universal Casement Window Sash Upgrade Replacement – Flex-Leg Seal,oldachparts.com,https://www.oldachparts.com/product/universal-casement-window-sash-upgrade-replacement-flex-leg-seal/,$ 201.76 Product Description Wood Casement Window Seals Upgrade Parts – This is the “flexible leg” and if you will notice provides a sash leaf seal with a compression style seal at the same time. More modern and updated design made for use with old wood and clad casement and awning sash frames. Sold and shipped in 72″ Lengths and priced per MINIMUM ORDER AS REQUIRED. Twelve (12) Lengths / Total of 72 Lineal Feet. Related Products,,no,,,each,
VGB Window Glazing Bead Precision Cutting Installation Tool,oldachparts.com,https://www.oldachparts.com/product/vgb-window-glazing-bead-precision-cutting-installation-tool/,"This Cutting Tool – simply the best manual cutting tool you can get for for all kinds, all types, and brands of plastic window bead, PVC bead, CPVC Beads, vinyl window beading and weather strip.",,no,,,each,
Window Sash Carrier Track Plastic Sash Jamb Liner Balance Track Complete,oldachparts.com,https://www.oldachparts.com/product/window-sash-carrier-track-plastic-sash-jamb-liner-balance-track-complete/,We have the Oldach Single Hung Window Sash Carrier Track / Jamb Liner Track WITH BALANCES – this is the “Plastic Sash Jamb Liner” that holds the sash and the spring balance system.,,no,,,each,
