ID,Type,SKU,Name,Published,"Is featured?","Visibility in catalog","Short description",Description,"Date sale price starts","Date sale price ends","Tax status","Tax class","In stock?",Stock,"Low stock amount","Backorders allowed?","Sold individually?","Weight (lbs)","Length (in)","Width (in)","Height (in)","Allow customer reviews?","Purchase note","Sale price","Regular price",Categories,Tags,"Shipping class",Images,"Download limit","Download expiry days",Parent,"Grouped products",Upsells,Cross-sells,"External URL","Button text",Position,"Attribute 1 name","Attribute 1 value(s)","Attribute 1 visible","Attribute 1 global","Attribute 1 default","Attribute 2 name","Attribute 2 value(s)","Attribute 2 visible","Attribute 2 global","Meta: _product_addons","Meta: _product_addons_exclude_global","Meta: _yoast_wpseo_primary_product_cat","Meta: _yoast_wpseo_content_score","Meta: _yoast_wpseo_estimated-reading-time-minutes","Meta: _yoast_wpseo_wordproof_timestamp","Attribute 3 name","Attribute 3 value(s)","Attribute 3 visible","Attribute 3 global","Meta: _yoast_wpseo_focuskw","Meta: _yoast_wpseo_metadesc","Meta: _yoast_wpseo_linkdex"
16,simple,"Bead Cutting Tool","VGB Window Glazing Bead Precision Cutting Installation Tool",1,0,visible,"This Cutting Tool - simply the best manual cutting tool you can get for for all kinds, all types, and brands of plastic window bead, PVC bead, CPVC Beads, vinyl window beading and weather strip.","VGB Window Glazing Bead / WEATHERSTRIP Helper - This Cutting Tool - simply the best manual cutting tool you can get for for all kinds, all types, and brands of plastic window bead, PVC bead, CPVC Beads, vinyl window beading and weather strip. Movable ""table"" allows for precision mitre cuts, straight cuts in a very simple and fast method - at any degree you wish to set and adjust to .. this unit will make a professional out of the D.I.Y. Homeowner .. or help any PRO WINDOW TECH .. do a better and more efficient job.",,,taxable,,1,,,0,0,,,,,1,,,118.00,"Glazing Bead, Patio Door Weather-Strip Seals, Repair Restoration Parts, Weather-Strip Seals",,,https://www.oldachparts.com/wp-content/uploads/2023/03/Cut_tool_1.gif,,,,,,,,,0,,,,,,,,,,,,,,,
18,variable,oldp-00004,"Oldach Casement Window Crank Operator Parts| Dual Arm Roto Gear | All Handing Models",1,0,visible,"Replacement parts for your Oldach casement and awning windows - the operator cranks also known as roto-gear units - both Right and Left Handing Models.","Replacement parts for your Oldach casement and awning windows - the operator cranks also known as roto-gear units - both Right and Left Handing Models. See pictures in listing for the easy handing determinations; See Drop Down Menu for Selections - The plastic covers and the crank handles are sold separately and are also here at this site. Component numbers that may be stamped on this style of operator are no longer relevant - 20810, 20544, 40372, 40471, 40254, 40753, 30470, 30472, 40754, L30841, 31358A, 31358, 30637, 30842.",,,taxable,,1,,,0,0,,,,,1,,,,"Replacement Hardware Parts, Window Hardware",,,https://www.oldachparts.com/wp-content/uploads/2023/03/MV_Left_Handed.jpeg,,,,,,,,,0,"RH / LH","Left Hand, Right Hand",1,0,"Left Hand",,,,,,,,,,
19,variation,,"Oldach Casement Window Crank Operator Parts| Dual Arm Roto Gear | All Handing Models - Left Hand",1,0,visible,,,,,taxable,parent,1,,,0,0,,,,,0,,,58.88,,,,https://www.oldachparts.com/wp-content/uploads/2023/03/MV_Left_Handed.jpeg,,,oldp-00004,,,,,,1,"RH / LH","Left Hand",,0,,,,,,,,,,,
20,variation,,"Oldach Casement Window Crank Operator Parts| Dual Arm Roto Gear | All Handing Models - Right Hand",1,0,visible,,,,,taxable,parent,1,,,0,0,,,,,0,,,58.88,,,,https://www.oldachparts.com/wp-content/uploads/2023/03/MV_RH_Stnd.jpeg,,,oldp-00004,,,,,,2,"RH / LH","Right Hand",,0,,,,,,,,,,,
23,variable,"oldp-00005 OS","Oldach Casement Awning Window Unit Parts | Crank Operators Old Style | ALL HANDING MODELS",1,0,visible,"LEFT HANDING, Old Style P233 P234 DC Replacement Casement Window Operator, Roto-Gear Type.","LEFT HANDING, Old Style P233 P234 DC Replacement Casement Window Operator, Roto-Gear Type.",,,taxable,,1,,,0,0,,,,,1,,,,"Replacement Hardware Parts, Window Hardware, Wood Restoration Parts",,,https://www.oldachparts.com/wp-content/uploads/2023/03/biltbest_operator.jpeg,,,,,,,,,0,"RH / LH","Left Hand, Right Hand",1,0,,,,,,,,,,,
27,variation,,"Oldach Casement Awning Window Unit Parts | Crank Operators Old Style | ALL HANDING MODELS - Left Hand",1,0,visible,,,,,taxable,parent,1,,,0,0,,,,,0,,,58.88,,,,https://www.oldachparts.com/wp-content/uploads/2023/03/MV_Left_Handed_0.jpeg,,,"oldp-00005 OS",,,,,,1,"RH / LH","Left Hand",,0,,,,,,,,,,,
28,variation,,"Oldach Casement Awning Window Unit Parts | Crank Operators Old Style | ALL HANDING MODELS - Right Hand",1,0,visible,,,,,taxable,parent,1,,,0,0,,,,,0,,,58.88,,,,https://www.oldachparts.com/wp-content/uploads/2023/03/MV_RH_Stnd_0.jpeg,,,"oldp-00005 OS",,,,,,2,"RH / LH","Right Hand",,0,,,,,,,,,,,
29,variable,oldp-00008,"Dual Arm Oldach Casement Window Operator | 3 13/16"" Short Arm",1,0,visible,"Casement and awning window replacement operators in a Right Hand Model (as shown in the photo) and a Left Hand Model ( opposite )","Casement and awning window replacement operators in a Right Hand Model (as shown in the photo) and a Left Hand Model ( opposite ); To compare your existing operator to the one in the photo, crank the spindle until your operator arms match the photo. Push the large arm into position and then Use the spindle to crank the small arm into position. Plastic cover, crank handle and wood screws are sold separately. Measurements: Long arm measures approximately 9-5/8"", Short arm measures approximately 3-13/16"" (This is the measurement of the link at the end of the jointed arm) and sash mounting plate measures approximately 2-1/8"" by 5"". same as Truth 15.16.00.001/2WFI - old operators may have the following number stampings - 40754, 20755, 31538.",,,taxable,,1,,,0,0,,,,,1,,,,"Window Hardware",,,https://www.oldachparts.com/wp-content/uploads/2023/03/operator-short-arm.jpeg,,,,,,,,,0,"RH / LH","Left Hand, Right Hand",1,0,,,,,,,,,,,
31,variation,,"Dual Arm Oldach Casement Window Operator | 3 13/16"" Short Arm - Left Hand",1,0,visible,,,,,taxable,parent,1,,,0,0,,,,,0,,,58.88,,,,,,,oldp-00008,,,,,,1,"RH / LH","Left Hand",,0,,,,,,,,,,,
32,variation,,"Dual Arm Oldach Casement Window Operator | 3 13/16"" Short Arm - Right Hand",1,0,visible,,,,,taxable,parent,1,,,0,0,,,,,0,,,58.88,,,,,,,oldp-00008,,,,,,2,"RH / LH","Right Hand",,0,,,,,,,,,,,
33,variable,oldp-00009,"Oldach Outlook Entrygard Dual Arm Casement Operator | 2 13/16"" Short Style Arm Link",1,0,visible,"Casement and Awning window replacement operators for Oldach and Outlook Window","Casement and Awning window replacement operators for Oldach and Outlook Windows .. Available in a Right Handing and Left Handing Models ( SEE PHOTO - RIGHT HANDING IS SHOWN .. The Left Handing Model ( is opposite ); Plastic covers, crank handles are sold separately here on this site. Short arm is approximately 2 13/16"" long. Some of the old part numbers may have stampings of 20748, 40372, 40471, 40254, 40753, 30470, 30472, 40754, L30841, 31538A, 31538, 30637, 30842",,,taxable,,1,,,0,0,,,,,1,,,,"Window Hardware",,,https://www.oldachparts.com/wp-content/uploads/2023/03/operator-short-arm.jpeg,,,,,,,,,0,"RH / LH","Left Hand, Right Hand",1,0,,,,,,,,,,,
34,variation,,"Oldach Outlook Entrygard Dual Arm Casement Operator | 2 13/16"" Short Style Arm Link - Left Hand",1,0,visible,,,,,taxable,parent,1,,,0,0,,,,,0,,,58.88,,,,,,,oldp-00009,,,,,,1,"RH / LH","Left Hand",,0,,,,,,,,,,,
35,variation,,"Oldach Outlook Entrygard Dual Arm Casement Operator | 2 13/16"" Short Style Arm Link - Right Hand",1,0,visible,,,,,taxable,parent,1,,,0,0,,,,,0,,,58.88,,,,,,,oldp-00009,,,,,,2,"RH / LH","Right Hand",,0,,,,,,,,,,,
36,variable,oldp-00010,"Oldach Window Old Style Entrygard Operators | Single Arm Style",1,0,visible,"Casement window replacement operators for Oldach Windows: Available in a Right Hand Model (as shown in the photo) and a Left Hand Model ( would be the opposite )","Casement window replacement operators for Oldach Windows: Available in a Right Hand Model (as shown in the photo) and a Left Hand Model ( would be the opposite ) - Plastic cover, crank handle and wood screws are sold separately; Length of arm is approximately 9"". Mounting plate measures 5"" by 2-1/8"".",,,taxable,,1,,,0,0,,,,,1,,,,"Window Hardware",,,https://www.oldachparts.com/wp-content/uploads/2023/03/single-arm-operator.jpeg,,,,,,,,,0,"RH / LH","Left Hand, Right Hand",1,0,,,,,,,,,,,
38,variation,,"Oldach Window Old Style Entrygard Operators | Single Arm Style - Left Hand",1,0,visible,,,,,taxable,parent,1,,,0,0,,,,,0,,,58.88,,,,,,,oldp-00010,,,,,,1,"RH / LH","Left Hand",,0,,,,,,,,,,,
39,variation,,"Oldach Window Old Style Entrygard Operators | Single Arm Style - Right Hand",1,0,visible,,,,,taxable,parent,1,,,0,0,,,,,0,,,58.88,,,,,,,oldp-00010,,,,,,2,"RH / LH","Right Hand",,0,,,,,,,,,,,
40,variable,oldp-00011,"Oldach EntryGard Crank Operators / Roto Gear Opener",1,0,visible,"Product Information &amp; Specifications: Replaces many Oldach Older Model Operators with the Truth or EntryGard Stampings, Available in a Right Hand and Left Hand model.","Product Information &amp; Specifications: Replaces many Oldach Older Model Operators with the Truth or EntryGard Stampings, Available in a Right Hand and Left Hand model. Plastic crank covers, crank handles and operator wood screws are sold separately. Covers and crank handles are available in 3 finishes - White, Chestnut and Bronze.\n\nOldach component numbers that may be stamped on Truth / Truth EntryGard or EntryGard Operators: 20810, 20544, 40372, 40471, 40254, 40753, 30470, 30472, 40754, L30841, 31358A, 31358, 30637, 30842, 45002, 40008, 45035, 40351, 40352, 30905, 31230, 40887, 40941 40942, 07900, 45086, 45085, If you are not sure - email us at info@OldachParts.com",,,taxable,,1,,,0,0,,,,,1,,,,"Window Hardware",,,https://www.oldachparts.com/wp-content/uploads/2023/03/operator-roto.jpeg,,,,,,,,,0,Color,"Bronze, Chestnut, White",1,0,,"RH / LH","Left Hand, Right Hand",1,0,,,,,,
41,variation,,"Oldach EntryGard Crank Operators / Roto Gear Opener",1,0,visible,,,,,taxable,parent,1,,,0,0,,,,,0,,,58.88,,,,,,,oldp-00011,,,,,,1,Color,Bronze,,0,,"RH / LH","Left Hand",,0,,,,,,
42,variation,,"Oldach EntryGard Crank Operators / Roto Gear Opener",1,0,visible,,,,,taxable,parent,1,,,0,0,,,,,0,,,58.88,,,,,,,oldp-00011,,,,,,2,Color,Bronze,,0,,"RH / LH","Right Hand",,0,,,,,,
43,variation,,"Oldach EntryGard Crank Operators / Roto Gear Opener",1,0,visible,,,,,taxable,parent,1,,,0,0,,,,,0,,,58.88,,,,,,,oldp-00011,,,,,,3,Color,Chestnut,,0,,"RH / LH","Left Hand",,0,,,,,,
44,variation,,"Oldach EntryGard Crank Operators / Roto Gear Opener",1,0,visible,,,,,taxable,parent,1,,,0,0,,,,,0,,,58.88,,,,,,,oldp-00011,,,,,,4,Color,Chestnut,,0,,"RH / LH","Right Hand",,0,,,,,,
45,variation,,"Oldach EntryGard Crank Operators / Roto Gear Opener",1,0,visible,,,,,taxable,parent,1,,,0,0,,,,,0,,,58.88,,,,,,,oldp-00011,,,,,,5,Color,White,,0,,"RH / LH","Left Hand",,0,,,,,,
46,variation,,"Oldach EntryGard Crank Operators / Roto Gear Opener",1,0,visible,,,,,taxable,parent,1,,,0,0,,,,,0,,,58.88,,,,,,,oldp-00011,,,,,,6,Color,White,,0,,"RH / LH","Right Hand",,0,,,,,,
70,variable,oldp-00013,"Oldach Truth EntryGard Casement Operators",1,0,visible,"Product Information &amp; Specifications: Replaces many Oldach Older Model Operators with the Truth or EntryGard Stampings, Available in a Right Hand and Left Hand model.","Product Information & Specifications:  Replaces many Oldach Older Model Operators with the Truth or EntryGard Stampings, Available in a Right Hand and Left Hand model. Plastic crank covers, crank handles and opersator wood screws are sold separately. Covers and crank handles are available in 3 finishes - White, Chestnut and Bronze.\n\nOldach component numbers that may be stamped on Truth / Truth EntryGard or EntryGard Operators: 20810, 20544, 40372, 40471, 40254, 40753, 30470, 30472, 40754, L30841, 31358A, 31358, 30637, 30842, 45002, 40008, 45035, 40351, 40352, 30905, 31230, 40887, 40941 40942, 07900, 45086, 45085,   If you have questions - Email Info@OldachParts.com",,,taxable,,1,,,0,0,,,,,1,,,,"Window Hardware",,,https://www.oldachparts.com/wp-content/uploads/2023/03/oper4.gif,,,,,,,,,0,Color,"Bronze, Chestnut, White",1,0,,"RH / LH","Left Hand, Right Hand",1,0,,,,,,
71,variation,,"Oldach Truth EntryGard Casement Operators",1,0,visible,,,,,taxable,parent,1,,,0,0,,,,,0,,,48.88,,,,,,,oldp-00013,,,,,,1,Color,Bronze,,0,,"RH / LH","Left Hand",,0,,,,,,
72,variation,,"Oldach Truth EntryGard Casement Operators",1,0,visible,,,,,taxable,parent,1,,,0,0,,,,,0,,,48.88,,,,,,,oldp-00013,,,,,,2,Color,Bronze,,0,,"RH / LH","Right Hand",,0,,,,,,
73,variation,,"Oldach Truth EntryGard Casement Operators",1,0,visible,,,,,taxable,parent,1,,,0,0,,,,,0,,,48.88,,,,,,,oldp-00013,,,,,,3,Color,Chestnut,,0,,"RH / LH","Left Hand",,0,,,,,,
74,variation,,"Oldach Truth EntryGard Casement Operators",1,0,visible,,,,,taxable,parent,1,,,0,0,,,,,0,,,48.88,,,,,,,oldp-00013,,,,,,4,Color,Chestnut,,0,,"RH / LH","Right Hand",,0,,,,,,
75,variation,,"Oldach Truth EntryGard Casement Operators",1,0,visible,,,,,taxable,parent,1,,,0,0,,,,,0,,,48.88,,,,,,,oldp-00013,,,,,,5,Color,White,,0,,"RH / LH","Left Hand",,0,,,,,,
76,variation,,"Oldach Truth EntryGard Casement Operators",1,0,visible,,,,,taxable,parent,1,,,0,0,,,,,0,,,48.88,,,,,,,oldp-00013,,,,,,6,Color,White,,0,,"RH / LH","Right Hand",,0,,,,,,
78,variable,"oldp-00093 RF 07","Oldach Casement & Awning Window Parts | Standard Roto Crank Handle | Old Style | Bronze Gold White",1,0,visible,"Oldach Window Parts: Casement or Awning Window Crank Handle, Old Style Replacement Operator Handle Only: Available in Three (3) Standard Colors, Bronze, White or Gold - please specify color in the ""comment section"" at checkout.","Oldach Window Parts: Casement or Awning Window Crank Handle, Old Style Replacement Operator Handle Only: Available in Three (3) Standard Colors, Bronze, White or Gold - please specify color in the ""comment section"" at checkout.",,,taxable,,1,,,0,0,,,,,1,,,,"Repair Restoration Parts, Window Hardware",,,https://www.oldachparts.com/wp-content/uploads/2023/03/Casement-Crank-Handle.jpg,,,,,,,,,0,Color,"Bronze, Gold, White",1,0,,,,,,,,,,,
80,variation,,"Oldach Casement & Awning Window Parts | Standard Roto Crank Handle | Old Style | Bronze Gold White - Bronze",1,0,visible,,,,,taxable,parent,1,,,0,0,,,,,0,,,13.99,,,,,,,"oldp-00093 RF 07",,,,,,1,Color,Bronze,,0,,,,,,,,,,,
81,variation,,"Oldach Casement & Awning Window Parts | Standard Roto Crank Handle | Old Style | Bronze Gold White - Gold",1,0,visible,,,,,taxable,parent,1,,,0,0,,,,,0,,,13.99,,,,,,,"oldp-00093 RF 07",,,,,,2,Color,Gold,,0,,,,,,,,,,,
82,variation,,"Oldach Casement & Awning Window Parts | Standard Roto Crank Handle | Old Style | Bronze Gold White - White",1,0,visible,,,,,taxable,parent,1,,,0,0,,,,,0,,,13.99,,,,,,,"oldp-00093 RF 07",,,,,,3,Color,White,,0,,,,,,,,,,,
83,variable,RF-05C,"Oldach Casement Window Operator Plastic Cover Only # RF05",1,0,visible,"Oldach Window Part - Casement Operator Crank Handle Plastic Cover - This EntryGard Casement Window Operator Cover Only ","Oldach Window Part - Casement Operator Crank Handle Plastic Cover - This EntryGard Casement Window Operator Cover Only .. and is constructed of high-impact plastic. It features a snap-on cover that offers traditional styling and easy replacement. Oldach Casement Operator Cover - available in three standard colors.",,,taxable,,1,,,0,0,,,,,1,,,,"Hardware Upgrades, Window Hardware, Wood Restoration Parts",,,https://www.oldachparts.com/wp-content/uploads/2023/03/Cover_1.jpeg,,,,,,,,,0,Color,"White, Gold, Bronze",1,0,,,,,,,,,,,
84,variation,,"Oldach Casement Window Operator Plastic Cover Only # RF05 - White",1,0,visible,,,,,taxable,parent,1,,,0,0,,,,,0,,,13.99,,,,,,,RF-05C,,,,,,1,Color,White,,0,,,,,,,,,,,
85,variation,,"Oldach Casement Window Operator Plastic Cover Only # RF05 - Gold",1,0,visible,,,,,taxable,parent,1,,,0,0,,,,,0,,,13.99,,,,,,,RF-05C,,,,,,2,Color,Gold,,0,,,,,,,,,,,
86,variation,,"Oldach Casement Window Operator Plastic Cover Only # RF05 - Bronze",1,0,visible,,,,,taxable,parent,1,,,0,0,,,,,0,,,13.99,,,,,,,RF-05C,,,,,,3,Color,Bronze,,0,,,,,,,,,,,
88,simple,ODW-JL-72-Bal,"Window Sash Carrier Track Plastic Sash Jamb Liner Balance Track Complete",1,0,visible,"We have the Oldach Single Hung Window Sash Carrier Track / Jamb Liner Track WITH BALANCES - this is the ""Plastic Sash Jamb Liner"" that holds the sash and the spring balance system.","We have the Oldach Single Hung Window Sash Carrier Track / Jamb Liner Track WITH BALANCES - this is the ""Plastic Sash Jamb Liner"" that holds the sash and the spring balance system. <em><strong>Complete Units Only and Sold In ""pairs"" only.</strong></em>\n\nEach set will include the new channel balance for your single hung Oldach or Outlook window - Jamb Liner Track / Jamb Carrier Track Must be cut for your length specifications and YOU MUST SPECIFY LENGTH AN SASH SIZES, BALANCE STAMPING CODE .. these have limited availability, custom made and special order only .. item is non-returnable.\n\nIf You Need Help PLEASE EMAIL .. Or Send Pictures - <a href=""mailto:Info@WeFixItUSA.com"">Info@WeFixItUSA.com</a>\n\n<strong>The pricing reflects the price of units less that 72"" in length. PRICED PER PAIR. Track System Only (Balance Spring System Parts Are INCLUDED )</strong>\n<em>Alamosa, Arvada, Aspen, Aurora, Boulder, Breckenridge, Brighton, Broomfield, Cañon City, Castle Rock, Centennial, Colorado Springs, Cortez, Craig, Denver, Durango, Englewood, Fort Collins, Fountain, Glenwood Springs, Grand Junction, Greeley, Greenwood Village, Gunnison, La Junta, Lafayette, Lakewood, Lamar, Leadville, Littleton, Longmont, Louisville, Loveland, Montrose, Northglenn, Parker, Platteville, Pueblo, Salida, Steamboat Springs, Sterling, Superior, Thornton, Trinidad, Vail, Westminster, WheatRidge - wherever you are!</em>",,,taxable,,1,,,0,0,,,,,1,,,118.88,"Fabrication Replacement Parts, Repair Restoration Parts, Replacement Hardware Parts, Window Hardware",,,"https://www.oldachparts.com/wp-content/uploads/2023/03/balance_3_1.jpeg, https://www.oldachparts.com/wp-content/uploads/2023/03/DSC00114_0.jpeg",,,,,,,,,0,,,,,,,,,,,,,,,
92,simple,"OLD BAL 124","Oldach Window Plastic Jamb Carrier Track Repair Replacement Balances",1,0,visible,"Oldach Single Hung Window Balance Systems and Parts. All new balances available for your Oldach single hung windows, balance channel plastic track part...","Oldach Single Hung Window Balance Systems and Parts. All new balances available for your Oldach single hung windows, balance channel plastic track part - spiral spring balances - Oldach window jambliner tracks for those older wood windows or the newer vinyl and aluminum windows. Balance System Repair Parts, Clips, Shoes and other parts - <strong>SPECIFY BALANCE ""length"" and Stamping Number in comment section at checkout.</strong>\n\nMINIMUM ORDER IS Four (4) EACH - Two (2) PAIRS\n\nNEED HELP? <a href=""mailto:Info@OldachParts.com"">Info@OldachParts.com</a>\n\n<em>Metal Channel Number Stamped on Balance Part Number Length of Metal Channel 13"" 1210 3-6 lbs 60-121 17"" 1660 22-25 lbs 60-1660 21"" 2020 8-12 lbs 60-202 24"" 2370 34-37 lbs 60-2370 13"" 1220 6-9 lbs 60-122 17"" 1665 25-29 lbs 60-1665 21"" 2030 12-15 lbs 60-203 24"" 2375 37-40 lbs 60-2375 13"" 1230 9-11 lbs 60-123 18"" 1710 5-8 lbs 60-171 21"" 2040 15-23 lbs 60-204 25"" 2410 5-9 lbs 60-241 13"" 1240 11-12 lbs 60-124 18"" 1720 8-12 lbs 60-172 21"" 2050 23-27 lbs 60-2050 25"" 2420 9-15 lbs 60-242 13"" 1250 12-15 lbs 60-1250 18"" 1730 12-14 lbs 60-173 21"" 2060 27-30 lbs 60-2060 25"" 2430 15-19 lbs 60-243 13"" 1260 15-18 lbs 60-1260 18"" 1740 14-17 lbs 60-174 21"" 2065 30-34 lbs 60-2065 25"" 2440 19-24 lbs 60-244 14"" 1310 3-6 lbs 60-131 18"" 1750 17-20 lbs 60-1750 21"" 2070 34-37 lbs 60-2070 25"" 2450 24-27 lbs 60-2450 14"" 1320 6-9 lbs 60-132 18"" 1760 20-23 lbs 60-1760 21"" 2075 37-40 lbs 60-2075 25"" 2460 27-30 lbs 60-2460 14"" 1330 9-11 lbs 60-133 18"" 1765 23-25 lbs 60-1765 22"" 2110 5-8 lbs 60-211 25"" 2465 30-33 lbs 60-2465 14"" 1340 11-12 lbs 60-134 18"" 1770 25-29 lbs 60-1770 22"" 2120 8-12 lbs 60-212 25"" 2470 33-36 lbs 60-2470 14"" 1350 12-15 lbs 60-1350 18"" 1775 29-32 lbs 60-1775 22"" 2130 12-15 lbs 60-213 25"" 2475 36-39 lbs 60-2475 14"" 1360 15-18 lbs 60-1360 19"" 1810 5-8 lbs 60-181 22"" 2140 15-23 lbs 60-214 25"" 2480 39-42 lbs 60-2480 14"" 1365 18-20 lbs 60-1365 19"" 1820 8-12 lbs 60-182 22"" 2150 23-27 lbs 60-2150 25"" 2485 42-45 lbs 60-2485 15"" 1410 4-6 lbs 60-141 19"" 1830 12-14 lbs 60-183 22"" 2160 27-30 lbs 60-2160 26"" 2510 5-9 lbs 60-251 15"" 1420 6-10 lbs 60-142 19"" 1840 14-17 lbs 60-184 22"" 2165 30-34 lbs 60-2165 26"" 2520 9-15 lbs 60-252 15"" 1430 10-12 lbs 60-143 19"" 1850 17-20 lbs 60-1850 22"" 2170 34-37 lbs 60-2170 26"" 2530 15-19 lbs 60-253 15"" 1440 12-13 lbs 60-144 19"" 1860 20-23 lbs 60-1860 22"" 2175 37-40 lbs 60-2175 26"" 2540 19-25 lbs 60-254 15"" 1450 13-17 lbs 60-1450 19"" 1865 23-25 lbs 60-1865 23"" 2210 5-8 lbs 60-221 26"" 2550 25-28 lbs 60-2550 15"" 1460 17-20 lbs 60-1460 19"" 1870 25-29 lbs 60-1870 23"" 2220 8-12 lbs 60-222 26"" 2560 28-30 lbs 60-2560 15"" 1465 20-23 lbs 60-1465 19"" 1875 29-32 lbs 60-1875 23"" 2230 12-19 lbs 60-223 26"" 2565 30-33 lbs 60-2565 16"" 1510 4-6 lbs 60-151 19"" 1880 32-35 lbs 60-1880 23"" 2240 19-23 lbs 60-224 26"" 2570 33-36 lbs 60-2570 16"" 1520 6-10 lbs 60-152 20"" 1910 5-8 lbs 60-191 23"" 2250 23-27 lbs 60-2250 26"" 2575 36-39 lbs 60-2575 16"" 1530 10-12 lbs 60-153 20"" 1920 8-12 lbs 60-192 23"" 2260 27-30 lbs 60-2260 26"" 2580 39-42 lbs 60-2580 16"" 1540 12-13 lbs 60-154 20"" 1930 12-14 lbs 60-193 23"" 2265 30-34 lbs 60-2265 26"" 2585 42-45 lbs 60-2585 16"" 1550 13-17 lbs 60-1550 20"" 1940 14-17 lbs 60-194 23"" 2270 34-37 lbs 60-2270 27"" 2610 5-9 lbs 60-261 16"" 1560 17-20 lbs 60-1560 20"" 1950 17-21 lbs 60-1950 23"" 2275 37-40 lbs 60-2275 27"" 2620 9-13 lbs 60-262 16"" 1565 20-23 lbs 60-1565 20"" 1960 21-24 lbs 60-1960 24"" 2310 5-8 lbs 60-231 27"" 2630 13-19 lbs 60-263 16"" 1570 23-26 lbs 60-1570 20"" 1965 24-27 lbs 60-1965 24"" 2320 9-15 lbs 60-232 27"" 2640 19-26 lbs 60-264 17"" 1610 5-8 lbs 60-161 20"" 1970 27-30 lbs 60-1970 24"" 2330 15-18 lbs 60-233 27"" 2650 26-30 lbs 60-2650 17"" 1620 8-12 lbs 60-162 20"" 1975 30-34 lbs 60-1975 24"" 2340 18-23 lbs 60-234 27"" 2660 30-33 lbs 60-2660 17"" 1630 12-14 lbs 60-163 20"" 1980 34-37 lbs 60-1980 24"" 2350 23-27 lbs 60-2350 27"" 2665 33-36 lbs 60-2665 17"" 1640 14-19 lbs 60-164 20"" 1985 37-40 lbs 60-1985 24"" 2360 27-30 lbs 60-2360 27"" 2670 36-39 lbs 60-2670 17"" 1650 19-22 lbs 60-1650 21"" 2010 5-8 lbs 60-201 24"" 2365 30-34 lbs 60-2365 27"" 2675 39-42 lbs 60-2675 </em>",,,taxable,,1,,,0,0,,,,,1,,,88.88,"Glazing Bead",,,"https://www.oldachparts.com/wp-content/uploads/2023/03/balance_3_1.jpeg, https://www.oldachparts.com/wp-content/uploads/2023/03/DSC00114_0.jpeg",,,,,,,,,0,,,,,,,,,,,,,,,
93,simple,"OLDACH 19015 -19179 PT3","Oldach Window Slide Latch Assembly Parts For Tilt Out Window Sash - 19015 19179",1,0,visible,"Oldach Window Slide Latch Assembly Parts For Tilt Out Window Sash.","Oldach Window Slide Latch Assembly Parts For Tilt Out Window Sash.\n\nItem Number:  OLDACH - LEE-19015 / 900-19179 PolyTex Type 3, THUMB BUTTON ASSEMBLY / WHITE  with FT-28S Slide Bolt Spring Units - Priced Per Pair and MINIMUM ORDER OF 12 PAIRS IS NORMALLY REQUIRED.  ",,,taxable,,1,,,0,0,,,,,1,,,68.88,"Repair Restoration Parts, Replacement Hardware Parts, Sash Locks & Keepers, Window Sash Latches Locks",,,https://www.oldachparts.com/wp-content/uploads/2023/03/OLD_TL_1-rotated.jpeg,,,,,,,,,0,,,,,,,,,,,,,,,
98,variable,"Replacement Sash Lock","Oldach Casement Window Sash Lock and Keeper Set - All Finishes",1,0,visible,,"Oldach Casement and Awning Window Replacement Parts - Repair and Restoration Parts for Your Oldach Wood and Clad Windows.\n\nOldach Window Sash Locks / Keepers for Casement and Awning Window Units - are available in three of the OEM Standard Colors - white, bronze or gold. ( SEE DROPDOWN MENUS ) .. also new upgrade finishes available for your Oldach Casement Windows - in Beige, Chestnut Bronze, Clay, and Coppertone. These are ""Non-Handed"" units ..",,,taxable,,1,,,0,0,,,,,1,,,,"Sash Locks & Keepers",,,"https://www.oldachparts.com/wp-content/uploads/2023/03/biltbest_latch.jpeg, https://www.oldachparts.com/wp-content/uploads/2023/03/SL_KPR_1BB-copy.jpg",,,,,,,,,0,Color,"Beige, Chestnut Bronze, Clay, Coppertone, Dark Bronze, Gold, White",1,0,,,,,,"[{""name"":""With Keeper"",""title_format"":""label"",""description_enable"":0,""description"":"""",""type"":""checkbox"",""display"":""select"",""position"":0,""required"":0,""restrictions"":0,""restrictions_type"":""any_text"",""adjust_price"":0,""price_type"":""flat_fee"",""price"":"""",""min"":0,""max"":0,""id"":1680301426,""options"":[{""label"":""Yes"",""price"":""4"",""image"":"""",""price_type"":""flat_fee""}]}]",0,,90,1,
99,variation,,"Oldach Casement Window Sash Lock and Keeper Set - All Finishes - Beige",1,0,visible,,,,,taxable,parent,1,,,0,0,,,,,0,,,32.88,,,,,,,"Replacement Sash Lock",,,,,,1,Color,Beige,,0,,,,,,,,,,,
100,variation,,"Oldach Casement Window Sash Lock and Keeper Set - All Finishes - Chestnut Bronze",1,0,visible,,,,,taxable,parent,1,,,0,0,,,,,0,,,32.88,,,,,,,"Replacement Sash Lock",,,,,,2,Color,"Chestnut Bronze",,0,,,,,,,,,,,
101,variation,,"Oldach Casement Window Sash Lock and Keeper Set - All Finishes - Clay",1,0,visible,,,,,taxable,parent,1,,,0,0,,,,,0,,,32.88,,,,,,,"Replacement Sash Lock",,,,,,3,Color,Clay,,0,,,,,,,,,,,
102,variation,,"Oldach Casement Window Sash Lock and Keeper Set - All Finishes - Coppertone",1,0,visible,,,,,taxable,parent,1,,,0,0,,,,,0,,,32.88,,,,,,,"Replacement Sash Lock",,,,,,4,Color,Coppertone,,0,,,,,,,,,,,
103,variation,,"Oldach Casement Window Sash Lock and Keeper Set - All Finishes - Dark Bronze",1,0,visible,,,,,taxable,parent,1,,,0,0,,,,,0,,,32.88,,,,,,,"Replacement Sash Lock",,,,,,5,Color,"Dark Bronze",,0,,,,,,,,,,,
104,variation,,"Oldach Casement Window Sash Lock and Keeper Set - All Finishes - Gold",1,0,visible,,,,,taxable,parent,1,,,0,0,,,,,0,,,32.88,,,,,,,"Replacement Sash Lock",,,,,,6,Color,Gold,,0,,,,,,,,,,,
105,variation,,"Oldach Casement Window Sash Lock and Keeper Set - All Finishes - White",1,0,visible,,,,,taxable,parent,1,,,0,0,,,,,0,,,32.88,,,,,,,"Replacement Sash Lock",,,,,,7,Color,White,,0,,,,,,,,,,,
107,simple,OW-SBPTS-PR,"Oldach Jamb Liner Sash Carrier Track Plastic Sash Window Balance Track Parts",1,0,visible,"We have them available - sold in ""pairs"" only and include the new channel balances for your single hung Oldach and Outlook windows.","We have them available - sold in ""pairs"" only and include the new channel balances for your single hung Oldach and Outlook windows. Special Order and Special Fabrication so item is non-returnable. If You Need Help PLEASE EMAIL .. Or Send Pictures - <a href=""mailto:Info@WeFixItUSA.com"">Info@WeFixItUSA.com </a>\n\nThe pricing reflects the price of units less that 72"" in length. PRICED PER PAIR. Track System with Balance Spring System. INCLUDED\nAlamosa, Arvada, Aspen, Aurora, Boulder, Breckenridge, Brighton, Broomfield, Cañon City, Castle Rock, Centennial, Colorado Springs, Cortez, Craig, Denver, Durango, Englewood, Fort Collins, Fountain, Glenwood Springs, Grand Junction, Greeley, Greenwood Village, Gunnison, La Junta, Lafayette, Lakewood, Lamar, Leadville, Littleton, Longmont, Louisville, Loveland, Montrose, Northglenn, Parker, Platteville, Pueblo, Salida, Steamboat Springs, Sterling, Superior, Thornton, Trinidad, Vail, Westminster, WheatRidge - wherever you are!",,,taxable,,1,,,0,0,,,,,1,,,118.88,"Fabrication Replacement Parts, Hardware Upgrades, Repair Restoration Parts, Wood Restoration Parts",,,"https://www.oldachparts.com/wp-content/uploads/2023/03/DSC00114_0.jpeg, https://www.oldachparts.com/wp-content/uploads/2023/03/balance_11.jpeg",,,,,,,,,0,,,,,,,,,,,0,20,90,1,
109,simple,"oldp-00023 sill stop","Oldach Casement Window Universal Replacement Wood Parts | Sill Bottom Stop Wood Cover",1,0,visible,"We offer some universal style mill fabricated casement sill stop replacement cover parts: Made from clear select northern white pine or fir with no no finger jointing or glued parts.","We offer some universal style mill fabricated casement sill stop replacement cover parts: Made from clear select northern white pine or fir with no no finger jointing or glued parts. These are parts made for the maximum long term performance and durability of these Oldach, Outlook and Seal-Rite window replacement parts. All these units are special order parts, shipped in unpainted / unfinished; We also offer many residential full service inspections and on-site repairs in and around Colorado Springs, Monument, Castle Rock and other areas along the Colorado Front Range.",,,taxable,,1,,,0,0,,,,,1,,,68.88,"Fabrication Replacement Parts, Repair Restoration Parts, Wood Restoration Parts",,,"https://www.oldachparts.com/wp-content/uploads/2023/03/Sill_Stop_AL_BL_CL.jpeg, https://www.oldachparts.com/wp-content/uploads/2023/03/Sill_Stop_Generic-copy.jpg",,,,,,,,,0,,,,,,,,,,,0,20,60,1,,,,,
112,variable,oldp-0022,"Oldach Window Wood Sash Frame Parts and Component Replacement",1,0,visible,"We can perform all types of Oldach window repair and restoration - Refurbish, Rebuild, Repair, Fix Rotten Parts, Sills, Sash Frames, ...","We can perform all types of Oldach window repair and restoration - Refurbish, Rebuild, Repair, Fix Rotten Parts, Sills, Sash Frames, Upgrade Your Old Windows with LowE Glass, and so much more. We have original OEM match milled parts. Basic Inspection and Service Charge for the Colorado Springs Metero Area Allowed.",,,taxable,,1,,,0,0,,,,,1,,,,"Fabrication Replacement Parts, Repair Restoration Parts, Wood Restoration Parts",,,https://www.oldachparts.com/wp-content/uploads/2023/03/OLDACH_Door_AIRLOCK_6-copy.jpg,,,,,,,,,0,"Lineal Feet","6', 12', 18'",1,0,,,,,,,0,20,90,0,,,,,
114,variation,,"Oldach Window Wood Sash Frame Parts and Component Replacement - 6'",1,0,visible,,,,,taxable,parent,1,,,0,0,,,,,0,,,59.95,,,,,,,oldp-0022,,,,,,1,"Lineal Feet",6',,0,,,,,,,,,,,,,,,
115,variation,,"Oldach Window Wood Sash Frame Parts and Component Replacement - 12'",1,0,visible,,,,,taxable,parent,1,,,0,0,,,,,0,,,119.88,,,,,,,oldp-0022,,,,,,2,"Lineal Feet",12',,0,,,,,,,,,,,,,,,
116,variation,,"Oldach Window Wood Sash Frame Parts and Component Replacement - 18'",1,0,visible,,,,,taxable,parent,1,,,0,0,,,,,0,,,179.82,,,,,,,oldp-0022,,,,,,3,"Lineal Feet",18',,0,,,,,,,,,,,,,,,
117,simple,oldp-00094,"Rockwell / Barber & Ross casement sill covers",1,0,visible,"Refurbish, Rebuild, Repair, Fix or Upgrade Your Old Wood Windows, Wood/Clad Windows and Patio Doors. Use original milled style parts ( to OEM Specs ) all made by WeFixItUSA of Colorado.","Refurbish, Rebuild, Repair, Fix or Upgrade Your Old Wood Windows, Wood/Clad Windows and Patio Doors. Use original milled style parts ( to OEM Specs ) all made by WeFixItUSA of Colorado.\n\nCasement Sash Window Frame Parts are ""custom milled"" to your specs and sold by the lineal foot. Normal milling is from ""A"" grade pine, fir or other top grade stock, depending on sizes and availability. Made In USA in Colorado Springs, Colorado and shipped nationwide.  Sash frame blanks are basic components without finished ends.",,,taxable,,1,,,0,0,,,,,1,,,37.88,"Fabrication Replacement Parts, Repair Restoration Parts, Wood Restoration Parts",,,https://www.oldachparts.com/wp-content/uploads/2023/04/Casement-Sill-Stop_0.jpeg,,,,,,,,,0,,,,,,,,,,,0,20,90,0,,,,,
120,simple,OWGB-ST-120,"Oldach Wood Window Glazing Bead, Wood Standard Profile 120'",1,0,visible,"Obsolete OLDACH WINDOW PART - Vinyl Composite Style Window Glazing Bead Replacement  - This original type is no longer available.","Obsolete OLDACH WINDOW PART - Vinyl Composite Style Window Glazing Bead Replacement  - This original type is no longer available. Our  TYPE 1 ( Center Rounded Edge Style - UNFINISHED ) - this is the most common ""profile"" and you will normally find that it was stapled in and is warping or buckling. This is the glazing bead used on many Oldach and Outlook windows and some doors as well. Rounded Edge Style. Shipped in Six (6') Long Pieces - MINIMUM ORDER IS 120 Lineal Feet  [ 20 pieces ] Other Common Names: Oldach Beading, Exterior Glass Wood Strip, Wood Strips, Wood Window Glaze, Wood Pressure Seal Strip, Wood Window Exterior Gasket Strips.",,,taxable,,1,,,0,0,,,,,1,,,288.88,"Fabrication Replacement Parts, Repair Restoration Parts, Wood Joinery Parts, Wood Restoration Parts",,,"https://www.oldachparts.com/wp-content/uploads/2023/04/Oldach_Wood_Bead_2_0.jpeg, https://www.oldachparts.com/wp-content/uploads/2023/04/2018_New_AWDP_BEAD_3-2_1-copy.jpg",,,,,,,,,0,,,,,,,,,,,0,22,60,0,,,,,
123,variable,OWGB_SPO,"OLDACH OUTLOOK SEALRITE | Plastic Snap In Glazing Bead - Obsolete Hard To Find RARE | White or Bronze",1,0,visible,"One of the most difficult to find for homeowners. This Oldach window glazing bead has been obsolete for a long time. Now available in homeowner ""small parts"" package size orders in white and bronze - Top Picture shows original OEM part - ours is single function color plastic snap in bead. ( see second photo). - available in Bronze or White Only.","One of the most difficult to find for homeowners. This Oldach window glazing bead has been obsolete for a long time. Now available in homeowner ""small parts"" package size orders in white and bronze - Top Picture shows original OEM part - ours is single function color plastic snap in bead. ( see second photo). - available in Bronze or White Only.",,,taxable,,1,,,0,0,,,,,1,,,,"Glazing Bead, Repair Restoration Parts, Wood Restoration Parts",,,"https://www.oldachparts.com/wp-content/uploads/2023/04/Oldach_GB-1.jpeg, https://www.oldachparts.com/wp-content/uploads/2023/04/VGBFPBB_0.jpg",,,,,,,,,0,Color,"Bronze, White",1,0,,Length,"120', 240'",1,0,,0,16,90,0,,,,,
126,variation,,"OLDACH OUTLOOK SEALRITE | Plastic Snap In Glazing Bead - Obsolete Hard To Find RARE | White or Bronze - Bronze, 120'",1,0,visible,,,,,taxable,parent,1,,,0,0,,,,,0,,,258.80,,,,,,,OWGB_SPO,,,,,,3,Color,Bronze,,0,,Length,120',,0,,,,,,,,,,
127,variation,,"OLDACH OUTLOOK SEALRITE | Plastic Snap In Glazing Bead - Obsolete Hard To Find RARE | White or Bronze - Bronze, 240'",1,0,visible,,,,,taxable,parent,1,,,0,0,,,,,0,,,458.88,,,,,,,OWGB_SPO,,,,,,4,Color,Bronze,,0,,Length,240',,0,,,,,,,,,,
128,variation,,"OLDACH OUTLOOK SEALRITE | Plastic Snap In Glazing Bead - Obsolete Hard To Find RARE | White or Bronze - White, 120'",1,0,visible,,,,,taxable,parent,1,,,0,0,,,,,0,,,258.80,,,,,,,OWGB_SPO,,,,,,1,Color,White,,0,,Length,120',,0,,,,,,,,,,
129,variation,,"OLDACH OUTLOOK SEALRITE | Plastic Snap In Glazing Bead - Obsolete Hard To Find RARE | White or Bronze - White, 240'",1,0,visible,,,,,taxable,parent,1,,,0,0,,,,,0,,,458.88,,,,,,,OWGB_SPO,,,,,,2,Color,White,,0,,Length,240',,0,,,,,,,,,,
131,simple,OWGB-ST-144,"Oldach Wood Window Glazing Bead, Wood Standard Profile 144'",1,0,visible,"Obsolete OLDACH WINDOW PART - 144 Lineal Feet, Unfinished, Wood Glazing Bead - TYPE 1 ( Center Rounded Edge Style ) - this is the most common ""profile"" and you will normally find that it was stapled in and is warping or buckling. ","Obsolete OLDACH WINDOW PART - 144 Lineal Feet, Unfinished, Wood Glazing Bead - TYPE 1 ( Center Rounded Edge Style ) - this is the most common ""profile"" and you will normally find that it was stapled in and is warping or buckling. Rounded Edge Style. Shipped in Six (6') Long Pieces - Other Common Names: Oldach Beading, Exterior Glass Wood Strip, Wood Strips, Wood Window Glaze, Wood Pressure Seal Strip, Wood Window Exterior Gasket Strips.",,,taxable,,1,,,0,0,,,,,1,,,298.88,"Fabrication Replacement Parts, Repair Restoration Parts, Wood Joinery Parts, Wood Restoration Parts",,,"https://www.oldachparts.com/wp-content/uploads/2023/04/Oldach_Wood_Stepdown.jpeg, https://www.oldachparts.com/wp-content/uploads/2023/04/Oldach_Wood_Bead_11_1.jpeg",,,,,,,,,0,,,,,,,,,,,0,20,60,0,,,,,
135,simple,OWGB-STDN-144,"Oldach Stepdown Profile Wood Window Glazing Bead 144'",1,0,visible,"OLDACH WINDOW PART - 144 Lineal Feet, Unfinished, STEP DOWN STYLE Oldach Wood Glazing Bead - TYPE 2 - this is the most second common ""profile"" and we normally recommend that you replace all beading.","OLDACH WINDOW PART - 144 Lineal Feet, Unfinished, STEP DOWN STYLE Oldach Wood Glazing Bead - TYPE 2 - this is the most second common ""profile"" and we normally recommend that you replace all beading. You will see that most was stapled in and is warping, buckling or falling out. This is the glazing bead used on Oldach and Outlook windows and some doors. Shipped in Six (6') Long Pieces. Other Common Names: Oldach Beading, Exterior Glass Wood Strip, Wood Strips, Wood Window Glaze, Wood Pressure Seal Strip, Wood Window Exterior Gasket Strips.",,,taxable,,1,,,0,0,,,,,1,,,318.88,"Fabrication Replacement Parts, Repair Restoration Parts, Wood Joinery Parts, Wood Restoration Parts",,,https://www.oldachparts.com/wp-content/uploads/2023/04/Oldach_Wood_STDN.jpeg,,,,,,,,,0,,,,,,,,,,,0,22,60,1,,,,,
137,simple,"Oldach Repairs","Oldach Wood Window Parts Repairs Replacements | Area Service Calls",1,0,visible,"Oldach Wood Window Parts Repairs and Replacements - window sashes, frame components, glass, Head and Jamb parts, Sill removal and repairs - we can take care of all your Oldach window needs!","Oldach Wood Window Parts Repairs and Replacements - window sashes, frame components, glass, Head and Jamb parts, Sill removal and repairs - we can take care of all your Oldach window needs! We have the replacement weather-stripping, glazing bead, hardware parts and much more - Call or email today - Service Calls starting at $ 47.50 in Colorado Springs.\n<ol>\n 	<li>Frame - The combination of the head, jambs and sill that forms the window opening.</li>\n 	<li>Glass - The sheet of glass within a window sash frame.</li>\n 	<li>Grilles - Any bar that divides window glass into smaller panes. ( muntin, grid or windowpane divider )</li>\n 	<li>Head - The main horizontal part forming the top of a window frame.</li>\n 	<li>Jamb - The main ""vertical parts"" forming the sides of a window frame.</li>\n 	<li>Sash - A single assembly of stiles and rails made into a frame for holding a glass pane.</li>\n 	<li>Sill - The main horizontal part forming the bottom of the frame of a window.</li>\n</ol>\nNeed Help With Oldach Windows or Patio Doors? <a href=""mailto:Info@WeFixItUSA.com"">Info@WeFixItUSA.com</a>",,,taxable,,1,,,0,0,,,,,1,,,77.50,"Fabrication Replacement Parts, Repair Restoration Parts, Wood Restoration Parts",,,https://www.oldachparts.com/wp-content/uploads/2023/04/Oldach_2014_New_LOGO_1A_0.jpeg,,,,,,,,,0,,,,,,,,,,,0,20,90,1,,,,,
149,simple,511-S-M-AOI,"Side & Head Seal For Oldach Sliding Patio Doors - Model 511 Style CHES HES 88"" L Beige",1,0,visible,"CHES/HES Side &amp; Head Door Seal Beige / Tan Color. 88"" Lengths - MINIMUM ORDER IS TWO (2) PIECES. One (1) @ Jamb, and One (1) @ Head Sill (top).","CHES/HES Side &amp; Head Door Seal Beige / Tan Color. 88"" Lengths - MINIMUM ORDER IS TWO (2) PIECES. One (1) @ Jamb, and One (1) @ Head Sill (top).\n\nEACH ORDER UNIT CONSISTS OF TWO (2) PIECES",,,taxable,,1,,,0,0,,,,,1,,,138.88,"Patio Door Weather-Strip Seals, Weather-Strip Seals",,,https://www.oldachparts.com/wp-content/uploads/2023/04/MV_735_WS.jpg,,,,,,,,,0,,,,,,,,,,,0,21,90,1,,,,,
162,simple,OLD-PD-96,"Oldach Patio Door Weatherstrip Side Jamb & Head Jamb Seals - 92"" to 94""",1,0,visible,"Oldach Sliding Wood Patio Door Seal Parts - Side &amp; Head Door Seal in the 92"" to 94"" Lengths. Tan Color Only.","Oldach Sliding Wood Patio Door Seal Parts - Side &amp; Head Door Seal in the 92"" to 94"" Lengths. Tan Color Only. NEW STYLE - Customer cut to length as needed; Comes in Tan ONLY - all other colors no longer available. For Oldach Sliding Patio Doors.\n\nSOLD IN PACKS OF TWO (2) PIECES 94"" Lengths\n\nIf you have questions email us: <a href=""mailto:info@OldachParts.com"">info@OldachParts.com</a>",,,taxable,,1,,,0,0,,,,,1,,,168.88,"Patio Door Weather-Strip Seals, Weather-Strip Seals",,,https://www.oldachparts.com/wp-content/uploads/2023/04/V_AOI_0.jpg,,,,,,,,,0,,,,,,,,,,,0,21,90,1,,,,,
163,simple,"V-RFI-BEIGE 158184","Model V-RFI-WHITE Vinyl Side Stop Weatherstrip Seal | Sliding Patio Door Seals",1,0,visible,"ORIGINAL Model # 513 VTIL, Vinyl Side Stop Weatherstrip Seal was discontinued and - REPLACED BY THE V-RFI-BEIGE (as shown) available in 84"" Lengths Only and SOLD AS A TWO (2) PACK.","ORIGINAL Model # 513 VTIL, Vinyl Side Stop Weatherstrip Seal was discontinued and - REPLACED BY THE V-RFI-BEIGE (as shown) available in 84"" Lengths Only and SOLD AS A TWO (2) PACK.",,,taxable,,1,,,0,0,,,,,1,,,64.88,"Patio Door Weather-Strip Seals, Weather-Strip Seals",,,https://www.oldachparts.com/wp-content/uploads/2023/04/V_RFI_0.jpg,,,,,,,,,0,,,,,,,,,,,0,21,60,1,,,,,
165,simple,"Kerf Set Leaf","Oldach Awning and Casement Window Weather Strip, Tan Leaf Type",1,0,visible,"Awning and Casement Weather Strip, Tan Leaf Type for kerf insert. Oldach Casement and Awning Sash Frame Weatherstrip.","Awning and Casement Weather Strip, Tan Leaf Type for kerf insert. Oldach Casement and Awning Sash Frame Weatherstrip. Tan OEM Leaf Style. Narrow Leaf Style Weather Strip - Ships in 10' Lengths. SEE PICTURE BELOW.\n\nNARROW LEAF SEALS - MINIMUM ORDER - Twelve (12) Lengths (120') Per Order",,,taxable,,1,,,0,0,,,,,1,,,168.88,"Weather-Strip Seals",,,https://www.oldachparts.com/wp-content/uploads/2023/04/Wide_and_Narrow-SashLeaf.jpeg,,,,,,,,,0,,,,,,,,,,,0,21,90,1,,,,,
166,variable,OLDK-TN-120,"Oldach Window Weather Strip Seals - Kerf U Channel Type, Tan",1,0,visible,"OEM STYLE - TAN - Ships in 72"" Lengths - Oldach Window OEM Style Weatherstripping Seals for Oldach Horizontal Silders and Single Hung Units.","OEM STYLE - TAN - Ships in 72"" Lengths - Oldach Window OEM Style Weatherstripping Seals for Oldach Horizontal Silders and Single Hung Units. Available in a Tan / Beige Color. This fits your Oldach Window Kerf-Channel ( the narrow slot ) - most commonly used in the ""kerf track"" around the horizontal sliders ( top, bottom, sides ), single hung windows ( verticals), and Oldach Casement and Awning style windows with wood frame construction.\n \nPriced Per Lineal Foot / ""Minimum Order"" amounts as shown in dropdown ",,,taxable,,1,,,0,0,,,,,1,,,,"Weather-Strip Seals",,,https://www.oldachparts.com/wp-content/uploads/2023/04/Oldach_5.jpg,,,,,,,,,0,Color,"Tan / Beige",1,0,,Amount,"20pc (120 lineal ft)",1,0,,0,21,90,0,,,,,
167,variation,,"Oldach Window Weather Strip Seals - Kerf U Channel Type, Tan - Tan / Beige, 20pc (120 lineal ft)",1,0,visible,,,,,taxable,parent,1,,,0,0,,,,,0,,,262.88,,,,,,,OLDK-TN-120,,,,,,1,Color,"Tan / Beige",,0,,Amount,"20pc (120 lineal ft)",,0,,,,,,,,,,
168,variable,"TO-RPIBZ TO-RPIW","Oldach Window OEM Sash Frame Foam Filled Offset Seal Weatherstrip",1,0,visible,,"Used on various Oldach, Outlook, Caradco and other models, Single/Double Hung Windows, Tilt-In Window Units, Some Casement Models, Jalousie, Awning and Horizontal Sliding Windows. Available in 50' rolls - Brown / Bronze Color - if you want WHITE you must specify in comment section at checkout - IF NOT SPECIFIED - we will ship Bronze.\n\nNeed more help? <a href=""mailto:info@OldachParts.com"">info@OldachParts.com</a>",,,taxable,,1,,,0,0,,,,,1,,,,"Weather-Strip Seals",,,https://www.oldachparts.com/wp-content/uploads/2023/04/wf1331-weatherstrip.jpeg,,,,,,,,,0,Amount,100',1,0,,,,,,,0,21,90,1,,,,,
169,variation,,"Oldach Window OEM Sash Frame Foam Filled Offset Seal Weatherstrip - 100'",1,0,visible,,,,,taxable,parent,1,,,0,0,,,,,0,,,198.88,,,,,,,"TO-RPIBZ TO-RPIW",,,,,,0,Amount,100',,0,,,,,,,,,,,,,,,
171,variable,oldp-00015,"Oldach™ Kerf Track Weather Seals, Foam Type QSeal Weather Strip",1,0,visible,"OEM STYLE weather seals and weatherstripping for windows and doors, foam body with fin, extruded foam style seals used on some ealier model Oldach™ windows and doors.","OEM STYLE weather seals and weatherstripping for windows and doors, foam body with fin, extruded foam style seals used on some ealier model Oldach™ windows and doors.\n\nPrice: $ 2.98 per lineal foot and available in 25', 50' and 100' rolls",,,taxable,,1,,,0,0,,,,,1,,,,"Weather-Strip Seals",,,https://www.oldachparts.com/wp-content/uploads/2023/04/wfi21a-weatherseal.jpeg,,,,,,,,,0,Amount,"25', 50', 100'",1,0,,,,,,,0,21,90,1,,,,,
172,variation,,"Oldach™ Kerf Track Weather Seals, Foam Type QSeal Weather Strip - 25'",1,0,visible,,,,,taxable,parent,1,,,0,0,,,,,0,,,74.50,,,,,,,oldp-00015,,,,,,1,Amount,25',,0,,,,,,,,,,,,,,,
173,variation,,"Oldach™ Kerf Track Weather Seals, Foam Type QSeal Weather Strip - 50'",1,0,visible,,,,,taxable,parent,1,,,0,0,,,,,0,,,149.00,,,,,,,oldp-00015,,,,,,2,Amount,50',,0,,,,,,,,,,,,,,,
174,variation,,"Oldach™ Kerf Track Weather Seals, Foam Type QSeal Weather Strip - 100'",1,0,visible,,,,,taxable,parent,1,,,0,0,,,,,0,,,298.00,,,,,,,oldp-00015,,,,,,3,Amount,100',,0,,,,,,,,,,,,,,,
175,simple,MW-VPLI-BG,"Universal Casement Window Sash Upgrade Replacement - Flex-Leg Seal",1,0,visible,,"Wood Casement Window Seals Upgrade Parts - This is the ""flexible leg"" and if you will notice provides a sash leaf seal with a compression style seal at the same time. More modern and updated design made for use with old wood and clad casement and awning sash frames. Sold and shipped in 72"" Lengths and priced per MINIMUM ORDER AS REQUIRED.\n\nTwelve (12) Lengths / Total of 72 Lineal Feet.",,,taxable,,1,,,0,0,,,,,1,,,198.88,"Weather-Strip Seals",,,https://www.oldachparts.com/wp-content/uploads/2023/04/sash_ws_VPLI.jpg,,,,,,,,,0,,,,,,,,,,,0,21,90,1,,,,,
177,simple,OLDK-WS-120TN,"Oldach Window Weather Strip | Kerf Insert Track U Channel Tan",1,0,visible,"Oldach Window OEM Style Weather Strip Seals - used primarily for Oldach Horizontal Silders and Single Hung Units. Available in a Tan / Beige Color ( White is available in Minimum Orders of 244 Lineal Feet only.","Oldach Window OEM Style Weather Strip Seals - used primarily for Oldach Horizontal Silders and Single Hung Units. Available in a Tan / Beige Color ( White is available in Minimum Orders of 244 Lineal Feet only. This fits your Oldach Window Kerf-Channel ( the narrow slot ) - most commonly used in the ""kerf track"" around the horizontal sliders ( top, bottom, sides ), single hung windows ( verticals), and Oldach Casement and Awning style windows with wood frame construction.\n\nITEM IS PRICED PER MINIMUM ORDER OF 120 LINEAL FEET.",,,taxable,,1,,,0,0,,,,,1,,,262.80,"Weather-Strip Seals",,,https://www.oldachparts.com/wp-content/uploads/2023/04/Oldach_5.jpg,,,,,,,,,0,,,,,,,,,,,0,21,90,1,,,,,
178,variable,"63 385 WHITE BRONZE","Oldach Foam Weather Strip Window Seals | Foam Pocket Type Weatherseals | 100' Rolls",1,0,visible,"Oldach Window Seals and Weatherstrip , White or Bronze Foam Type Pocket Seals - for Oldach Model Casement, Awning and Sliding Windows.","Oldach Window Seals and Weatherstrip , White or Bronze Foam Type Pocket Seals - for Oldach Model Casement, Awning and Sliding Windows. Minimum Order Is 100' Long Roll. SPECIFY COLOR IN THE ""comment section"" at checkout .. IF NONE SPECIFIED WE WILL SEND BRONZE ---- SEE TOP PHOTO FOR SPECS.\n\nNeed ID or Parts Help? <a href=""mailto:Info@OldachParts.com"">Info@OldachParts.com</a>\n\n<em>Foam seals, plastic seals, weather-strip for windows and doors of all types, all sizes and all brands - 1960's 1970's, 1980's, 1990's Oldach hard-to-find window and door seals and weatherstrips. Q-LON Seals, Replacement Parts and seals, Foam Tight Seals, Window and Door Weather Strip and Seal Replacement parts, Window and Door Sealing Products, Extruded Parts, Casement Window T-Slot Seals, APTUS TPE Seals, Hollow Bulb Seals, Leaf and Dual Durometer Profile Seals and weather Strip, Kerf Mount Seals, Schlegel Parts and Seals, Pile Seals and Weatherstripping, Dual Durometer Kerf Insert Barb Seals, All Pile Heights, Kerf Mount POLYFLEX Seals, Extruded poly leaf seals, adhesive back seals, T-Slot Mount Q-LON foam seals, Q-Lon T-Slot Bulb Compression Seals, urethane foam core and clad seals, Pocket Mount Seals, QLON Foam, Magnetic Door Seals, Steel Door Seals, Surface Mount Seals, Fin-Seal Door Sweeps, Door Bottom Sweeps, Amesbury Seals. </em>",,,taxable,,1,,,0,0,,,,,1,,,,"Weather-Strip Seals",,,https://www.oldachparts.com/wp-content/uploads/2023/04/Schlegal_Seals_1.jpg,,,,,,,,,0,Color,"Bronze, White",1,0,,,,,,,0,21,90,1,,,,,
179,variation,,"Oldach Foam Weather Strip Window Seals | Foam Pocket Type Weatherseals | 100' Rolls - Bronze",1,0,visible,,,,,taxable,parent,1,,,0,0,,,,,0,,,248.88,,,,,,,"63 385 WHITE BRONZE",,,,,,1,Color,Bronze,,0,,,,,,,,,,,,,,,
180,variation,,"Oldach Foam Weather Strip Window Seals | Foam Pocket Type Weatherseals | 100' Rolls - White",1,0,visible,,,,,taxable,parent,1,,,0,0,,,,,0,,,248.88,,,,,,,"63 385 WHITE BRONZE",,,,,,2,Color,White,,0,,,,,,,,,,,,,,,
182,variable,"36 42 48 door sweep","Door Bottom Sweep Threshold Seals | Door WeatherStrip Parts | Dual Kerf Type Barb Insert | 36"" 42"" 48"" Width Doors",1,0,visible,"Door Bottom Sweep Seals Bronze ( Brown ) and Beige - Door Bottom Weather Strip Parts With a double (twin) Dual Type Kerf Barb Insert 36"" 42"" 48"" Widths for entry or swinging doors, inswing and outswing door units","Door Bottom Sweep Seals Bronze ( Brown ) and Beige - Door Bottom Weather Strip Parts With a double (twin) Dual Type Kerf Barb Insert 36"" 42"" 48"" Widths for entry or swinging doors, inswing and outswing door units - these replace several old style seals with a double / dual kerf insert;\n\n<strong>Please See Dropdown Menu Below For All Options and Sizes.</strong>\n<strong>MINIMUM ORDERS AS REQUIRED</strong>\n\nBiltBest, Caradco, Craftline, Pella, Alenco, Therma-Tru, Eagle, Hurd, Kolbe, Lincoln, M-W, Malta, Marvin Casemaster, Marvin [Windows &amp; Doors] Integrity, Norandex, Norco, Pozzi, Jeld-Wen, Rockwell, Seal-Rite, Semco, Oldach, SNE, Vedder, Peachtree, Crestline, WeatherVane, Wenco, Wheather-Shield, Windsor, Starline, Acorn, Andersen, Barber &amp; Ross, Better-Bilt, Crestmark, MilGard, PGT, Philips, Plygem, Quaker, Traco and many others.\n\nNeed Help? Email Door Sizes and Send Pictures?\n<a href=""mailto:Info@BiltBestWindowParts.com"">Info@BiltBestWindowParts.com</a>",,,taxable,,1,,,0,0,,,,,1,,,,"Weather-Strip Seals",,,https://www.oldachparts.com/wp-content/uploads/2023/04/Sweep_PL-OFR-36.jpg,,,,,,,,,0,Length,"36"", 42"", 48""",1,0,,Color,"Beige / Tan, Bronze / Brown",1,0,,0,21,90,1,,Amount,"3 Pack, 4 Pack",1,0
183,variation,,"Door Bottom Sweep Threshold Seals | Door WeatherStrip Parts | Dual Kerf Type Barb Insert | 36"" 42"" 48"" Width Doors",1,0,visible,,,,,taxable,parent,1,,,0,0,,,,,0,,,1.11,,,,,,,"36 42 48 door sweep",,,,,,1,Length,"36""",,0,,Color,"Beige / Tan",,0,,,,,,,Amount,"3 Pack",,0
184,variation,,"Door Bottom Sweep Threshold Seals | Door WeatherStrip Parts | Dual Kerf Type Barb Insert | 36"" 42"" 48"" Width Doors",1,0,visible,,,,,taxable,parent,1,,,0,0,,,,,0,,,21.11,,,,,,,"36 42 48 door sweep",,,,,,2,Length,"36""",,0,,Color,"Beige / Tan",,0,,,,,,,Amount,"4 Pack",,0
185,variation,,"Door Bottom Sweep Threshold Seals | Door WeatherStrip Parts | Dual Kerf Type Barb Insert | 36"" 42"" 48"" Width Doors",1,0,visible,,,,,taxable,parent,1,,,0,0,,,,,0,,,1.11,,,,,,,"36 42 48 door sweep",,,,,,3,Length,"36""",,0,,Color,"Bronze / Brown",,0,,,,,,,Amount,"3 Pack",,0
186,variation,,"Door Bottom Sweep Threshold Seals | Door WeatherStrip Parts | Dual Kerf Type Barb Insert | 36"" 42"" 48"" Width Doors",1,0,visible,,,,,taxable,parent,1,,,0,0,,,,,0,,,21.11,,,,,,,"36 42 48 door sweep",,,,,,4,Length,"36""",,0,,Color,"Bronze / Brown",,0,,,,,,,Amount,"4 Pack",,0
187,variation,,"Door Bottom Sweep Threshold Seals | Door WeatherStrip Parts | Dual Kerf Type Barb Insert | 36"" 42"" 48"" Width Doors",1,0,visible,,,,,taxable,parent,1,,,0,0,,,,,0,,,20.00,,,,,,,"36 42 48 door sweep",,,,,,5,Length,"42""",,0,,Color,"Beige / Tan",,0,,,,,,,Amount,"3 Pack",,0
188,variation,,"Door Bottom Sweep Threshold Seals | Door WeatherStrip Parts | Dual Kerf Type Barb Insert | 36"" 42"" 48"" Width Doors",1,0,visible,,,,,taxable,parent,1,,,0,0,,,,,0,,,40.00,,,,,,,"36 42 48 door sweep",,,,,,6,Length,"42""",,0,,Color,"Beige / Tan",,0,,,,,,,Amount,"4 Pack",,0
189,variation,,"Door Bottom Sweep Threshold Seals | Door WeatherStrip Parts | Dual Kerf Type Barb Insert | 36"" 42"" 48"" Width Doors",1,0,visible,,,,,taxable,parent,1,,,0,0,,,,,0,,,20.00,,,,,,,"36 42 48 door sweep",,,,,,7,Length,"42""",,0,,Color,"Bronze / Brown",,0,,,,,,,Amount,"3 Pack",,0
190,variation,,"Door Bottom Sweep Threshold Seals | Door WeatherStrip Parts | Dual Kerf Type Barb Insert | 36"" 42"" 48"" Width Doors",1,0,visible,,,,,taxable,parent,1,,,0,0,,,,,0,,,40.00,,,,,,,"36 42 48 door sweep",,,,,,8,Length,"42""",,0,,Color,"Bronze / Brown",,0,,,,,,,Amount,"4 Pack",,0
191,variation,,"Door Bottom Sweep Threshold Seals | Door WeatherStrip Parts | Dual Kerf Type Barb Insert | 36"" 42"" 48"" Width Doors",1,0,visible,,,,,taxable,parent,1,,,0,0,,,,,0,,,20.00,,,,,,,"36 42 48 door sweep",,,,,,9,Length,"48""",,0,,Color,"Beige / Tan",,0,,,,,,,Amount,"3 Pack",,0
192,variation,,"Door Bottom Sweep Threshold Seals | Door WeatherStrip Parts | Dual Kerf Type Barb Insert | 36"" 42"" 48"" Width Doors",1,0,visible,,,,,taxable,parent,1,,,0,0,,,,,0,,,40.00,,,,,,,"36 42 48 door sweep",,,,,,10,Length,"48""",,0,,Color,"Beige / Tan",,0,,,,,,,Amount,"4 Pack",,0
193,variation,,"Door Bottom Sweep Threshold Seals | Door WeatherStrip Parts | Dual Kerf Type Barb Insert | 36"" 42"" 48"" Width Doors",1,0,visible,,,,,taxable,parent,1,,,0,0,,,,,0,,,20.00,,,,,,,"36 42 48 door sweep",,,,,,11,Length,"48""",,0,,Color,"Bronze / Brown",,0,,,,,,,Amount,"3 Pack",,0
194,variation,,"Door Bottom Sweep Threshold Seals | Door WeatherStrip Parts | Dual Kerf Type Barb Insert | 36"" 42"" 48"" Width Doors",1,0,visible,,,,,taxable,parent,1,,,0,0,,,,,0,,,40.00,,,,,,,"36 42 48 door sweep",,,,,,12,Length,"48""",,0,,Color,"Bronze / Brown",,0,,,,,,,Amount,"4 Pack",,0
196,simple,OLD-VAOI-84,"Oldach Wood Patio Door Weather Strip Jamb Head Jamb Seals - 84"" Long",1,0,visible,"Product Description - Oldach Wood Patio Door Replacement Parts. Weather Strip for Side Jamb and Head Door Seal 84"" Length - Tan Color Only.","Product Description - Oldach Wood Patio Door Replacement Parts. Weather Strip for Side Jamb and Head Door Seal 84"" Length - Tan Color Only.\n\nPRICED PER EACH MINIMUM ORDER OF TWO (2) PIECES .\n\nIf you have questions please email: <a href=""mailto:Info@WeFixItUSA.com"">Info@WeFixItUSA.com</a>",,,taxable,,1,,,0,0,,,,,1,,,128.88,"Patio Door Weather-Strip Seals, Repair Restoration Parts, Weather-Strip Seals",,,"https://www.oldachparts.com/wp-content/uploads/2023/04/DSC00034.jpeg, https://www.oldachparts.com/wp-content/uploads/2023/04/V_AOI_1.jpg",,,,,,,,,0,,,,,,,,,,,0,21,90,1,,,,,
197,simple,"513-M 88 156194","Model 513 VTIL Vinyl Side Stop Weatherstrip Seal Sliding Patio Doors",1,0,visible,"ORIGINAL Model # 513 VTIL, Vinyl Side Stop Weatherstrip Seal was discontinued.","ORIGINAL Model # 513 VTIL, Vinyl Side Stop Weatherstrip Seal was discontinued. REPLACED BY THE V-RFI-BEIGE ( as shown ) available in various lengths to fit your patio doors - 96"" Lengths for large sliding Oldach Wood Patio Doors. Weather Strip Seals, Kerf Type. NOTE: There are .. Normally Two (2) are Required Per Door. The newest style replacement is shown in photo. Stock # PIPBLLLL",,,taxable,,1,,,0,0,,,,,1,,,48.88,"Patio Door Hardware, Patio Door Weather-Strip Seals",,,https://www.oldachparts.com/wp-content/uploads/2023/04/V_RFI.jpg,,,,,,,,,0,,,,,,,,,,,0,23,90,1,,,,,
201,simple,"OLPD-TR-ROL PR","Oldach Sliding Wood Patio Door Replacement Rollers | Steel Replacement Wheel Assembly",1,0,visible,"Oldach Patio Door, Tandem Door Rollers for 36"" W to 48"" W Patio Door Units; 1 1/4"" wheels with steel ball bearings; SOLD PER PAIR - You Should Always Replace In Pairs.","Oldach Patio Door, Tandem Door Rollers for 36"" W to 48"" W Patio Door Units; 1 1/4"" wheels with steel ball bearings; SOLD PER PAIR - You Should Always Replace In Pairs.\n<ul>\n 	<li>Also available in Nylon or Coastal Stainless Steel - Upcharge Applies.</li>\n 	<li>TWO (2) Per Package.</li>\n</ul>",,,taxable,,1,,,0,0,,,,,1,,,48.88,"Patio Door Hardware, Repair Restoration Parts, Replacement Hardware Parts",,,https://www.oldachparts.com/wp-content/uploads/2023/04/PT_RO9T_Rollers.jpg,,,,,,,,,0,,,,,,,,,,,0,23,90,1,,,,,
202,simple,"Peachtree Parts","Peachtree Patio Door Rollers Steel Wheel, Tandem Unit Assembly - Per PAIR",1,0,visible,"Peachtree Patio Door Rollers Steel Wheel, Tandem Unit Assembly - Per PAIR - for Ariel Patio Door (1984-2007), Carvel Patio Door (1968-1996), ...","Peachtree Patio Door Rollers Steel Wheel, Tandem Unit Assembly - <strong>Per PAIR</strong> - for Ariel Patio Door (1984-2007), Carvel Patio Door (1968-1996), Citadel Patio Door (1993-2002), Citadel Patio Door (2003-2008), Citation Patio Door (1968-1996), Prado Patio Door (1984-2007), Peachtree Sliding Patio Door - Panel Tandem Rollers SOLD IN PAIRS\n\nFor your Peachtree Oldach Patio Door Rollers - these are the OEM Replacements with adjustable 1-1/4-in Steel Wheel Tandem Patio Door Roller Assembly - PAIR ( 2 Sets )\n<ul>\n 	<li>Tandem Steel Ball Bearing Rollers</li>\n 	<li>Adjustable Steel Housing</li>\n 	<li>Easy to install</li>\n 	<li>Used on Peach Tree Sliding and Swing Patio Door Wheel and Roller Parts for Ariel Patio Door (1984-2007), Carvel Patio Door (1968-1996), Citadel Patio Door (1993-2002), Citadel Patio Door (2003-2008), Citation Patio Door (1968-1996), Prado Patio Door (1984-2007), Peachtree Sliding Patio Door - Panel Tandem Rollers SOLD IN PAIRS - Peachtree Patio Door Sliding Panel Tandem Rollers, Sliding Patio Door Adjustable Tandem Roller - Fits all Peachtree Sliding Patio Door Units</li>\n</ul>",,,taxable,,1,,,0,0,,,,,1,,,48.88,"Patio Door Hardware, Repair Restoration Parts, Replacement Hardware Parts",,,https://www.oldachparts.com/wp-content/uploads/2023/04/PT_Patio_DR_1.jpg,,,,,,,,,0,,,,,,,,,,,0,24,90,1,,,,,
204,simple,oldp-00018,"Oldach Casement Sash Frame Replacement",1,0,visible,"Specially manufactured OEM replacement parts from solid one piece clear select northern white pine, fir with no no finger jointing or glued up stock is used; ...","Specially manufactured OEM  replacement parts from solid one piece clear select northern white pine, fir with no no finger jointing or glued up stock is used; OEM parts made for maximum long term performance and durability; All special order parts are sent unpainted or unfinished parts with the entire glass track pocket ready for your finishes; We do offer full service repairs and fabrications in shop - for those who want items built and shipped; We can ship any replacement parts.",,,taxable,,1,,,0,0,,,,,1,,,42.88,"Repair Restoration Parts",,,https://www.oldachparts.com/wp-content/uploads/2023/04/sash_1.jpeg,,,,,,,,,0,,,,,,,,,,,0,24,60,0,,,,,
206,variable,,"Oldach Casement Window Frame Replacement",1,0,visible,"Specially manufactured OEM  replacement parts from solid one piece clear select northern white pine, fir with no no finger jointing or glued up stock is used;...","Specially manufactured OEM  replacement parts from solid one piece clear select northern white pine, fir with no no finger jointing or glued up stock is used; OEM parts made for maximum long term performance and durability; All special order parts are sent unpainted or unfinished parts with the entire glass track pocket ready for your finishes; We do offer full service repairs and fabrications in shop - for those who want items built and shipped; We can ship any replacement parts.",,,taxable,,1,,,0,0,,,,,1,,,,"Repair Restoration Parts",,,https://www.oldachparts.com/wp-content/uploads/2023/04/sash_1.jpeg,,,,,,,,,0,"Piece Size","4', 5', 6', 8'",1,0,,,,,,,0,24,60,1,,,,,,,,
207,variation,oldp-00019,"Oldach Casement Window Frame Replacement - 4'",1,0,visible,,,,,taxable,parent,1,,,0,0,,,,,0,,,32.88,,,,,,,id:206,,,,,,1,"Piece Size",4',,0,,,,,,,,,,,,,,,,,,
208,variation,oldp-00020,"Oldach Casement Window Frame Replacement - 5'",1,0,visible,,,,,taxable,parent,1,,,0,0,,,,,0,,,39.88,,,,,,,id:206,,,,,,2,"Piece Size",5',,0,,,,,,,,,,,,,,,,,,
209,variation,oldp-00021,"Oldach Casement Window Frame Replacement - 6'",1,0,visible,,,,,taxable,parent,1,,,0,0,,,,,0,,,48.88,,,,,,,id:206,,,,,,3,"Piece Size",6',,0,,,,,,,,,,,,,,,,,,
210,variation,oldp-00022,"Oldach Casement Window Frame Replacement - 8'",1,0,visible,,,,,taxable,parent,1,,,0,0,,,,,0,,,64.88,,,,,,,id:206,,,,,,4,"Piece Size",8',,0,,,,,,,,,,,,,,,,,,
211,variable,OWGB-PL-OB,"Oldach Plastic PVC Vinyl Replacement Glazing Bead Parts | *HARD TO FIND*",1,0,visible,"Got Questions? Not sure what you need? Feel free to email: info@oldachparts.com\n\nNOT SURE WHAT YOU NEED?!? EMAIL PICTURES AND WE WILL GET YOU TAKEN CARE OF!","<h3>Replacement Plastic Snap-In Glazing Bead for Oldach Windows</h3>\nFinding a replacement for the original Oldach window glazing bead can be challenging, but we have the perfect solution. Our replacement plastic snap-in glazing bead is specially designed to fit Oldach windows, offering an ideal substitute for the hard-to-find original bead.\n\n<strong>Key Features:</strong>\n<ul>\n 	<li><strong>Special Order Availability:</strong> This replacement glazing bead is available on a special order basis, ensuring you get a product tailored to your needs.</li>\n 	<li><strong>OEM Style Replacement:</strong> Designed as a suitable replacement for the obsolete Oldach OEM style bead, which has been unavailable since 2011.</li>\n 	<li><strong>Cost-Effective:</strong> Priced at about one-fourth of the cost of the original dual durometer/dual color bead.</li>\n 	<li><strong>Solid Single Color:</strong> This replacement piece is a solid, single color, available in Bronze or White only.</li>\n 	<li><strong>Durable Construction:</strong> Made from high-quality materials to ensure longevity and performance.</li>\n</ul>\nUpgrade your Oldach windows with our reliable and affordable replacement glazing bead, available in your choice of Bronze or White.\n\nVIEW or DOWNLOAD .. the Master Glazing Bead Weather Strip Parts [PDF]\n<a href=""http://www.wefixitusa.com/images/WeFixitUSA_master_guide.pdf"" target=""_blank"" rel=""noopener"">http://www.wefixitusa.com/images/WeFixitUSA_master_guide.pdf</a>\n\n&nbsp;",,,taxable,,1,,,0,0,,,,,1,,,,"Glazing Bead, Repair Restoration Parts","glazing bead, glazing bead replacement, hard to find glazing bead, oldach glazing bead, oldach hardware, oldach plastic pvc vinyl, oldach replacement hardware, oldach replacement parts, window parts, window repair, window replacement",,"https://www.oldachparts.com/wp-content/uploads/2023/04/VGBFPBB.jpg, https://www.oldachparts.com/wp-content/uploads/2023/04/Oldach_2014_New_LOGO_1.jpeg",,,,,,,,,0,Color,"Bronze, White",1,0,,Length,"120', 160', 180', 240'",1,0,,0,16,90,1,,,,,,"Oldach Plastic PVC Vinyl Replacement Glazing Bead Parts","Finding a replacement for the original Oldach window glazing bead can be challenging, but we have the perfect solution. Our replacement plastic snap-in glazing bead is specially designed to fit Oldach windows, offering an ideal substitute for the hard-to-find original bead.",48
224,variation,,"Oldach Plastic PVC Vinyl Replacement Glazing Bead Parts | *HARD TO FIND* - Bronze, 120'",1,0,visible,,,,,taxable,parent,1,,,0,0,,,,,0,,,258.80,,,,,,,OWGB-PL-OB,,,,,,1,Color,Bronze,,0,,Length,120',,0,,,,,,,,,,,,,
225,variation,,"Oldach Plastic PVC Vinyl Replacement Glazing Bead Parts | *HARD TO FIND* - Bronze, 160'",1,0,visible,,,,,taxable,parent,1,,,0,0,,,,,0,,,342.40,,,,,,,OWGB-PL-OB,,,,,,2,Color,Bronze,,0,,Length,160',,0,,,,,,,,,,,,,
226,variation,,"Oldach Plastic PVC Vinyl Replacement Glazing Bead Parts | *HARD TO FIND* - Bronze, 180'",1,0,visible,,,,,taxable,parent,1,,,0,0,,,,,0,,,398.00,,,,,,,OWGB-PL-OB,,,,,,3,Color,Bronze,,0,,Length,180',,0,,,,,,,,,,,,,
227,variation,,"Oldach Plastic PVC Vinyl Replacement Glazing Bead Parts | *HARD TO FIND* - Bronze, 240'",1,0,visible,,,,,taxable,parent,1,,,0,0,,,,,0,,,438.00,,,,,,,OWGB-PL-OB,,,,,,4,Color,Bronze,,0,,Length,240',,0,,,,,,,,,,,,,
228,variation,,"Oldach Plastic PVC Vinyl Replacement Glazing Bead Parts | *HARD TO FIND* - White, 120'",1,0,visible,,,,,taxable,parent,1,,,0,0,,,,,0,,,258.80,,,,,,,OWGB-PL-OB,,,,,,5,Color,White,,0,,Length,120',,0,,,,,,,,,,,,,
229,variation,,"Oldach Plastic PVC Vinyl Replacement Glazing Bead Parts | *HARD TO FIND* - White, 160'",1,0,visible,,,,,taxable,parent,1,,,0,0,,,,,0,,,342.40,,,,,,,OWGB-PL-OB,,,,,,6,Color,White,,0,,Length,160',,0,,,,,,,,,,,,,
230,variation,,"Oldach Plastic PVC Vinyl Replacement Glazing Bead Parts | *HARD TO FIND* - White, 180'",1,0,visible,,,,,taxable,parent,1,,,0,0,,,,,0,,,398.00,,,,,,,OWGB-PL-OB,,,,,,7,Color,White,,0,,Length,180',,0,,,,,,,,,,,,,
231,variation,,"Oldach Plastic PVC Vinyl Replacement Glazing Bead Parts | *HARD TO FIND* - White, 240'",1,0,visible,,,,,taxable,parent,1,,,0,0,,,,,0,,,438.00,,,,,,,OWGB-PL-OB,,,,,,8,Color,White,,0,,Length,240',,0,,,,,,,,,,,,,
233,simple,ospd-L-ROL,"Oldach Patio Door Rollers Steel Tandem Assembly - Per PAIR",1,0,visible,"Oldach Patio Door Rollers - these are the OEM Replacements with adjustable 1-1/4-in Steel Wheel Tandem Patio Door Roller Assembly - PAIR ( 2 Sets )","Oldach Patio Door Rollers - these are the OEM Replacements with adjustable 1-1/4-in Steel Wheel Tandem Patio Door Roller Assembly - PAIR ( 2 Sets )\n<ul>\n 	<li>Tandem Steel Ball Bearing Rollers</li>\n 	<li>Adjustable Steel Housing</li>\n 	<li>Easy to install</li>\n 	<li>Used on almost all 36""W , 42""W, 48"" W Oldach Sliding Patio Doors.</li>\n</ul>",,,taxable,,1,,,0,0,,,,,1,,,38.88,"Patio Door Weather-Strip Seals",,,https://www.oldachparts.com/wp-content/uploads/2023/04/39_10.jpeg,,,,,,,,,0,,,,,,,,,,,0,,90,1,,,,,,,,
239,simple,OPD-VRFI-84,"Oldach Patio Door | Old Wood Patio Doors - Side Head Jamb Weatherstrip",1,0,visible,"Product Description - Oldach Patio Door Weather Strip Parts for side and jamb patio door frame seals.","Product Description - Oldach Patio Door Weather Strip Parts for side and jamb patio door frame seals. -  Tan Color Only - Vinyl Side Stop Weatherstrip, Tan, Sliding Patio Door; Normally Two (2) Are required on a door assembly - One(1) Vertical Jamb and One (1) Horizontal jamb. Customer cut to length as needed; Comes in Tan ONLY - and available only in 84"" Lengths (Or Less).",,,taxable,,1,,,0,0,,,,,1,,,69.95,"Patio Door Weather-Strip Seals",,,https://www.oldachparts.com/wp-content/uploads/2023/04/WS_Old_PD_Seals_2022_Beige_Tan.jpg,,,,,,,,,0,,,,,,,,,,,0,25,60,0,,,,,,,,
241,simple,511-CHES-HES,"Patio Door Side Jamb Head Sill Door Weather Strip Seals CHES/HES 88""",1,0,visible,"MINIMUM ORDER OF TWO (2) EACH, 88"" Long - PER PACK - Side &amp; Head Seal For Sliding Patio Doors Model 511 Style - Used For Hurd, Oldach, Marvin and Several Others.","MINIMUM ORDER OF TWO (2) EACH, 88"" Long - PER PACK - Side &amp; Head Seal For Sliding Patio Doors Model 511 Style - Used For Hurd, Oldach, Marvin and Several Others. CHES/HES Side &amp; Head Door Seal Tan Color. Customer cuts to length.\n\nThis is for doors with Fiberglass Sills, Aluminum Sills, Head Parting Stop Seals. Two (2) Normally Required Per Door - 1 @ Jamb, and 1 @ top. NOTE This Item Comes in 88"" Length - longer available with higher shipping and handling ( Email for Quote ) Special Order Item and is Non-returnable. Specify door height and width when ordering - we will cut for you at no charge.",,,taxable,,1,,,0,0,,,,,1,,,137.77,"Patio Door Weather-Strip Seals",,,https://www.oldachparts.com/wp-content/uploads/2023/04/PAT_D_S_0.jpeg,,,,,,,,,0,,,,,,,,,,,0,25,90,1,,,,,,,,
244,variable,"OWRP-CH RF07-19","Oldach Casement Awning Window Parts | Roto Crank Handle and Cover - Bronze, White or Gold",1,0,visible,"Oldach Casement or Awning Window Parts - One (1) Rotary Crank Handle and Cover Set - Replacement Set Includes the Casement Roto Crank Standard Handle (1) and Cover (1) and is available in standard color options: White, Gold or Dark Bronze.","Oldach Casement or Awning Window Parts - One (1) Rotary Crank Handle and Cover Set - Replacement Set Includes the Casement Roto Crank Standard Handle (1) and Cover (1) and is available in standard color options: White, Gold or Dark Bronze.",,,taxable,,1,,,0,0,,,,,1,,,,"Window Upgrade Hardware",,,https://www.oldachparts.com/wp-content/uploads/2023/04/Handle_1.jpeg,,,,,,,,,0,Color,"White, Gold, Dark Bronze",1,0,,,,,,,0,26,90,0,,,,,,,,
245,variation,,"Oldach Casement Awning Window Parts | Roto Crank Handle and Cover - Bronze, White or Gold - White",1,0,visible,,,,,taxable,parent,1,,,0,0,,,,,0,,,22.22,,,,,,,"OWRP-CH RF07-19",,,,,,1,Color,White,,0,,,,,,,,,,,,,,,,,,
246,variation,,"Oldach Casement Awning Window Parts | Roto Crank Handle and Cover - Bronze, White or Gold - Gold",1,0,visible,,,,,taxable,parent,1,,,0,0,,,,,0,,,22.22,,,,,,,"OWRP-CH RF07-19",,,,,,2,Color,Gold,,0,,,,,,,,,,,,,,,,,,
247,variation,,"Oldach Casement Awning Window Parts | Roto Crank Handle and Cover - Bronze, White or Gold - Dark Bronze",1,0,visible,,,,,taxable,parent,1,,,0,0,,,,,0,,,22.22,,,,,,,"OWRP-CH RF07-19",,,,,,3,Color,"Dark Bronze",,0,,,,,,,,,,,,,,,,,,
249,variable,oldp-00071,"1"" x 7/16"" Extruded Screen Frame",1,0,visible,,"Ideal for Larger Window Openings and Other Commercial Applications\n.062"" (1.5 mm) Wall Thickness\nThree Finishes\n\nThis 1"" x 7/16"" (25.4 x 11.1 mm) Extruded Screen Frame is made of .050 mil (1.3 mm) thick extruded aluminum for superior screen strength and rigidity.  It is excellent for commercial installations or where a heavy-duty screen frame is required.\n\nAvailable in Satin Anodized, Bronze, White , and Bronze.",,,taxable,,1,,,0,0,,,,,1,,,,"Screen Frame & Corners",,,https://www.oldachparts.com/wp-content/uploads/2023/04/OLDP-00071-1.gif,,,,,,,,,0,Color,"Satin Anodized, Bronze, White",1,0,,,,,,,0,27,90,1,,,,,,,,
262,variation,,"1"" x 7/16"" Extruded Screen Frame - Satin Anodized",1,0,visible,,,,,taxable,parent,1,,,0,0,,,,,0,,,28.88,,,,,,,oldp-00071,,,,,,1,Color,"Satin Anodized",,0,,,,,,,,,,,,,,,,,,
263,variation,,"1"" x 7/16"" Extruded Screen Frame - Bronze",1,0,visible,,,,,taxable,parent,1,,,0,0,,,,,0,,,28.88,,,,,,,oldp-00071,,,,,,2,Color,Bronze,,0,,,,,,,,,,,,,,,,,,
264,variation,,"1"" x 7/16"" Extruded Screen Frame - White",1,0,visible,,,,,taxable,parent,1,,,0,0,,,,,0,,,28.88,,,,,,,oldp-00071,,,,,,3,Color,White,,0,,,,,,,,,,,,,,,,,,
266,variable,oldp-00072,"1-1/4"" x 7/16"" Screen Frame",1,0,visible,,"Typical Applications Include Patio Screens, Porch Screens, and Commercial Windows\n.040"" (1 mm) Wall Thickness\nMade for Oversized Screens\n\nThis 1-1/4"" x 7/16"" (31.8 x 11.1 mm) Screen Frame is made of .040 mil thick roll formed aluminum. It is cambered (slightly bowed) to retain screen tension when installed.\n\nAvailable in Bronze and Mill.",,,taxable,,1,,,0,0,,,,,1,,,,"Screen Frame & Corners",,,https://www.oldachparts.com/wp-content/uploads/2023/04/OLDP-00072.gif,,,,,,,,,0,Color,"Bronze, Mill",1,0,,,,,,,0,27,90,0,,,,,,,,
267,variation,,"1-1/4"" x 7/16"" Screen Frame - Bronze",1,0,visible,,,,,taxable,parent,1,,,0,0,,,,,0,,,35.88,,,,,,,oldp-00072,,,,,,1,Color,Bronze,,0,,,,,,,,,,,,,,,,,,
268,variation,,"1-1/4"" x 7/16"" Screen Frame - Mill",1,0,visible,,,,,taxable,parent,1,,,0,0,,,,,0,,,35.88,,,,,,,oldp-00072,,,,,,2,Color,Mill,,0,,,,,,,,,,,,,,,,,,
269,variable,oldp-00074,"1/2"" Standoff Screen Frame",1,0,visible,,"Use Where You Need Extra Space Between Window and Screen\nTypical Applications Include Use with Project-In or Project-Out Windows with Wicket Screens\n.025"" (.63 mm) Wall Thickness\n\n3/4"" x 7/16"" (19 x 11.1 mm) box type Screen Frame with 1/2"" (12.7 mm) standoff leg allows screen installation in windows where a screen wicket is used. Packed in cases of 90 stock lengths 12' 2"" long (3.7 m). Frame is cambered (slightly bowed) to retain screen tension when installed.\n\nAvailable in Gray, White and Bronze.",,,taxable,,1,,,0,0,,,,,1,,,,"Screen Frame & Corners",,,https://www.oldachparts.com/wp-content/uploads/2023/04/OLDP-00074.gif,,,,,,,,,0,Color,"Gray, White, Bronze",1,0,,,,,,,0,27,90,0,,,,,,,,
270,variation,,"1/2"" Standoff Screen Frame - Gray",1,0,visible,,,,,taxable,parent,1,,,0,0,,,,,0,,,20.50,,,,,,,oldp-00074,,,,,,1,Color,Gray,,0,,,,,,,,,,,,,,,,,,
271,variation,,"1/2"" Standoff Screen Frame - White",1,0,visible,,,,,taxable,parent,1,,,0,0,,,,,0,,,20.50,,,,,,,oldp-00074,,,,,,2,Color,White,,0,,,,,,,,,,,,,,,,,,
272,variation,,"1/2"" Standoff Screen Frame - Bronze",1,0,visible,,,,,taxable,parent,1,,,0,0,,,,,0,,,20.50,,,,,,,oldp-00074,,,,,,3,Color,Bronze,,0,,,,,,,,,,,,,,,,,,
273,variable,oldp-00075,"3/4"" Standoff Screen Frame",1,0,visible,,"Typically Installed on Project-In or Project-Out Windows with Wicket Screens\n.025"" (.63 mm) Wall Thickness\nThree Finishes to Choose From\n\n3/4"" x 7/16"" (19 x 11.1 mm) box type Screen Frame with 3/4"" (19 mm) standoff leg allows screen installation in windows where a screen wicket is used.\n\nAvailable in Gray, White, and Bronze",,,taxable,,1,,,0,0,,,,,1,,,,"Screen Frame & Corners",,,https://www.oldachparts.com/wp-content/uploads/2023/04/OLDP-00075.gif,,,,,,,,,0,Color,"Gray, White, Bronze",1,0,,,,,,,0,27,90,0,,,,,,,,
274,variation,,"3/4"" Standoff Screen Frame - Gray",1,0,visible,,,,,taxable,parent,1,,,0,0,,,,,0,,,22.88,,,,,,,oldp-00075,,,,,,1,Color,Gray,,0,,,,,,,,,,,,,,,,,,
275,variation,,"3/4"" Standoff Screen Frame - White",1,0,visible,,,,,taxable,parent,1,,,0,0,,,,,0,,,22.88,,,,,,,oldp-00075,,,,,,2,Color,White,,0,,,,,,,,,,,,,,,,,,
276,variation,,"3/4"" Standoff Screen Frame - Bronze",1,0,visible,,,,,taxable,parent,1,,,0,0,,,,,0,,,22.88,,,,,,,oldp-00075,,,,,,3,Color,Bronze,,0,,,,,,,,,,,,,,,,,,
277,variable,oldp-00076,"7/16"" Splicing ""H"" Bar - 72"" Lengths",1,0,visible,,"Extruded Aluminum for Superior Strength\nAccepts All 7/16"" (11.1 mm) Box Type Screen Frame\nClear Anodized Aluminum Finish\n\n1"" (25.4 mm) face width with 7/16"" (11.1 mm) inside channel width ""H"" shaped screen Splicing Bar is made from .045 mil (1.1 mm) thickness extruded aluminum. Used to splice two or more screens together. NOTE: Splicing Bar is not cambered.\n\nAvailable in Clear Anodized, Bronze and White. Stock Lengths for shipping are 72"" L  - MINIMUM ORDER REQUIREMENT IS 24 lineal feet ( 4 Pieces ) - note these are ""cut items"" and as such are non returnable",,,taxable,,1,,,0,0,,,,,1,,,,"Screen Frame & Corners",,,https://www.oldachparts.com/wp-content/uploads/2023/04/OLDP-00076.gif,,,,,,,,,0,Color,"Clear Anodized, Bronze, White",1,0,,,,,,,0,27,90,0,,,,,,,,
278,variation,,"7/16"" Splicing ""H"" Bar - 72"" Lengths - Clear Anodized",1,0,visible,,,,,taxable,parent,1,,,0,0,,,,,0,,,55.55,,,,,,,oldp-00076,,,,,,1,Color,"Clear Anodized",,0,,,,,,,,,,,,,,,,,,
279,variation,,"7/16"" Splicing ""H"" Bar - 72"" Lengths - Bronze",1,0,visible,,,,,taxable,parent,1,,,0,0,,,,,0,,,55.55,,,,,,,oldp-00076,,,,,,2,Color,Bronze,,0,,,,,,,,,,,,,,,,,,
280,variation,,"7/16"" Splicing ""H"" Bar - 72"" Lengths - White",1,0,visible,,,,,taxable,parent,1,,,0,0,,,,,0,,,55.55,,,,,,,oldp-00076,,,,,,3,Color,White,,0,,,,,,,,,,,,,,,,,,
282,simple,oldp-00077,"1/2"" x 1/2"" Roll Angle Stop",1,0,visible,,"Typical Applications Include Using as a Back Stop for Flush Screen Frame Installations\nPre-Punched for Fasteners\n\n1/2"" x 1/2"" (12.7 x 12.7 mm) Angle Stop is made of .025 mil (.64 mm) thickness roll formed aluminum. Pre-punched 1/8"" (3.2 mm) holes every 6"" (152 mm). Used as a back-stop for flush screen installations. Available in mill finish only",,,taxable,,1,,,0,0,,,,,1,,,8.50,"Screen Frame & Corners",,,https://www.oldachparts.com/wp-content/uploads/2023/04/OLDP-00077.gif,,,,,,,,,0,,,,,,,,,,,0,27,90,0,,,,,,,,
283,variable,oldp-00078,"Screen Frame Spreader Bar and Clips",1,0,visible,,"Prevents Screen Frame From Bowing In\nEasy-to-Install\nThree Finishes to Choose From\n\n5/8"" x 5/16"" (15.9 x 7.9 mm) box type Spreader Bar is made of .025 mil (.64 mm) thickness roll formed aluminum. Adds rigidity and strength to large size screens. Almost always installed across the mid-point of the screen's longest side.\n\nAvailable in Mill, Gray, White and Bronze",,,taxable,,1,,,0,0,,,,,1,,,,"Screen Frame & Corners",,,https://www.oldachparts.com/wp-content/uploads/2023/04/OLDP-00078.png,,,,,,,,,0,Color,"Mill, Gray, White, Bronze",1,0,,,,,,,0,27,90,0,,,,,,,,
284,variation,,"Screen Frame Spreader Bar and Clips - Mill",1,0,visible,,,,,taxable,parent,1,,,0,0,,,,,0,,,6.50,,,,,,,oldp-00078,,,,,,1,Color,Mill,,0,,,,,,,,,,,,,,,,,,
285,variation,,"Screen Frame Spreader Bar and Clips - Gray",1,0,visible,,,,,taxable,parent,1,,,0,0,,,,,0,,,6.50,,,,,,,oldp-00078,,,,,,2,Color,Gray,,0,,,,,,,,,,,,,,,,,,
286,variation,,"Screen Frame Spreader Bar and Clips - White",1,0,visible,,,,,taxable,parent,1,,,0,0,,,,,0,,,6.50,,,,,,,oldp-00078,,,,,,3,Color,White,,0,,,,,,,,,,,,,,,,,,
287,variation,,"Screen Frame Spreader Bar and Clips - Bronze",1,0,visible,,,,,taxable,parent,1,,,0,0,,,,,0,,,6.50,,,,,,,oldp-00078,,,,,,4,Color,Bronze,,0,,,,,,,,,,,,,,,,,,
289,variable,oldp-00079,"5/16"" Lip Screen Frame",1,0,visible,,"Reversed Spline Pocket\n020"" (.51 mm) Wall Thickness\nChoose From Two Finishes\n\nOur new 5/16"" (7.9 mm) Lip Frame allows for inset mounting within the framed opening. Spline pocket is on the inside of the inset portion of the frame, resulting in less exposure to UV for longer spline life. Contoured flat inside edge adds strength\n\nAvailable in Whtie and Bronze.",,,taxable,,1,,,0,0,,,,,1,,,,"Screen Frame & Corners",,,https://www.oldachparts.com/wp-content/uploads/2023/04/OLDP-00079.gif,,,,,,,,,0,Color,"Bronze, White",1,0,,,,,,,0,27,90,1,,,,,,,,
290,variation,,"5/16"" Lip Screen Frame - Bronze",1,0,visible,,,,,taxable,parent,1,,,0,0,,,,,0,,,12.88,,,,,,,oldp-00079,,,,,,1,Color,Bronze,,0,,,,,,,,,,,,,,,,,,
291,variation,,"5/16"" Lip Screen Frame - White",1,0,visible,,,,,taxable,parent,1,,,0,0,,,,,0,,,12.88,,,,,,,oldp-00079,,,,,,2,Color,White,,0,,,,,,,,,,,,,,,,,,
293,variable,oldp-00080,"Andersen 3/4"" x 7/16"" Window Screen Frame",1,0,visible,,"Replacement Screen Frame to Match Andersen Windows\nSandstone, Terratone, and White Finishes\nMatching Color Corners Available\n.020"" (.51 mm) Wall Thickness\nIndividually Polywrapped Stock Lengths\n\nOur 3/4"" x 7/16"" (19 x 11.1 mm) Screen Frame is now available in matching Andersen Sandstone, Terratone, and White colors. Matching color plastic miter cut Screen Frame Corners are also available. Frame uses common .175"" Spline.\n\nAvailable in Sandstone, Terratone, and White.",,,taxable,,1,,,0,0,,,,,1,,,,"Screen Frame & Corners",,,https://www.oldachparts.com/wp-content/uploads/2023/04/OLDP-00080.jpeg,,,,,,,,,0,Color,"Sandstone, Terratone, White.",1,0,,,,,,,0,27,90,0,,,,,,,,
294,variation,,"Andersen 3/4"" x 7/16"" Window Screen Frame - Sandstone",1,0,visible,,,,,taxable,parent,1,,,0,0,,,,,0,,,12.88,,,,,,,oldp-00080,,,,,,1,Color,Sandstone,,0,,,,,,,,,,,,,,,,,,
295,variation,,"Andersen 3/4"" x 7/16"" Window Screen Frame - Terratone",1,0,visible,,,,,taxable,parent,1,,,0,0,,,,,0,,,12.88,,,,,,,oldp-00080,,,,,,2,Color,Terratone,,0,,,,,,,,,,,,,,,,,,
296,variation,,"Andersen 3/4"" x 7/16"" Window Screen Frame - White.",1,0,visible,,,,,taxable,parent,1,,,0,0,,,,,0,,,12.88,,,,,,,oldp-00080,,,,,,3,Color,White.,,0,,,,,,,,,,,,,,,,,,
297,variable,oldp-00073,"1/2"" Lip Screen Frame",1,0,visible,,"Typical Applications Include Inset Flush-Mounting of Screens for Patio or Porch Installations\nInstalls and Removes Easily with Screen Clips\n.025"" (.63 mm) Wall Thickness\nThree Finishes to Choose From\n\n3/4"" x 7/16"" (19 x 11.1 mm) box type Screen Frame has a 1/2"" (12.7 mm) lip on the facing side. It's made of .025 mil (.63 mm) thickness roll formed aluminum. Lip Frame is usually used when no back-stop is available for a box type frame. Choose from three colors. This frame is cambered (slightly bowed) to retain screen tension when installed.\n\nAvailable in Gray, White, and Bronze.",,,taxable,,1,,,0,0,,,,,1,,,,"Screen Frame & Corners",,,https://www.oldachparts.com/wp-content/uploads/2023/04/OLDP-00073.gif,,,,,,,,,0,Color,"Gray, White, Bronze",1,0,,,,,,,0,27,90,0,,,,,,,,
298,variation,,"1/2"" Lip Screen Frame - Gray",1,0,visible,,,,,taxable,parent,1,,,0,0,,,,,0,,,19.88,,,,,,,oldp-00073,,,,,,1,Color,Gray,,0,,,,,,,,,,,,,,,,,,
299,variation,,"1/2"" Lip Screen Frame - White",1,0,visible,,,,,taxable,parent,1,,,0,0,,,,,0,,,19.88,,,,,,,oldp-00073,,,,,,2,Color,White,,0,,,,,,,,,,,,,,,,,,
300,variation,,"1/2"" Lip Screen Frame - Bronze",1,0,visible,,,,,taxable,parent,1,,,0,0,,,,,0,,,19.88,,,,,,,oldp-00073,,,,,,3,Color,Bronze,,0,,,,,,,,,,,,,,,,,,
301,simple,"Oldach Outlook SealRite","Oldach Window Balance Pairs | All Sizes",1,0,visible,,"Oldach Window Replacement Balance Pairs | Outlook SealRite - Oldach Window Replacement Balances - Stamping Numbers - 26 27 28 29 30 31 32 33 34 35 - used on Oldach, Outlook and Seal-Rite Single and double hung windows. Replacement Channel Balances - PRICED PER MINIMUM ORDER OF TWO (2) PAIRS [pack of 4] Single and Double Hung Model Windows.\n\nIn the ""Requirement"" section below please specify the following informations before adding to cart:\n<ul>\n 	<li>Friction Shoe Style at Both Ends</li>\n 	<li>MINIMUM ORDER IS TWO (2) PAIRS - Four (4) Units of same model.</li>\n</ul>\n<strong>Not Sure .. have QUESTIONS? .. send clear pictures - Info@WeFixItUSA.com</strong>",,,taxable,,1,,,0,0,,,,,1,,,138.88,"Replacement Window Parts - All Brands",,,https://www.oldachparts.com/wp-content/uploads/2023/04/Oldach_Bal_2022_1.png,,,,,,,,,0,,,,,,,,,,"[{""name"":""Requirement"",""title_format"":""label"",""description_enable"":1,""description"":""Please specify the following informations before adding to cart."",""type"":""custom_textarea"",""display"":""select"",""position"":0,""required"":1,""restrictions"":0,""restrictions_type"":""any_text"",""adjust_price"":0,""price_type"":""flat_fee"",""price"":"""",""min"":0,""max"":0,""id"":""1680435277"",""options"":[{""label"":"""",""price"":"""",""image"":"""",""price_type"":""flat_fee""}]}]",0,34,90,1,,,,,,,,
303,simple,oldp-00025,"5/16"" Aluminum Corner for Screen Frame",1,0,visible,,"or 1/4"" oldp-00062 &amp; oldp-00063 Screen Frames\nSlip-In Installation With No Tools Required\n\nThis CRL Aluminum Screen Frame Corner is designed to fit 3/4"" x 1/4"" (19 x 6.3 mm) oldp-00062 &amp; oldp-00063 Series Screen Frames for miter cut applications. Minimum order is 100 each. Must be ordered in increments of 100.\n\n<strong>***SOLD IN INCREMENTS OF 100***</strong>",,,taxable,,1,,,0,0,,,,,1,,,31.00,"Window Screen Frame Corner",,,https://www.oldachparts.com/wp-content/uploads/2023/04/OLDP_00025.gif,,,,,,,,,0,,,,,,,,,,,0,29,90,1,,,,,,,,
314,simple,oldp-00026,"5/16"" Aluminum Corner for Screen Frame",1,0,visible,,"For 5/16"" oldp-00064 and oldp-00065 Screen Frames\n\nThis Aluminum Screen Frame Corner is designed to fit 3/4"" x 5/16"" (19 x 7.9 mm) oldp-00064 and oldp-00065 Series Screen Frames for miter cut applications. Minimum order is 100 each. Must be ordered in increments of 100.\n\n<strong>***SOLD IN INCREMENTS OF 100***</strong>",,,taxable,,1,,,0,0,,,,,1,,,31.00,"Window Screen Frame Corner",,,https://www.oldachparts.com/wp-content/uploads/2023/04/OLDP_00026.gif,,,,,,,,,0,,,,,,,,,,,0,29,90,0,,,,,,,,
315,simple,oldp-00027,"Aluminum Corner Screen Frame",1,0,visible,,"Slip-In Installation with No Tools Required\nFor 3/8"" oldp-00067 Screen Frame\n\nThis Aluminum Screen Frame Corner is designed to fit 3/4"" x 3/8"" (19 x 9.5 mm) oldp-00067 Series Screen Frames for miter cut applications. Minimum order is 100 each. Must be ordered in increments of 100.\n\n<strong>***SOLD IN INCREMENTS OF 100***</strong>",,,taxable,,1,,,0,0,,,,,1,,,31.00,"Window Screen Frame Corner",,,https://www.oldachparts.com/wp-content/uploads/2023/04/OLDP_00027.gif,,,,,,,,,0,,,,,,,,,,,0,29,90,0,,,,,,,,
316,simple,oldp-00028,"Aluminum Corner Screen Frame",1,0,visible,,"For 7/16"" oldp-00068 & oldp-00069 Screen Frame\n\nThis CRL Aluminum Screen Frame Corner is designed to fit 3/4"" x 7/16"" (19 x 11.1 mm) oldp-00068 & oldp-00069 Series Screen Frames for miter cut applications. Minimum order is 100 each. Must be ordered in increments of 100.\n\n<strong>***SOLD IN INCREMENTS OF 100***</strong>",,,taxable,,1,,,0,0,,,,,1,,,31.00,"Window Screen Frame Corner",,,https://www.oldachparts.com/wp-content/uploads/2023/04/OLDP_00028.gif,,,,,,,,,0,,,,,,,,,,,0,29,90,0,,,,,,,,
318,simple,oldp-00029,"7/16"" Aluminum Corner Screen Frames",1,0,visible,,"For 7/16"" (11.1 mm) oldp-00029 Screen Frame\nWill Not Fit oldp-00030 Extruded Frame\n\nThis Aluminum Screen Frame Corner is designed to fit 1"" x 7/16"" (25.4 x 11.1 mm) oldp-00029 Series Screen Frame for miter cut applications. This corner will not fit our oldp-00030 Series Extruded Frames. Minimum order is 100 each. Must be ordered in increments of 100.\n\n<strong>***SOLD IN INCREMENTS OF 100***</strong>",,,taxable,,1,,,0,0,,,,,1,,,40.00,"Window Screen Frame Corner",,,https://www.oldachparts.com/wp-content/uploads/2023/04/OLDP_00029.gif,,,,,,,,,0,,,,,,,,,,,0,29,90,0,,,,,,,,
319,simple,oldp-00031,"7/16"" Aluminum Corner Screen Frames",1,0,visible,,"For 7/16"" (11.1 mm)  Screen Frame\nRegular Duty\n\nThis Aluminum Screen Frame Corner is designed to fit oldp-00074 and oldp-00073 Series Screen Frames for miter cut applications.  Minimum order is 100 each. Must be ordered in increments of 100.\n\n<strong>***SOLD IN INCREMENTS OF 100***</strong>",,,taxable,,1,,,0,0,,,,,1,,,32.00,"Window Screen Frame Corner",,,https://www.oldachparts.com/wp-content/uploads/2023/04/OLDP_00031.gif,,,,,,,,,0,,,,,,,,,,,0,29,90,0,,,,,,,,
320,simple,oldp-00032,"7/16"" Aluminum Corner for Screen Frame",1,0,visible,,"For 7/16"" oldp-00072 Screen Frame\n\nThese Aluminum Screen Frame Corners are designed to fit 1-1/4"" x 7/16"" (31.7 x 11.1 mm) oldp-00072 Series Screen Frame for miter cut applications. Minimum order is 100 each. Must be ordered in increments of 100.\n\n<strong>***SOLD IN INCREMENTS OF 100***</strong>",,,taxable,,1,,,0,0,,,,,1,,,132.00,"Window Screen Frame Corner",,,https://www.oldachparts.com/wp-content/uploads/2023/04/OLDP_00032.gif,,,,,,,,,0,,,,,,,,,,,0,29,90,0,,,,,,,,
321,simple,oldp-00033,"5/16"" Aluminum Corner for Screen Frame",1,0,visible,,"For 3/8"" oldp-00079 Screen Frame\n\nThis Aluminum Screen Frame Corner is a designed to fit the 5/16"" (7.9 mm) oldp-00079 Series Reverse Pocket Lip Frame in miter cut applications. Minimum order is 100 corners. All bulk Screen Corners can be combined for quantity pricing.\n\n<strong>***SOLD IN INCREMENTS OF 100***</strong>",,,taxable,,1,,,0,0,,,,,1,,,42.00,"Window Screen Frame Corner",,,https://www.oldachparts.com/wp-content/uploads/2023/04/OLDP_00033.jpeg,,,,,,,,,0,,,,,,,,,,,0,29,90,0,,,,,,,,
322,simple,oldp-00034,"5/16"" Aluminum Corner for Screen Frame",1,0,visible,,"For  Miter Cut Frame\nSold In Packages of 100\n\nThese 5/16"" x 1"" Heavy Screen Frame Corner are made to fit Miter Cut screen Frame.\n\n<strong>***SOLD IN INCREMENTS OF 100***</strong>",,,taxable,,1,,,0,0,,,,,1,,,42.00,"Window Screen Frame Corner",,,https://www.oldachparts.com/wp-content/uploads/2023/04/OLDP_00033.gif,,,,,,,,,0,,,,,,,,,,,0,29,90,0,,,,,,,,
324,simple,oldp-00035,"1/4"" Square Cut Plastic Screen Frame Corners",1,0,visible,,"Eliminate Miter Cutting of Screen Frame\nQuick and Easy Push-In Installation\nFor 1/4"" oldp-00064 and oldp-00065 Screen Frame\n\nOur innovative Square Cut Screen Frame Corners are the latest in screen supplies. They save the time it takes to miter cut screen frame. Square Cut Corners are also simple to install: Just press them into the screen frame, and they hold snug and square. Made of high strength plastic, they will withstand years of exposure without corroding or distorting. Several colors are available to match these screen frames. Minimum order is 100 of one size and color. Must be ordered in increments of 100.\n\nAvailable in Gray, White, Bronze and Beige\n\n<strong>***SOLD IN INCREMENTS OF 100***</strong>",,,taxable,,1,,,0,0,,,,,1,,,24.00,"Window Screen Frame Corner",,,https://www.oldachparts.com/wp-content/uploads/2023/04/OLDP_00035.gif,,,,,,,,,0,,,,,,,,,,,0,29,90,0,,,,,,,,
335,variable,oldp-00036,"5/16"" Square Cut Plastic Screen Frame Corners",1,0,visible,,"Eliminate Miter Cutting of Screen Frame\nQuick and Easy Push-In Installation\nFor 5/16"" (8 mm) oldp-00064 and oldp-00065 Screen Frame\n\nOur innovative Square Cut Screen Frame Corners are the latest in screen supplies. They save the time it takes to miter cut screen frame. Square Cut Corners are also simple to install: Just press them into the screen frame, and they hold snug and square. Made of high strength plastic, they will withstand years of exposure without corroding or distorting. Several colors are available to choose from. Minimum order is 100 of one size and color. Must be ordered in increments of 100.\n\nAvailable in Gray, White, Bronze and Beige.\n<strong>***SOLD IN INCREMENTS OF 100***</strong>",,,taxable,,1,,,0,0,,,,,1,,,,"Window Screen Frame Corner",,,https://www.oldachparts.com/wp-content/uploads/2023/04/OLDD_00036.gif,,,,,,,,,0,Color,"Beige, Bronze, Gray, White",1,0,,,,,,,0,29,90,0,,,,,,,,
336,variation,,"5/16"" Square Cut Plastic Screen Frame Corners - Beige",1,0,visible,,,,,taxable,parent,1,,,0,0,,,,,0,,,24.00,,,,,,,oldp-00036,,,,,,1,Color,Beige,,0,,,,,,,,,,,,,,,,,,
337,variation,,"5/16"" Square Cut Plastic Screen Frame Corners - Bronze",1,0,visible,,,,,taxable,parent,1,,,0,0,,,,,0,,,24.00,,,,,,,oldp-00036,,,,,,2,Color,Bronze,,0,,,,,,,,,,,,,,,,,,
338,variation,,"5/16"" Square Cut Plastic Screen Frame Corners - Gray",1,0,visible,,,,,taxable,parent,1,,,0,0,,,,,0,,,24.00,,,,,,,oldp-00036,,,,,,3,Color,Gray,,0,,,,,,,,,,,,,,,,,,
339,variation,,"5/16"" Square Cut Plastic Screen Frame Corners - White",1,0,visible,,,,,taxable,parent,1,,,0,0,,,,,0,,,24.00,,,,,,,oldp-00036,,,,,,4,Color,White,,0,,,,,,,,,,,,,,,,,,
340,variable,oldp-00056,"Bottom Square Cut Plastic Screen Frame Corners",1,0,visible,,"Popular Square Cut Corner for Storm Door Screens\nQuick and Easy Push-In Installation\nFits oldp-00065 Series 5/16"" (7.9 mm) Screen Frame Only\n\nPlastic Square Cut Screen Frame Corners for storm door insert panels using oldp-00065 Series 5/16"" (7.9 mm) screen frame. Used with Cat. oldp-00057 Top Corners. Bottom Corners are non-handed. Available in packs of 20 each.\n\nAvailable in White in Brown.",,,taxable,,1,,,0,0,,,,,1,,,,"Window Screen Frame Corner",,,https://www.oldachparts.com/wp-content/uploads/2023/04/PL16158_42059.gif,,,,,,,,,0,Color,"White, Brown",1,0,,,,,,,0,29,90,1,,,,,,,,
341,variable,oldp-00037,"3/8"" Square Cut Plastic Screen Frame Corners",1,0,visible,,"Eliminate Miter Cutting of Screen Frame\nQuick and Easy Push-In Installation\nFits oldp-00066 Extruded Aluminum Frame\nFor 3/8"" (9.5 mm) oldp-00066 Screen Frame\n\nOur innovative Square Cut Screen Frame Corners are the latest in screen supplies. They save the time it takes to miter cut screen frame. Square Cut Corners are also simple to install: Just press them into the screen frame, and they hold snug and square. Made of high strength plastic, they will withstand years of exposure without corroding or distorting. Several colors are available to match the screen frames. Minimum order is 100 of one size and color. Must be ordered in increments of 100.\n\nAvailable in Bronze, Gray and White.\n\n<strong>***SOLD IN INCREMENTS OF 100***</strong>",,,taxable,,1,,,0,0,,,,,1,,,,"Window Screen Frame Corner",,,https://www.oldachparts.com/wp-content/uploads/2023/04/OLDP_00037.gif,,,,,,,,,0,Color,"Bronze, Gray, White",1,0,,,,,,,0,29,90,0,,,,,,,,
342,variation,,"3/8"" Square Cut Plastic Screen Frame Corners - Bronze",1,0,visible,,,,,taxable,parent,1,,,0,0,,,,,0,,,28.00,,,,,,,oldp-00037,,,,,,1,Color,Bronze,,0,,,,,,,,,,,,,,,,,,
343,variation,,"3/8"" Square Cut Plastic Screen Frame Corners - Gray",1,0,visible,,,,,taxable,parent,1,,,0,0,,,,,0,,,28.00,,,,,,,oldp-00037,,,,,,2,Color,Gray,,0,,,,,,,,,,,,,,,,,,
344,variation,,"3/8"" Square Cut Plastic Screen Frame Corners - White",1,0,visible,,,,,taxable,parent,1,,,0,0,,,,,0,,,28.00,,,,,,,oldp-00037,,,,,,3,Color,White,,0,,,,,,,,,,,,,,,,,,
347,variable,oldp-00038,"7/16"" Square Cut Plastic Screen Frame Corners",1,0,visible,,"Eliminate Miter Cutting of Screen Frame\nQuick and Easy Push-In Installation\nFor 7/16"" (11 mm) oldp-00068 and oldp-00069 Screen Frame\n\nOur innovative Square Cut Screen Frame Corners are the latest in screen supplies. They save the time it takes to miter cut screen frame. Square Cut Corners are also simple to install: Just press them into the screen frame, and they hold snug and square. Made of high strength plastic, they will withstand years of exposure without corroding or distorting. Come in several colors to match the screen frames. Minimum order is 100 of one size and color. Must be ordered in increments of 100.\n\nAvailable in Gray, White, Bronze and Beige.\n<strong>***SOLD IN INCREMENTS OF 100***</strong>",,,taxable,,1,,,0,0,,,,,1,,,,"Window Screen Frame Corner",,,https://www.oldachparts.com/wp-content/uploads/2023/04/OLDP-00038.gif,,,,,,,,,0,Color,"Beige, Bronze, Gray, White",1,0,,,,,,,0,29,90,0,,,,,,,,
348,variation,,"7/16"" Square Cut Plastic Screen Frame Corners - Beige",1,0,visible,,,,,taxable,parent,1,,,0,0,,,,,0,,,24.00,,,,,,,oldp-00038,,,,,,1,Color,Beige,,0,,,,,,,,,,,,,,,,,,
349,variation,,"7/16"" Square Cut Plastic Screen Frame Corners - Bronze",1,0,visible,,,,,taxable,parent,1,,,0,0,,,,,0,,,24.00,,,,,,,oldp-00038,,,,,,2,Color,Bronze,,0,,,,,,,,,,,,,,,,,,
350,variation,,"7/16"" Square Cut Plastic Screen Frame Corners - Gray",1,0,visible,,,,,taxable,parent,1,,,0,0,,,,,0,,,24.00,,,,,,,oldp-00038,,,,,,3,Color,Gray,,0,,,,,,,,,,,,,,,,,,
351,variation,,"7/16"" Square Cut Plastic Screen Frame Corners - White",1,0,visible,,,,,taxable,parent,1,,,0,0,,,,,0,,,24.00,,,,,,,oldp-00038,,,,,,4,Color,White,,0,,,,,,,,,,,,,,,,,,
353,simple,oldp-00041,"Adjustable Plastic Screen Frame Corners",1,0,visible,,"Ideal for Hex or Octagonal Screens\nFits oldp-00068 and oldp-00069 Screen Frames\n\nAdjustable Screen Frame Corners are riveted together to allow the two legs to swivel. Ideal for making hex or octagonal screens, or for attaching radius top screens to rectangular bottoms. These plastic corners fit 3/4"" x 7/16"" (19 x 11.1 mm) Cat. Nos. oldp-00068 and oldp-00069 miter cut screen frame.",,,taxable,,1,,,0,0,,,,,1,,,19.99,"Window Screen Frame Corner",,,https://www.oldachparts.com/wp-content/uploads/2023/04/OLDP_00041.gif,,,,,,,,,0,,,,,,,,,,,0,29,90,0,,,,,,,,
354,variable,oldp-00046,"Mobile Home Plastic Screen Frame Corners",1,0,visible,,"Fits 5/8"" x 1/4"" (15.9 x 6.3 mm) Screen Frame\nReplacement Corners for Mobile Home Screen Frames\nSquare Cut\n\nThese plastic square cut Mobile Home Screen Frame Corners fit 5/8"" x 1/4"" (15.9 x 6.3 mm) screen frames popular on mobile homes years ago. Unfortunately the frame is no longer available. These Corners are for replacing existing broken corners. Available in two colors. Available in packs of 20 each\n\nAvailable in Gray and White.",,,taxable,,1,,,0,0,,,,,1,,,,"Window Screen Frame Corner",,,https://www.oldachparts.com/wp-content/uploads/2023/04/OLDP_00046.gif,,,,,,,,,0,Color,"Gray, White",1,0,,,,,,,0,29,90,0,,,,,,,,
355,variation,,"Mobile Home Plastic Screen Frame Corners - Gray",1,0,visible,,,,,taxable,parent,1,,,0,0,,,,,0,,,8.88,,,,,,,oldp-00046,,,,,,1,Color,Gray,,0,,,,,,,,,,,,,,,,,,
356,variation,,"Mobile Home Plastic Screen Frame Corners - White",1,0,visible,,,,,taxable,parent,1,,,0,0,,,,,0,,,8.88,,,,,,,oldp-00046,,,,,,2,Color,White,,0,,,,,,,,,,,,,,,,,,
358,variable,oldp-00047,"Pella Style Plastic Screen Frame Corners",1,0,visible,,"Fits 3/4"" (19 mm) Pella Window Screen Frame\nAvailable in Three Pella Colors\n\nPella 3/4"" x 7/16"" (19 x 11.1 mm) Plastic Screen Frame Corners fit Pella 3/4"" (19 mm) miter cut screen frame. 20 per pack.\n\nAvailable in Tan, White, and Bronze",,,taxable,,1,,,0,0,,,,,1,,,,"Window Screen Frame Corner",,,https://www.oldachparts.com/wp-content/uploads/2023/04/OLDP_00047.gif,,,,,,,,,0,Color,"Bronze, Tab / Beige, White",1,0,,,,,,,0,29,90,0,,,,,,,,
359,variation,,"Pella Style Plastic Screen Frame Corners - Bronze",1,0,visible,,,,,taxable,parent,1,,,0,0,,,,,0,,,17.88,,,,,,,oldp-00047,,,,,,1,Color,Bronze,,0,,,,,,,,,,,,,,,,,,
360,variation,,"Pella Style Plastic Screen Frame Corners - Tab / Beige",1,0,visible,,,,,taxable,parent,1,,,0,0,,,,,0,,,17.88,,,,,,,oldp-00047,,,,,,2,Color,"Tab / Beige",,0,,,,,,,,,,,,,,,,,,
361,variation,,"Pella Style Plastic Screen Frame Corners - White",1,0,visible,,,,,taxable,parent,1,,,0,0,,,,,0,,,17.88,,,,,,,oldp-00047,,,,,,3,Color,White,,0,,,,,,,,,,,,,,,,,,
362,simple,oldp-00049,"Plastic Mitered Lip Frame Corners",1,0,visible,,"For 5/16"" (7.9 mm)  Screen Lip Frame\n\nThese CRL Plastic Miter Screen Frame Corners work with  Lip Frames. The screen frame is designed to fit our 5/16"" (7.9 mm)  Screen Lip Frames for miter cut applications. Minimum order is 100 each. Must be ordered in increments of 100.\n\n<strong>***SOLD IN INCREMENTS OF 100***</strong>",,,taxable,,1,,,0,0,,,,,1,,,50.8,"Window Screen Frame Corner",,,https://www.oldachparts.com/wp-content/uploads/2023/04/OLDP_00049.gif,,,,,,,,,0,,,,,,,,,,,0,29,90,0,,,,,,,,
363,variable,oldp-00052,"Plastic Square Lip Frame Corners",1,0,visible,,"Eliminate Miter Cutting of Screen Frame\nCorner has 5/16"" (7.9 mm) Lip to Match Frame\n\nThese CRL Square Cut Plastic Screen Frame Corners work with Cat. No. oldp-00039 Lip Frame. These screen frame which this corner fits is 3/8"" (9.5 mm) thick frame and has a 5/16"" (7.9 mm) wide lip to match the frame.\n\nAvailable in White and Bronze.\n\n***SOLD IN INCREMENTS OF 100***",,,taxable,,1,,,0,0,,,,,1,,,,"Window Screen Frame Corner",,,https://www.oldachparts.com/wp-content/uploads/2023/04/OLDP-00052.gif,,,,,,,,,0,Color,"Bronze, White",1,0,,,,,,,0,29,90,0,,,,,,,,
364,variation,,"Plastic Square Lip Frame Corners - Bronze",1,0,visible,,,,,taxable,parent,1,,,0,0,,,,,0,,,44.88,,,,,,,oldp-00052,,,,,,1,Color,Bronze,,0,,,,,,,,,,,,,,,,,,
365,variation,,"Plastic Square Lip Frame Corners - White",1,0,visible,,,,,taxable,parent,1,,,0,0,,,,,0,,,44.88,,,,,,,oldp-00052,,,,,,2,Color,White,,0,,,,,,,,,,,,,,,,,,
366,simple,oldp-00053,"Slide Lock Square Plastic Screen Frame Corners",1,0,visible,,"Slide Lock Keeps Corner Tight\nFits 5/16"" (7.9 mm) Screen Frame\nFor Better Built Windows\n\nPlastic Square Cut Screen Frame Corner with Slide Lock fits Better Built Windows. This corner has a plastic slide lock, (the black slide lock is shown for ease of visualization); 1/8"" (3.2 mm) tall post keeps corner tight within window frame. For use with 5/16"" (7.9 mm) screen frame. A set consists of one Corner and one slide lock.\n\nPackage contains 20 sets.",,,taxable,,1,,,0,0,,,,,1,,,23.25,"Window Screen Frame Corner",,,https://www.oldachparts.com/wp-content/uploads/2023/04/OLDP-00053.gif,,,,,,,,,0,,,,,,,,,,,0,29,90,0,,,,,,,,
367,variable,oldp-00054,"5/16"" Square Cut With Lift Tab Plastic Screen Frame Corners",1,0,visible,,"Available for 5/16"" or 7/16"" (7.9 or 11.1 mm) Screen Frame\nConvenient Built-In Lift Tabs\nThree Colors To Choose From\n\nSquare Cut Screen Frame Corners With Lift Tabs eliminates the need to add a separate lift tab, which will save time and money in the long run. Sold in increments of 100 only.\n\nAvailable in White, Bronze, and Gray.\n\n<strong>***SOLD IN INCREMENTS OF 100***</strong>",,,taxable,,1,,,0,0,,,,,1,,,,"Window Screen Frame Corner",,,https://www.oldachparts.com/wp-content/uploads/2023/04/OLDP-00054.gif,,,,,,,,,0,Color,"Bronze, Gray, White",1,0,,,,,,,0,29,90,1,,,,,,,,
368,variation,,"5/16"" Square Cut With Lift Tab Plastic Screen Frame Corners - Bronze",1,0,visible,,,,,taxable,parent,1,,,0,0,,,,,0,,,35.00,,,,,,,oldp-00054,,,,,,1,Color,Bronze,,0,,,,,,,,,,,,,,,,,,
369,variation,,"5/16"" Square Cut With Lift Tab Plastic Screen Frame Corners - Gray",1,0,visible,,,,,taxable,parent,1,,,0,0,,,,,0,,,35.00,,,,,,,oldp-00054,,,,,,2,Color,Gray,,0,,,,,,,,,,,,,,,,,,
370,variation,,"5/16"" Square Cut With Lift Tab Plastic Screen Frame Corners - White",1,0,visible,,,,,taxable,parent,1,,,0,0,,,,,0,,,35.00,,,,,,,oldp-00054,,,,,,3,Color,White,,0,,,,,,,,,,,,,,,,,,
378,variable,oldp-00055,"7/16"" Square Cut With Lift Tab Plastic Screen Frame Corners",1,0,visible,,"Available for 5/16"" or 7/16"" (7.9 or 11.1 mm) Screen Frame\nConvenient Built-In Lift Tabs\nThree Colors To Choose From\n\nSquare Cut Screen Frame Corners With Lift Tabs eliminates the need to add a separate lift tab, which will save time and money in the long run. Sold in increments of 100 only.\n\nAvailable in White , Gray and Bronze.\n\n***SOLD IN INCREMENTS OF 100***",,,taxable,,1,,,0,0,,,,,1,,,,"Window Screen Frame Corner",,,https://www.oldachparts.com/wp-content/uploads/2023/04/OLDP-00054.gif,,,,,,,,,0,Color,"Bronze, Gray, White",1,0,,,,,,,0,29,90,0,,,,,,,,
379,variation,,"7/16"" Square Cut With Lift Tab Plastic Screen Frame Corners - Bronze",1,0,visible,,,,,taxable,parent,1,,,0,0,,,,,0,,,35.00,,,,,,,oldp-00055,,,,,,1,Color,Bronze,,0,,,,,,,,,,,,,,,,,,
380,variation,,"7/16"" Square Cut With Lift Tab Plastic Screen Frame Corners - Gray",1,0,visible,,,,,taxable,parent,1,,,0,0,,,,,0,,,35.00,,,,,,,oldp-00055,,,,,,2,Color,Gray,,0,,,,,,,,,,,,,,,,,,
381,variation,,"7/16"" Square Cut With Lift Tab Plastic Screen Frame Corners - White",1,0,visible,,,,,taxable,parent,1,,,0,0,,,,,0,,,35.00,,,,,,,oldp-00055,,,,,,3,Color,White,,0,,,,,,,,,,,,,,,,,,
383,variation,,"Bottom Square Cut Plastic Screen Frame Corners - White",1,0,visible,,,,,taxable,parent,1,,,0,0,,,,,0,,,22.88,,,,,,,oldp-00056,,,,,,1,Color,White,,0,,,,,,,,,,,,,,,,,,
384,variation,,"Bottom Square Cut Plastic Screen Frame Corners - Brown",1,0,visible,,,,,taxable,parent,1,,,0,0,,,,,0,,,22.88,,,,,,,oldp-00056,,,,,,2,Color,Brown,,0,,,,,,,,,,,,,,,,,,
386,variable,oldp-00057,"Top Square Cut Plastic Screen Frame Corners",1,0,visible,,"Popular Square Cut Corner for Storm Door Screens\nQuick and Easy Push-In Installation\nFits oldp-00065 Series 5/16"" (7.9 mm) Screen Frame Only\n\nCRL Plastic Square Cut Screen Frame Corners for storm door insert panels using oldp-00065 series 5/16"" (7.9 mm) screen frame. Corners have a retainer pin, and come left and right hand, 10 pair per pack. The pin was redesigned to half round to prevent breakage during installation. 10 pair per pack.\n\nAvailable in White and Brown",,,taxable,,1,,,0,0,,,,,1,,,,"Window Screen Frame Corner",,,https://www.oldachparts.com/wp-content/uploads/2023/04/OLDP-00057.gif,,,,,,,,,0,Color,"White, Brown",1,0,,,,,,,0,29,90,0,,,,,,,,
387,variation,,"Top Square Cut Plastic Screen Frame Corners - White",1,0,visible,,,,,taxable,parent,1,,,0,0,,,,,0,,,18.88,,,,,,,oldp-00057,,,,,,1,Color,White,,0,,,,,,,,,,,,,,,,,,
388,variation,,"Top Square Cut Plastic Screen Frame Corners - Brown",1,0,visible,,,,,taxable,parent,1,,,0,0,,,,,0,,,18.88,,,,,,,oldp-00057,,,,,,2,Color,Brown,,0,,,,,,,,,,,,,,,,,,
389,simple,oldp-00058,"7/16"" x 3/4"" Frame Metal Mitered Corner",1,0,visible,,"Fits 7/16"" x 3/4"" (11.1 x 19 mm) Screen Frame\n\nOur Screen Frame Corners are just the thing to keep screen frames square and sturdy. Corners are made to fit specific Screen Frame sections. Available in packages of 100 or cases of 1000. The minimum order quantity and order increments are 100.\n\n***SOLD IN INCREMENTS OF 100***",,,taxable,,1,,,0,0,,,,,1,,,20.32,"Window Screen Frame Corner",,,https://www.oldachparts.com/wp-content/uploads/2023/04/OLDP-00058.gif,,,,,,,,,0,,,,,,,,,,,0,29,90,0,,,,,,,,
390,variable,oldp-00059,"3/8"" x 3/4"" Square Cut Screen Frame Corner",1,0,visible,,"Eliminate Miter Cutting of Screen Frame\nQuick and Easy Push-In Installation\n\nOur innovative Square Cut Screen Frame Corners are the latest in screen supplies. They save the time it takes to miter cut screen frame. Square Cut Corners are also simple to install: just press them into the screen frame, and they hold snug and square. Made of high strength plastic, they will withstand years of exposure without corroding or distorting. Bronze, gray, and white colors are available to match Screen Frames\n\nAvailable in White, Gray and Bronze\n\n<strong>***SOLD IN INCREMENTS OF 100***</strong>",,,taxable,,1,,,0,0,,,,,1,,,,"Window Screen Frame Corner",,,https://www.oldachparts.com/wp-content/uploads/2023/04/OLDP-00059.gif,,,,,,,,,0,Color,"Bronze, Gray, White",1,0,,,,,,,0,29,90,0,,,,,,,,
391,variation,,"3/8"" x 3/4"" Square Cut Screen Frame Corner - Bronze",1,0,visible,,,,,taxable,parent,1,,,0,0,,,,,0,,,12.00,,,,,,,oldp-00059,,,,,,1,Color,Bronze,,0,,,,,,,,,,,,,,,,,,
392,variation,,"3/8"" x 3/4"" Square Cut Screen Frame Corner - Gray",1,0,visible,,,,,taxable,parent,1,,,0,0,,,,,0,,,12.00,,,,,,,oldp-00059,,,,,,2,Color,Gray,,0,,,,,,,,,,,,,,,,,,
393,variation,,"3/8"" x 3/4"" Square Cut Screen Frame Corner - White",1,0,visible,,,,,taxable,parent,1,,,0,0,,,,,0,,,12.00,,,,,,,oldp-00059,,,,,,3,Color,White,,0,,,,,,,,,,,,,,,,,,
394,variable,oldp-00060,"7/16"" x 1"" Plastic Square Screen Corners",1,0,visible,,"Eliminate Miter Cutting of Screen Frame\nQuick and Easy Push-In Installation\n\nOur innovative Square Cut Screen Frame Corners are the latest in screen supplies. They save the time it takes to miter cut screen frame. Square Cut Corners are also simple to install: just press them into the screen frame, and they hold snug and square. Made of high strength plastic, they will withstand years of exposure without corroding or distorting. Bronze, gray, colors are available to match Screen Frames.\n\nAvailable in Bronze and Gray\n\n<strong>***SOLD IN INCREMENTS OF 100***</strong>",,,taxable,,1,,,0,0,,,,,1,,,,"Window Screen Frame Corner",,,https://www.oldachparts.com/wp-content/uploads/2023/04/OLDP-00060.gif,,,,,,,,,0,Color,"Bronze, Gray",1,0,,,,,,,0,29,90,0,,,,,,,,
395,variation,,"7/16"" x 1"" Plastic Square Screen Corners - Bronze",1,0,visible,,,,,taxable,parent,1,,,0,0,,,,,0,,,50.00,,,,,,,oldp-00060,,,,,,1,Color,Bronze,,0,,,,,,,,,,,,,,,,,,
396,variation,,"7/16"" x 1"" Plastic Square Screen Corners - Gray",1,0,visible,,,,,taxable,parent,1,,,0,0,,,,,0,,,50.00,,,,,,,oldp-00060,,,,,,2,Color,Gray,,0,,,,,,,,,,,,,,,,,,
397,variable,oldp-00061,"7/16"" x 3/4"" Plastic Square Screen Corners",1,0,visible,,"Eliminate Miter Cutting of Screen Frame\nQuick and Easy Push-In Installation\n\nOur innovative Square Cut Screen Frame Corners are the latest in screen supplies. They save the time it takes to miter cut screen frame. Square Cut Corners are also simple to install: just press them into the screen frame, and they hold snug and square. Made of high strength plastic, they will withstand years of exposure without corroding or distorting. Bronze, gray, and white colors are available to match Screen Frames.",,,taxable,,1,,,0,0,,,,,1,,,,"Glazing Bead",,,https://www.oldachparts.com/wp-content/uploads/2023/04/OLDP-00061.gif,,,,,,,,,0,Color,"Bronze, Gray, White",1,0,,,,,,,0,,90,0,,,,,,,,
398,variation,,"7/16"" x 3/4"" Plastic Square Screen Corners - Bronze",1,0,visible,,,,,taxable,parent,1,,,0,0,,,,,0,,,18.00,,,,,,,oldp-00061,,,,,,1,Color,Bronze,,0,,,,,,,,,,,,,,,,,,
399,variation,,"7/16"" x 3/4"" Plastic Square Screen Corners - Gray",1,0,visible,,,,,taxable,parent,1,,,0,0,,,,,0,,,18.00,,,,,,,oldp-00061,,,,,,2,Color,Gray,,0,,,,,,,,,,,,,,,,,,
400,variation,,"7/16"" x 3/4"" Plastic Square Screen Corners - White",1,0,visible,,,,,taxable,parent,1,,,0,0,,,,,0,,,18.00,,,,,,,oldp-00061,,,,,,3,Color,White,,0,,,,,,,,,,,,,,,,,,
401,simple,"LEE-19015 900 19179 PT3 TL","Oldach Window Slide Latch Assembly Parts For Tilt Out Window Sash",1,0,visible,"Oldach Window Slide Latch Assembly Parts For Tilt Out Window Sash - Six (6) Pairs Only.","Oldach Window Slide Latch Assembly Parts For Tilt Out Window Sash - Six (6) Pairs Only.\n\nItem Number:  OLDACH - LEE-19015 / 900-19179 PolyTex Type 3, THUMB BUTTON ASSEMBLY / WHITE  with FT-28S Slide Bolt Spring Units - Priced Per Pair and Ordered Under Our Small Parts Order Program - Orders Not Meeting Minimum of 12 PAIRS - our ""Small Parts Program Order""  normally placed every 3-4 weeks as we accumulate and pool together other small orders and combine with our larger parts orders to satisfy supplier requirements.   ",,,taxable,,1,,,0,0,,,,,1,,,45.15,"Repair Restoration Parts, Window Sash Latches Locks",,,https://www.oldachparts.com/wp-content/uploads/2023/03/OLD_TL_1-rotated.jpeg,,,,,,,,,0,,,,,,,,,,,0,30,90,1,,,,,,,,
402,simple,olwcb-0001,"Oldach Window Channel Balance Sash Spring Units | Single Hung Oldach Window Parts",1,0,visible,"Oldach Model Windows - window balances, OEM Replacement Type Parts - features a heat treated, high tension steel spring and is designed for use on your Oldach Sash Windows.","Oldach Model Windows - window balances, OEM Replacement Type Parts - features a heat treated, high tension steel spring and is designed for use on your Oldach Sash Windows. If you have doubts or questions about measuring, sash weights, sizes etc. please send pictures of your old unit and other information to: Info@WeFixItUSA.com\n<ul>\n 	<li>Please specify Shoe Style and all ""stampings"" from your window balance.</li>\n 	<li>Block and tackle, Spring Balance or Tube Spral Balance Styles</li>\n 	<li>Heat treated high tension steel spring</li>\n 	<li>Aluminum channel housings</li>\n 	<li>Note: top and bottom guide shoes are included with this item and must be ordered together</li>\n 	<li>MINIMUM ORDER CONSISTS OF Two (2) Pairs _ Same Number etc.</li>\n</ul>\nGOT QUESTIONS? .. send some pictures to: Info@WeFixItUSA.com",,,taxable,,1,,,0,0,,,,,1,,,90.3,"Fabrication Replacement Parts",,,"https://www.oldachparts.com/wp-content/uploads/2023/04/balance_2_0.jpeg, https://www.oldachparts.com/wp-content/uploads/2023/04/balance_1_0.jpeg",,,,,,,,,0,,,,,,,,,,,0,31,90,1,,,,,,,,
405,simple,ODCG-HW4812-T,"48"" x 12"" Bowblind Archery Blind Vertical Units with Side Swing Hinge - Tinted",1,0,visible,"This is the most popular for use in Bow Hunting Blinds and and Bowhunter Stands, Archery Deer Hunter Blinds","This is the most popular for use in Bow Hunting Blinds and and Bowhunter Stands, Archery Deer Hunter Blinds\n\nThis is the 48” x 12” GRAY TINTED GLASS - Hinged, Flips Open Side-to-Side for Bow Hunter and Shoy Access. This Bow Window is economical for bow hunting stands and blinds. Fully weather-stripped, aluminum frame, double strength ""tinted"" marine glazed glass; Protection from bugs and wasps, a great wind break, allows access to the entire opening, Hinged, and can be mounted in different positions - flip up, flip down, OR flip left or right. Most  desired for vertical opening bow hunting blinds. Other Standard Sizes available in this section. Grey Tinted Glass Optional.",,,taxable,,1,,,0,0,,,,,1,,,71.11,"Deer Blind Stand Windows",,,"https://www.oldachparts.com/wp-content/uploads/2023/04/DeerBlind_win12LG.jpeg, https://www.oldachparts.com/wp-content/uploads/2023/04/DV_5.jpeg",,,,,,,,,0,,,,,,,,,,,0,32,90,0,,,,,,,,
416,simple,OD-3072DK-L,"RV Style Deerblind Deerstand KD Door Kit with Locking Handle | 30"" x 72""",1,0,visible,"<strong>Deerblind XRVG-3 Blind Door Kit</strong>: This heavy gauge aluminum frame kit, with a 1 3/8” thickness and 3 1/4” door stile panel width, includes a key lock and locking handle. It is adaptable for various door sizes and comes with five hinges, solid aluminum gussets, weather stripping, and an adjustable door-bottom threshold expander. <strong>Note</strong>: Pressure-treated outdoor plywood is recommended but not included.","The Deerblind and deer hunt stand deer blind XRVG-3 Blind Door Kit - has a 1 3/8” thickness, and the door stile panel width is 3 1/4” - this heavy gauge aluminum frame kit comes ready for you to assemble ( you save on shipping ) and insert the plywood that you buy locally .. KEY LOCK / Locking Handle Included. 30"" W x 72"" standard Kit Size - this can be adapted for 30"" x 60"" Doors, and other custom sizes by cutting down size;\n\nNOTE: This door kit assembly has five (5) hinges and solid aluminum gussets in the corners. The door kit is fully weather stripped and has an adjustable door-bottom threshold expander with dual vinyl sweeps that can expand up to three (3) inches. Pressure Treated Outdoor Use Plywood is strongly recommended ( not included in kit ) However, be careful not to confuse the words “outdoor,” “exterior,” and “pressure treated” to all mean the same thing. In many cases, they’re not. Some types of outdoor plywood can withstand years of direct exposure to rain and snow - this is the one you want! For that little extra visibility you can add one of several window options.",,,taxable,,1,,,0,0,,,,,1,,,374.78,"Deer Blind Stand Windows","deer blind stand, deer hunting, Door Kit",,"https://www.oldachparts.com/wp-content/uploads/2023/04/DVDoor_1.jpg, https://www.oldachparts.com/wp-content/uploads/2023/04/DVDoor_43.jpeg",,,,,"OD-ALU-9TP, oddwp-00016, ODTS-16BBT, ODCG-HW4812-T","OD-ALU-9TP, oddwp-00016, ODTS-16BBT, ODCG-HW4812-T",,,0,,,,,,,,,,,0,32,60,1,,,,,,,,
417,simple,ODTS-16BBT,"Big View DeerBlind RifleBlind Door Window Unit - 16"" Slider Window Tinted",1,0,visible,"The <strong>Big View DeerBlind RifleBlind Door Window Unit</strong> is a <strong>16"" slider window</strong> with tinted glass, designed for deer hunting blinds. It features an aluminum frame, twin sash slider, and a latch mechanism for secure closure, providing excellent visibility and weather protection","Deer Blind Door Slider Window Unit, 16"" W x 11.5' H OUTSIDE DOOR MOUNTING, TINTED GLASS X3 MODEL - gives that extra edge when it comes to looking out of your blind - Deer Hunting Blind Door Window. Aluminum Framed, Horizontal operating slide window. Twin sash slider, these units come with double strength marine grade glazing. open/close for inclement weather, excellent style for rifle blinds and shooting towers. Latch mechanism to lock the window shut.",,,taxable,,1,,,0,0,,,,,1,,,66.99,"Deer Blind Stand Windows","aluminum deer blind, blind window, deer blind stand, deer hunting, EZ open",,https://www.oldachparts.com/wp-content/uploads/2023/04/alum_4.jpeg,,,,,"OD-ALU-9TP, oddwp-00016, OD-3072DK-L, ODCG-HW4812-T","OD-ALU-9TP, oddwp-00016, OD-3072DK-L, ODCG-HW4812-T",,,0,,,,,,,,,,,0,32,90,1,,,,,,,,
418,simple,oddwp-00016,"Hunting Blind Stand Windows - Aluminum Frame",1,0,visible,,"<strong>“Sturdy Aluminum-Framed Deer Blind Window Stand”</strong>\n\nOur deer blind window stand combines durability and functionality. Crafted with precision, the aluminum frame ensures stability and longevity. Whether you’re a seasoned hunter or a beginner, this stand provides optimal visibility and concealment. Elevate your hunting experience with our reliable aluminum-framed design.\n\nExplore our range of deer blind products, including DeerVue Blind Windows and doors. From durable parts to window EZ Slide tracks and QT Quiet Slide Bypass Track Parts, we’ve got you covered. Buy directly from us and save. Plus, our weather seal strips ensure optimal performance in any conditions.\n\nNeed HELP?! Reach out to us info@oldachparts.com",,,taxable,,1,,,0,0,,,,,1,,,29.34,"Deer Blind Stand Windows","aluminum frame, blind window, deer hunting, EZ open, fold down window, hinged window, silent hinges, sliding window, Turkey Hunting",,https://www.oldachparts.com/wp-content/uploads/2023/04/DBS_Win2.jpg,,,,,,,,,0,,,,,,,,,,,0,32,90,1,,,,,,"Hunting Blind Stand Windows Aluminum Frame","“Enhance Your Hunting Blind Stand windows with Aluminum Framed” Choose from sliding, fold-down, or hinged options. Our aluminum-framed windows offer durability, quiet operation, and essential concealment. Perfect for avid hunters seeking quality and functionality.",43
420,variable,OD-ALU-9TP,"Plexi-Glass or Lexan Deer Blind and Stand ""Retro-Fit"" Aluminum Window Channel Track",1,0,visible,"Got Questions? Not sure what you need? Feel free to email: info@oldach\n\nNOT SURE WHAT YOU NEED?!? EMAIL PICTURES AND WE WILL GET YOU TAKEN CARE OF!","Transform your hunting blind with our Plexi-Glass or Lexan Deer Blind and Stand ""Retro-Fit"" Aluminum Window Channel Track Kit. This kit includes 60 lineal feet of track, enough for eight average windows measuring 36"" x 12"". Designed for single-channel sliding windows, it accommodates 1/8"" thick Plexiglass or Lexan.\n\n<strong>Key Features:</strong>\n<ul>\n 	<li><strong>Versatile Sizing:</strong> For a 36"" wide window, use two pieces of 1/8"" plexiglass, each measuring approximately 20""-22"" wide, allowing for an overlap in the center for easy sliding left or right.</li>\n 	<li><strong>Special Order Item:</strong> Ships within 5-9 working days after receipt of order (A.R.O.).</li>\n 	<li><strong>Available Lengths:</strong> Standard lengths are nominal 72"". Other available lengths are 48"" and 36"". Please see our other listings for more options.</li>\n 	<li><strong>Durable Material:</strong> Made from aluminum cut from 12' stock lengths with a mill finish. The finish is dull and non-shiny, and pieces may have minor scratches or die lines due to the extrusion process. Note: Plexiglass or Lexan is not included.</li>\n 	<li><strong>Easy Installation:</strong> Simple to install inside or outside of your hunting blind. Aluminum construction ensures long-lasting durability and rust resistance.</li>\n 	<li><strong>Retrofit or New Build:</strong> Perfect for retrofitting existing deer blinds or completing new ones.</li>\n 	<li><strong>Special Cut Product:</strong> Please note this is a special order and special cut product, and it is non-returnable.</li>\n</ul>\n<strong>Bonus:</strong>\n<ul>\n 	<li><strong>FREE Plans PDF:</strong> Included with your purchase, get a free PDF with plans for building your own deer blind windows.</li>\n</ul>",,,taxable,,1,,,0,0,,,,,1,,,,"Deer Blind Stand Windows, Replacement Hardware Parts, Replacement Window Parts - All Brands","aluminum deer blind, deer blind stand, retro fit, slider window track kit, Window Channel Track kit",,"https://www.oldachparts.com/wp-content/uploads/2023/04/HS_ALU_1-8_b.jpeg, https://www.oldachparts.com/wp-content/uploads/2023/04/HS_ALU_1-8_GL.jpeg, https://www.oldachparts.com/wp-content/uploads/2023/04/HS_ALU_1-8.jpeg, https://www.oldachparts.com/wp-content/uploads/2023/04/DB_Win1_FPL.jpg",,,,,,,,,0,Length,"72"", 48"", 36""",1,0,"72""",,,,,,0,32,90,2,,,,,,"deer blind retro fit aluminum window channel",,49
422,simple,OD-DBW-36,"Aluminum Deer Blind Stand Slider Window Channel Track Kit - 36'",1,0,visible,,"Enhance your hunting blind with our Aluminum Deer Blind Slider Window Channel Track Kit. This kit includes 36 lineal feet of track, sufficient for four average windows. Designed for single-channel sliding windows, it accommodates 1/8"" thick Plexiglass or Lexan.\n\n<strong>Key Features:</strong>\n<ul>\n 	<li><strong>Versatile Sizing:</strong> For a 36"" wide window, use two pieces of 1/8"" plexiglass measuring approximately 20""-22"" wide each, allowing an overlap in the center for easy sliding left or right.</li>\n 	<li><strong>Special Order Item:</strong> Ships within 5-9 working days after receipt of order (A.R.O.).</li>\n 	<li><strong>Available Lengths:</strong> Standard length is 72"" per piece. Other available lengths are 48"" and 36"". Please see our other listings for more options.</li>\n 	<li><strong>Durable Material:</strong> Made from aluminum cut from 12' stock lengths with a mill finish. The finish is dull and non-shiny, and pieces may have minor scratches or die lines due to the extrusion process.</li>\n 	<li><strong>Easy Installation:</strong> Simple to install inside or outside of your hunting blind. Aluminum construction ensures long-lasting durability and rust resistance.</li>\n 	<li><strong>Retrofit or New Build:</strong> Perfect for retrofitting existing deer blinds or completing new ones.</li>\n 	<li><strong>Special Cut Product:</strong> Please note this is a special order and special cut product, and it is non-returnable.</li>\n</ul>\n<strong>Bonus:</strong>\n<ul>\n 	<li><strong>FREE Plans PDF:</strong> Included with your purchase, get a free PDF with plans for building your own deer blind windows.</li>\n</ul>",,,taxable,,1,,,0,0,,,,,1,,,129.33,"Deer Blind Stand Windows","aluminum deer blind, deer blind stand, slider window track kit, Window Channel Track kit",,"https://www.oldachparts.com/wp-content/uploads/2023/04/HS_ALU_1-8_b.jpeg, https://www.oldachparts.com/wp-content/uploads/2023/04/HS_ALU_1-8_GL.jpeg, https://www.oldachparts.com/wp-content/uploads/2023/04/HS_ALU_1-8.jpeg, https://www.oldachparts.com/wp-content/uploads/2023/04/DB_Win1_FPL.jpg",,,,,,,,,0,,,,,,,,,,,0,32,90,2,,,,,,"Deer Blind Window channel track kit",,53
826,variation,,"Plexi-Glass or Lexan Deer Blind and Stand ""Retro-Fit"" Aluminum Window Channel Track - 72""",1,0,visible,,,,,taxable,parent,1,,,0,0,,,,,0,,,228.88,,,,,,,OD-ALU-9TP,,,,,,1,Length,"72""",,0,,,,,,,,,,,,,,,,,,
827,variation,,"Plexi-Glass or Lexan Deer Blind and Stand ""Retro-Fit"" Aluminum Window Channel Track - 48""",1,0,visible,,,,,taxable,parent,1,,,0,0,,,,,0,,,218.88,,,,,,,OD-ALU-9TP,,,,,,2,Length,"48""",,0,,,,,,,,,,,,,,,,,,
828,variation,,"Plexi-Glass or Lexan Deer Blind and Stand ""Retro-Fit"" Aluminum Window Channel Track - 36""",1,0,visible,,,,,taxable,parent,1,,,0,0,,,,,0,,,208.88,,,,,,,OD-ALU-9TP,,,,,,3,Length,"36""",,0,,,,,,,,,,,,,,,,,,
