category,product_name,product_url,base_sku,base_price_text,description,image_urls,base_attributes_json,variation_sku,variation_price,variation_attributes_json
Wood Window Parts - Other Brands(101),.300 Kerf Insert Weather-Strip Seal,https://truthentrygard.com/product/300-kerf-insert-weather-strip-seal/,TEG-LPB-713.,$ 0.00,Got Questions? Not sure what you need? Feel free to email: info@truthentrygard.com NOT SURE WHAT YOU NEED?!? EMAIL PICTURES AND WE WILL GET YOU TAKEN CARE OF!,,{},,,
Wood Window Parts - Other Brands(101),1 3/8″ Aluminum Divided Lite Muntin Bar with Tape,https://truthentrygard.com/product/1-3-8-aluminum-divided-lite-muntin-bar-with-tape/,TEG-bbrp-00055,$ 23.88,"**For questions or concerns, please contact info@truthentrygard.com",,"{""Length"": ""1', 2', 3', 4', 5', 6'"", ""Color"": ""White, Dark Bronze, Sandstone""}",TEG-bbrp-00055,23.88,"{""attribute_length"": ""1'"", ""attribute_color"": ""White""}"
Wood Window Parts - Other Brands(101),1 3/8″ Aluminum Divided Lite Muntin Bar with Tape,https://truthentrygard.com/product/1-3-8-aluminum-divided-lite-muntin-bar-with-tape/,TEG-bbrp-00055,$ 23.88,"**For questions or concerns, please contact info@truthentrygard.com",,"{""Length"": ""1', 2', 3', 4', 5', 6'"", ""Color"": ""White, Dark Bronze, Sandstone""}",TEG-bbrp-00055,23.88,"{""attribute_length"": ""1'"", ""attribute_color"": ""Dark Bronze""}"
Wood Window Parts - Other Brands(101),1 3/8″ Aluminum Divided Lite Muntin Bar with Tape,https://truthentrygard.com/product/1-3-8-aluminum-divided-lite-muntin-bar-with-tape/,TEG-bbrp-00055,$ 23.88,"**For questions or concerns, please contact info@truthentrygard.com",,"{""Length"": ""1', 2', 3', 4', 5', 6'"", ""Color"": ""White, Dark Bronze, Sandstone""}",TEG-bbrp-00055,23.88,"{""attribute_length"": ""1'"", ""attribute_color"": ""Sandstone""}"
Wood Window Parts - Other Brands(101),1 3/8″ Aluminum Divided Lite Muntin Bar with Tape,https://truthentrygard.com/product/1-3-8-aluminum-divided-lite-muntin-bar-with-tape/,TEG-bbrp-00055,$ 23.88,"**For questions or concerns, please contact info@truthentrygard.com",,"{""Length"": ""1', 2', 3', 4', 5', 6'"", ""Color"": ""White, Dark Bronze, Sandstone""}",TEG-bbrp-00055,23.88,"{""attribute_length"": ""2'"", ""attribute_color"": ""White""}"
Wood Window Parts - Other Brands(101),1 3/8″ Aluminum Divided Lite Muntin Bar with Tape,https://truthentrygard.com/product/1-3-8-aluminum-divided-lite-muntin-bar-with-tape/,TEG-bbrp-00055,$ 23.88,"**For questions or concerns, please contact info@truthentrygard.com",,"{""Length"": ""1', 2', 3', 4', 5', 6'"", ""Color"": ""White, Dark Bronze, Sandstone""}",TEG-bbrp-00055,23.88,"{""attribute_length"": ""2'"", ""attribute_color"": ""Dark Bronze""}"
Wood Window Parts - Other Brands(101),1 3/8″ Aluminum Divided Lite Muntin Bar with Tape,https://truthentrygard.com/product/1-3-8-aluminum-divided-lite-muntin-bar-with-tape/,TEG-bbrp-00055,$ 23.88,"**For questions or concerns, please contact info@truthentrygard.com",,"{""Length"": ""1', 2', 3', 4', 5', 6'"", ""Color"": ""White, Dark Bronze, Sandstone""}",TEG-bbrp-00055,23.88,"{""attribute_length"": ""2'"", ""attribute_color"": ""Sandstone""}"
Wood Window Parts - Other Brands(101),1 3/8″ Aluminum Divided Lite Muntin Bar with Tape,https://truthentrygard.com/product/1-3-8-aluminum-divided-lite-muntin-bar-with-tape/,TEG-bbrp-00055,$ 23.88,"**For questions or concerns, please contact info@truthentrygard.com",,"{""Length"": ""1', 2', 3', 4', 5', 6'"", ""Color"": ""White, Dark Bronze, Sandstone""}",TEG-bbrp-00055,23.88,"{""attribute_length"": ""3'"", ""attribute_color"": ""White""}"
Wood Window Parts - Other Brands(101),1 3/8″ Aluminum Divided Lite Muntin Bar with Tape,https://truthentrygard.com/product/1-3-8-aluminum-divided-lite-muntin-bar-with-tape/,TEG-bbrp-00055,$ 23.88,"**For questions or concerns, please contact info@truthentrygard.com",,"{""Length"": ""1', 2', 3', 4', 5', 6'"", ""Color"": ""White, Dark Bronze, Sandstone""}",TEG-bbrp-00055,23.88,"{""attribute_length"": ""3'"", ""attribute_color"": ""Dark Bronze""}"
Wood Window Parts - Other Brands(101),1 3/8″ Aluminum Divided Lite Muntin Bar with Tape,https://truthentrygard.com/product/1-3-8-aluminum-divided-lite-muntin-bar-with-tape/,TEG-bbrp-00055,$ 23.88,"**For questions or concerns, please contact info@truthentrygard.com",,"{""Length"": ""1', 2', 3', 4', 5', 6'"", ""Color"": ""White, Dark Bronze, Sandstone""}",TEG-bbrp-00055,23.88,"{""attribute_length"": ""3'"", ""attribute_color"": ""Sandstone""}"
Wood Window Parts - Other Brands(101),1 3/8″ Aluminum Divided Lite Muntin Bar with Tape,https://truthentrygard.com/product/1-3-8-aluminum-divided-lite-muntin-bar-with-tape/,TEG-bbrp-00055,$ 23.88,"**For questions or concerns, please contact info@truthentrygard.com",,"{""Length"": ""1', 2', 3', 4', 5', 6'"", ""Color"": ""White, Dark Bronze, Sandstone""}",TEG-bbrp-00055,23.88,"{""attribute_length"": ""4'"", ""attribute_color"": ""White""}"
Wood Window Parts - Other Brands(101),1 3/8″ Aluminum Divided Lite Muntin Bar with Tape,https://truthentrygard.com/product/1-3-8-aluminum-divided-lite-muntin-bar-with-tape/,TEG-bbrp-00055,$ 23.88,"**For questions or concerns, please contact info@truthentrygard.com",,"{""Length"": ""1', 2', 3', 4', 5', 6'"", ""Color"": ""White, Dark Bronze, Sandstone""}",TEG-bbrp-00055,23.88,"{""attribute_length"": ""4'"", ""attribute_color"": ""Dark Bronze""}"
Wood Window Parts - Other Brands(101),1 3/8″ Aluminum Divided Lite Muntin Bar with Tape,https://truthentrygard.com/product/1-3-8-aluminum-divided-lite-muntin-bar-with-tape/,TEG-bbrp-00055,$ 23.88,"**For questions or concerns, please contact info@truthentrygard.com",,"{""Length"": ""1', 2', 3', 4', 5', 6'"", ""Color"": ""White, Dark Bronze, Sandstone""}",TEG-bbrp-00055,23.88,"{""attribute_length"": ""4'"", ""attribute_color"": ""Sandstone""}"
Wood Window Parts - Other Brands(101),1 3/8″ Aluminum Divided Lite Muntin Bar with Tape,https://truthentrygard.com/product/1-3-8-aluminum-divided-lite-muntin-bar-with-tape/,TEG-bbrp-00055,$ 23.88,"**For questions or concerns, please contact info@truthentrygard.com",,"{""Length"": ""1', 2', 3', 4', 5', 6'"", ""Color"": ""White, Dark Bronze, Sandstone""}",TEG-bbrp-00055,23.88,"{""attribute_length"": ""5'"", ""attribute_color"": ""White""}"
Wood Window Parts - Other Brands(101),1 3/8″ Aluminum Divided Lite Muntin Bar with Tape,https://truthentrygard.com/product/1-3-8-aluminum-divided-lite-muntin-bar-with-tape/,TEG-bbrp-00055,$ 23.88,"**For questions or concerns, please contact info@truthentrygard.com",,"{""Length"": ""1', 2', 3', 4', 5', 6'"", ""Color"": ""White, Dark Bronze, Sandstone""}",TEG-bbrp-00055,23.88,"{""attribute_length"": ""5'"", ""attribute_color"": ""Dark Bronze""}"
Wood Window Parts - Other Brands(101),1 3/8″ Aluminum Divided Lite Muntin Bar with Tape,https://truthentrygard.com/product/1-3-8-aluminum-divided-lite-muntin-bar-with-tape/,TEG-bbrp-00055,$ 23.88,"**For questions or concerns, please contact info@truthentrygard.com",,"{""Length"": ""1', 2', 3', 4', 5', 6'"", ""Color"": ""White, Dark Bronze, Sandstone""}",TEG-bbrp-00055,23.88,"{""attribute_length"": ""5'"", ""attribute_color"": ""Sandstone""}"
Wood Window Parts - Other Brands(101),1 3/8″ Aluminum Divided Lite Muntin Bar with Tape,https://truthentrygard.com/product/1-3-8-aluminum-divided-lite-muntin-bar-with-tape/,TEG-bbrp-00055,$ 23.88,"**For questions or concerns, please contact info@truthentrygard.com",,"{""Length"": ""1', 2', 3', 4', 5', 6'"", ""Color"": ""White, Dark Bronze, Sandstone""}",TEG-bbrp-00055,23.88,"{""attribute_length"": ""6'"", ""attribute_color"": ""White""}"
Wood Window Parts - Other Brands(101),1 3/8″ Aluminum Divided Lite Muntin Bar with Tape,https://truthentrygard.com/product/1-3-8-aluminum-divided-lite-muntin-bar-with-tape/,TEG-bbrp-00055,$ 23.88,"**For questions or concerns, please contact info@truthentrygard.com",,"{""Length"": ""1', 2', 3', 4', 5', 6'"", ""Color"": ""White, Dark Bronze, Sandstone""}",TEG-bbrp-00055,23.88,"{""attribute_length"": ""6'"", ""attribute_color"": ""Dark Bronze""}"
Wood Window Parts - Other Brands(101),1 3/8″ Aluminum Divided Lite Muntin Bar with Tape,https://truthentrygard.com/product/1-3-8-aluminum-divided-lite-muntin-bar-with-tape/,TEG-bbrp-00055,$ 23.88,"**For questions or concerns, please contact info@truthentrygard.com",,"{""Length"": ""1', 2', 3', 4', 5', 6'"", ""Color"": ""White, Dark Bronze, Sandstone""}",TEG-bbrp-00055,23.88,"{""attribute_length"": ""6'"", ""attribute_color"": ""Sandstone""}"
Wood Window Parts - Other Brands(101),1 3/8″ Wood Divided Lite Muntin Bar with Tape,https://truthentrygard.com/product/1-3-8-wood-divided-lite-muntin-bar-with-tape/,TEG-bbrp-00054,$ 5.95 – $ 35.71 Price range: $5.95 through $35.71,"**For questions or concerns, please contact info@truthentrygard.com",,"{""Length"": ""1', 2', 3', 4', 5', 6'""}",TEG-bbrp-00054,5.95,"{""attribute_length"": ""1'""}"
Wood Window Parts - Other Brands(101),1 3/8″ Wood Divided Lite Muntin Bar with Tape,https://truthentrygard.com/product/1-3-8-wood-divided-lite-muntin-bar-with-tape/,TEG-bbrp-00054,$ 5.95 – $ 35.71 Price range: $5.95 through $35.71,"**For questions or concerns, please contact info@truthentrygard.com",,"{""Length"": ""1', 2', 3', 4', 5', 6'""}",TEG-bbrp-00054,11.9,"{""attribute_length"": ""2'""}"
Wood Window Parts - Other Brands(101),1 3/8″ Wood Divided Lite Muntin Bar with Tape,https://truthentrygard.com/product/1-3-8-wood-divided-lite-muntin-bar-with-tape/,TEG-bbrp-00054,$ 5.95 – $ 35.71 Price range: $5.95 through $35.71,"**For questions or concerns, please contact info@truthentrygard.com",,"{""Length"": ""1', 2', 3', 4', 5', 6'""}",TEG-bbrp-00054,17.85,"{""attribute_length"": ""3'""}"
Wood Window Parts - Other Brands(101),1 3/8″ Wood Divided Lite Muntin Bar with Tape,https://truthentrygard.com/product/1-3-8-wood-divided-lite-muntin-bar-with-tape/,TEG-bbrp-00054,$ 5.95 – $ 35.71 Price range: $5.95 through $35.71,"**For questions or concerns, please contact info@truthentrygard.com",,"{""Length"": ""1', 2', 3', 4', 5', 6'""}",TEG-bbrp-00054,23.81,"{""attribute_length"": ""4'""}"
Wood Window Parts - Other Brands(101),1 3/8″ Wood Divided Lite Muntin Bar with Tape,https://truthentrygard.com/product/1-3-8-wood-divided-lite-muntin-bar-with-tape/,TEG-bbrp-00054,$ 5.95 – $ 35.71 Price range: $5.95 through $35.71,"**For questions or concerns, please contact info@truthentrygard.com",,"{""Length"": ""1', 2', 3', 4', 5', 6'""}",TEG-bbrp-00054,29.75,"{""attribute_length"": ""5'""}"
Wood Window Parts - Other Brands(101),1 3/8″ Wood Divided Lite Muntin Bar with Tape,https://truthentrygard.com/product/1-3-8-wood-divided-lite-muntin-bar-with-tape/,TEG-bbrp-00054,$ 5.95 – $ 35.71 Price range: $5.95 through $35.71,"**For questions or concerns, please contact info@truthentrygard.com",,"{""Length"": ""1', 2', 3', 4', 5', 6'""}",TEG-bbrp-00054,35.71,"{""attribute_length"": ""6'""}"
Wood Window Parts - Other Brands(101),1″ Aluminum Divided Lite Muntin Bar with Tape,https://truthentrygard.com/product/1-aluminum-divided-lite-muntin-bar-with-tape/,TEG-bbrp-00056,$ 17.66 – $ 99.29 Price range: $17.66 through $99.29,,,"{""Length"": ""1', 2', 3', 4', 5', 6'"", ""Color"": ""White, Dark Bronze, Sandstone""}",TEG-bbrp-00056,17.66,"{""attribute_length"": ""1'"", ""attribute_color"": ""White""}"
Wood Window Parts - Other Brands(101),1″ Aluminum Divided Lite Muntin Bar with Tape,https://truthentrygard.com/product/1-aluminum-divided-lite-muntin-bar-with-tape/,TEG-bbrp-00056,$ 17.66 – $ 99.29 Price range: $17.66 through $99.29,,,"{""Length"": ""1', 2', 3', 4', 5', 6'"", ""Color"": ""White, Dark Bronze, Sandstone""}",TEG-bbrp-00056,17.66,"{""attribute_length"": ""1'"", ""attribute_color"": ""Dark Bronze""}"
Wood Window Parts - Other Brands(101),1″ Aluminum Divided Lite Muntin Bar with Tape,https://truthentrygard.com/product/1-aluminum-divided-lite-muntin-bar-with-tape/,TEG-bbrp-00056,$ 17.66 – $ 99.29 Price range: $17.66 through $99.29,,,"{""Length"": ""1', 2', 3', 4', 5', 6'"", ""Color"": ""White, Dark Bronze, Sandstone""}",TEG-bbrp-00056,17.66,"{""attribute_length"": ""1'"", ""attribute_color"": ""Sandstone""}"
Wood Window Parts - Other Brands(101),1″ Aluminum Divided Lite Muntin Bar with Tape,https://truthentrygard.com/product/1-aluminum-divided-lite-muntin-bar-with-tape/,TEG-bbrp-00056,$ 17.66 – $ 99.29 Price range: $17.66 through $99.29,,,"{""Length"": ""1', 2', 3', 4', 5', 6'"", ""Color"": ""White, Dark Bronze, Sandstone""}",TEG-bbrp-00056,33.58,"{""attribute_length"": ""2'"", ""attribute_color"": ""White""}"
Wood Window Parts - Other Brands(101),1″ Aluminum Divided Lite Muntin Bar with Tape,https://truthentrygard.com/product/1-aluminum-divided-lite-muntin-bar-with-tape/,TEG-bbrp-00056,$ 17.66 – $ 99.29 Price range: $17.66 through $99.29,,,"{""Length"": ""1', 2', 3', 4', 5', 6'"", ""Color"": ""White, Dark Bronze, Sandstone""}",TEG-bbrp-00056,33.58,"{""attribute_length"": ""2'"", ""attribute_color"": ""Dark Bronze""}"
Wood Window Parts - Other Brands(101),1″ Aluminum Divided Lite Muntin Bar with Tape,https://truthentrygard.com/product/1-aluminum-divided-lite-muntin-bar-with-tape/,TEG-bbrp-00056,$ 17.66 – $ 99.29 Price range: $17.66 through $99.29,,,"{""Length"": ""1', 2', 3', 4', 5', 6'"", ""Color"": ""White, Dark Bronze, Sandstone""}",TEG-bbrp-00056,33.58,"{""attribute_length"": ""2'"", ""attribute_color"": ""Sandstone""}"
Wood Window Parts - Other Brands(101),1″ Aluminum Divided Lite Muntin Bar with Tape,https://truthentrygard.com/product/1-aluminum-divided-lite-muntin-bar-with-tape/,TEG-bbrp-00056,$ 17.66 – $ 99.29 Price range: $17.66 through $99.29,,,"{""Length"": ""1', 2', 3', 4', 5', 6'"", ""Color"": ""White, Dark Bronze, Sandstone""}",TEG-bbrp-00056,50.79,"{""attribute_length"": ""3'"", ""attribute_color"": ""White""}"
Wood Window Parts - Other Brands(101),1″ Aluminum Divided Lite Muntin Bar with Tape,https://truthentrygard.com/product/1-aluminum-divided-lite-muntin-bar-with-tape/,TEG-bbrp-00056,$ 17.66 – $ 99.29 Price range: $17.66 through $99.29,,,"{""Length"": ""1', 2', 3', 4', 5', 6'"", ""Color"": ""White, Dark Bronze, Sandstone""}",TEG-bbrp-00056,50.79,"{""attribute_length"": ""3'"", ""attribute_color"": ""Dark Bronze""}"
Wood Window Parts - Other Brands(101),1″ Aluminum Divided Lite Muntin Bar with Tape,https://truthentrygard.com/product/1-aluminum-divided-lite-muntin-bar-with-tape/,TEG-bbrp-00056,$ 17.66 – $ 99.29 Price range: $17.66 through $99.29,,,"{""Length"": ""1', 2', 3', 4', 5', 6'"", ""Color"": ""White, Dark Bronze, Sandstone""}",TEG-bbrp-00056,50.79,"{""attribute_length"": ""3'"", ""attribute_color"": ""Sandstone""}"
Wood Window Parts - Other Brands(101),1″ Aluminum Divided Lite Muntin Bar with Tape,https://truthentrygard.com/product/1-aluminum-divided-lite-muntin-bar-with-tape/,TEG-bbrp-00056,$ 17.66 – $ 99.29 Price range: $17.66 through $99.29,,,"{""Length"": ""1', 2', 3', 4', 5', 6'"", ""Color"": ""White, Dark Bronze, Sandstone""}",TEG-bbrp-00056,70.18,"{""attribute_length"": ""4'"", ""attribute_color"": ""White""}"
Wood Window Parts - Other Brands(101),1″ Aluminum Divided Lite Muntin Bar with Tape,https://truthentrygard.com/product/1-aluminum-divided-lite-muntin-bar-with-tape/,TEG-bbrp-00056,$ 17.66 – $ 99.29 Price range: $17.66 through $99.29,,,"{""Length"": ""1', 2', 3', 4', 5', 6'"", ""Color"": ""White, Dark Bronze, Sandstone""}",TEG-bbrp-00056,70.18,"{""attribute_length"": ""4'"", ""attribute_color"": ""Dark Bronze""}"
Wood Window Parts - Other Brands(101),1″ Aluminum Divided Lite Muntin Bar with Tape,https://truthentrygard.com/product/1-aluminum-divided-lite-muntin-bar-with-tape/,TEG-bbrp-00056,$ 17.66 – $ 99.29 Price range: $17.66 through $99.29,,,"{""Length"": ""1', 2', 3', 4', 5', 6'"", ""Color"": ""White, Dark Bronze, Sandstone""}",TEG-bbrp-00056,70.18,"{""attribute_length"": ""4'"", ""attribute_color"": ""Sandstone""}"
Wood Window Parts - Other Brands(101),1″ Aluminum Divided Lite Muntin Bar with Tape,https://truthentrygard.com/product/1-aluminum-divided-lite-muntin-bar-with-tape/,TEG-bbrp-00056,$ 17.66 – $ 99.29 Price range: $17.66 through $99.29,,,"{""Length"": ""1', 2', 3', 4', 5', 6'"", ""Color"": ""White, Dark Bronze, Sandstone""}",TEG-bbrp-00056,88.35,"{""attribute_length"": ""5'"", ""attribute_color"": ""White""}"
Wood Window Parts - Other Brands(101),1″ Aluminum Divided Lite Muntin Bar with Tape,https://truthentrygard.com/product/1-aluminum-divided-lite-muntin-bar-with-tape/,TEG-bbrp-00056,$ 17.66 – $ 99.29 Price range: $17.66 through $99.29,,,"{""Length"": ""1', 2', 3', 4', 5', 6'"", ""Color"": ""White, Dark Bronze, Sandstone""}",TEG-bbrp-00056,88.35,"{""attribute_length"": ""5'"", ""attribute_color"": ""Dark Bronze""}"
Wood Window Parts - Other Brands(101),1″ Aluminum Divided Lite Muntin Bar with Tape,https://truthentrygard.com/product/1-aluminum-divided-lite-muntin-bar-with-tape/,TEG-bbrp-00056,$ 17.66 – $ 99.29 Price range: $17.66 through $99.29,,,"{""Length"": ""1', 2', 3', 4', 5', 6'"", ""Color"": ""White, Dark Bronze, Sandstone""}",TEG-bbrp-00056,88.35,"{""attribute_length"": ""5'"", ""attribute_color"": ""Sandstone""}"
Wood Window Parts - Other Brands(101),1″ Aluminum Divided Lite Muntin Bar with Tape,https://truthentrygard.com/product/1-aluminum-divided-lite-muntin-bar-with-tape/,TEG-bbrp-00056,$ 17.66 – $ 99.29 Price range: $17.66 through $99.29,,,"{""Length"": ""1', 2', 3', 4', 5', 6'"", ""Color"": ""White, Dark Bronze, Sandstone""}",TEG-bbrp-00056,99.29,"{""attribute_length"": ""6'"", ""attribute_color"": ""White""}"
Wood Window Parts - Other Brands(101),1″ Aluminum Divided Lite Muntin Bar with Tape,https://truthentrygard.com/product/1-aluminum-divided-lite-muntin-bar-with-tape/,TEG-bbrp-00056,$ 17.66 – $ 99.29 Price range: $17.66 through $99.29,,,"{""Length"": ""1', 2', 3', 4', 5', 6'"", ""Color"": ""White, Dark Bronze, Sandstone""}",TEG-bbrp-00056,99.29,"{""attribute_length"": ""6'"", ""attribute_color"": ""Dark Bronze""}"
Wood Window Parts - Other Brands(101),1″ Aluminum Divided Lite Muntin Bar with Tape,https://truthentrygard.com/product/1-aluminum-divided-lite-muntin-bar-with-tape/,TEG-bbrp-00056,$ 17.66 – $ 99.29 Price range: $17.66 through $99.29,,,"{""Length"": ""1', 2', 3', 4', 5', 6'"", ""Color"": ""White, Dark Bronze, Sandstone""}",TEG-bbrp-00056,99.29,"{""attribute_length"": ""6'"", ""attribute_color"": ""Sandstone""}"
Wood Window Parts - Other Brands(101),2R Window Limit Device,https://truthentrygard.com/product/2r-window-limit-device/,N/A,$ 135.88,GOT QUESTIONS?! Contact us: info@truthentrygard.com,,"{""Handing"": ""Left, Right""}",,135.88,"{""attribute_handing"": ""Left""}"
Wood Window Parts - Other Brands(101),7/8″ Aluminum Divided Lite Muntin Bar with Tape,https://truthentrygard.com/product/7-8-aluminum-divided-lite-muntin-bar-with-tape/,TEG-bbrp-00057,$ 13.99 – $ 78.38 Price range: $13.99 through $78.38,"**For questions or concerns, please contact info@truthentrygard.com",,"{""Length"": ""1', 2', 3', 4', 5', 6'"", ""Color"": ""White, Dark Bronze, Sandstone""}",TEG-bbrp-00057,13.99,"{""attribute_length"": ""1'"", ""attribute_color"": ""White""}"
Wood Window Parts - Other Brands(101),7/8″ Aluminum Divided Lite Muntin Bar with Tape,https://truthentrygard.com/product/7-8-aluminum-divided-lite-muntin-bar-with-tape/,TEG-bbrp-00057,$ 13.99 – $ 78.38 Price range: $13.99 through $78.38,"**For questions or concerns, please contact info@truthentrygard.com",,"{""Length"": ""1', 2', 3', 4', 5', 6'"", ""Color"": ""White, Dark Bronze, Sandstone""}",TEG-bbrp-00057,13.99,"{""attribute_length"": ""1'"", ""attribute_color"": ""Dark Bronze""}"
Wood Window Parts - Other Brands(101),7/8″ Aluminum Divided Lite Muntin Bar with Tape,https://truthentrygard.com/product/7-8-aluminum-divided-lite-muntin-bar-with-tape/,TEG-bbrp-00057,$ 13.99 – $ 78.38 Price range: $13.99 through $78.38,"**For questions or concerns, please contact info@truthentrygard.com",,"{""Length"": ""1', 2', 3', 4', 5', 6'"", ""Color"": ""White, Dark Bronze, Sandstone""}",TEG-bbrp-00057,13.99,"{""attribute_length"": ""1'"", ""attribute_color"": ""Sandstone""}"
Wood Window Parts - Other Brands(101),7/8″ Aluminum Divided Lite Muntin Bar with Tape,https://truthentrygard.com/product/7-8-aluminum-divided-lite-muntin-bar-with-tape/,TEG-bbrp-00057,$ 13.99 – $ 78.38 Price range: $13.99 through $78.38,"**For questions or concerns, please contact info@truthentrygard.com",,"{""Length"": ""1', 2', 3', 4', 5', 6'"", ""Color"": ""White, Dark Bronze, Sandstone""}",TEG-bbrp-00057,28.55,"{""attribute_length"": ""2'"", ""attribute_color"": ""White""}"
Wood Window Parts - Other Brands(101),7/8″ Aluminum Divided Lite Muntin Bar with Tape,https://truthentrygard.com/product/7-8-aluminum-divided-lite-muntin-bar-with-tape/,TEG-bbrp-00057,$ 13.99 – $ 78.38 Price range: $13.99 through $78.38,"**For questions or concerns, please contact info@truthentrygard.com",,"{""Length"": ""1', 2', 3', 4', 5', 6'"", ""Color"": ""White, Dark Bronze, Sandstone""}",TEG-bbrp-00057,28.55,"{""attribute_length"": ""2'"", ""attribute_color"": ""Dark Bronze""}"
Wood Window Parts - Other Brands(101),7/8″ Aluminum Divided Lite Muntin Bar with Tape,https://truthentrygard.com/product/7-8-aluminum-divided-lite-muntin-bar-with-tape/,TEG-bbrp-00057,$ 13.99 – $ 78.38 Price range: $13.99 through $78.38,"**For questions or concerns, please contact info@truthentrygard.com",,"{""Length"": ""1', 2', 3', 4', 5', 6'"", ""Color"": ""White, Dark Bronze, Sandstone""}",TEG-bbrp-00057,28.55,"{""attribute_length"": ""2'"", ""attribute_color"": ""Sandstone""}"
Wood Window Parts - Other Brands(101),7/8″ Aluminum Divided Lite Muntin Bar with Tape,https://truthentrygard.com/product/7-8-aluminum-divided-lite-muntin-bar-with-tape/,TEG-bbrp-00057,$ 13.99 – $ 78.38 Price range: $13.99 through $78.38,"**For questions or concerns, please contact info@truthentrygard.com",,"{""Length"": ""1', 2', 3', 4', 5', 6'"", ""Color"": ""White, Dark Bronze, Sandstone""}",TEG-bbrp-00057,45.44,"{""attribute_length"": ""3'"", ""attribute_color"": ""White""}"
Wood Window Parts - Other Brands(101),7/8″ Aluminum Divided Lite Muntin Bar with Tape,https://truthentrygard.com/product/7-8-aluminum-divided-lite-muntin-bar-with-tape/,TEG-bbrp-00057,$ 13.99 – $ 78.38 Price range: $13.99 through $78.38,"**For questions or concerns, please contact info@truthentrygard.com",,"{""Length"": ""1', 2', 3', 4', 5', 6'"", ""Color"": ""White, Dark Bronze, Sandstone""}",TEG-bbrp-00057,45.44,"{""attribute_length"": ""3'"", ""attribute_color"": ""Dark Bronze""}"
Wood Window Parts - Other Brands(101),7/8″ Aluminum Divided Lite Muntin Bar with Tape,https://truthentrygard.com/product/7-8-aluminum-divided-lite-muntin-bar-with-tape/,TEG-bbrp-00057,$ 13.99 – $ 78.38 Price range: $13.99 through $78.38,"**For questions or concerns, please contact info@truthentrygard.com",,"{""Length"": ""1', 2', 3', 4', 5', 6'"", ""Color"": ""White, Dark Bronze, Sandstone""}",TEG-bbrp-00057,45.44,"{""attribute_length"": ""3'"", ""attribute_color"": ""Sandstone""}"
Wood Window Parts - Other Brands(101),7/8″ Aluminum Divided Lite Muntin Bar with Tape,https://truthentrygard.com/product/7-8-aluminum-divided-lite-muntin-bar-with-tape/,TEG-bbrp-00057,$ 13.99 – $ 78.38 Price range: $13.99 through $78.38,"**For questions or concerns, please contact info@truthentrygard.com",,"{""Length"": ""1', 2', 3', 4', 5', 6'"", ""Color"": ""White, Dark Bronze, Sandstone""}",TEG-bbrp-00057,52.22,"{""attribute_length"": ""4'"", ""attribute_color"": ""White""}"
Wood Window Parts - Other Brands(101),7/8″ Aluminum Divided Lite Muntin Bar with Tape,https://truthentrygard.com/product/7-8-aluminum-divided-lite-muntin-bar-with-tape/,TEG-bbrp-00057,$ 13.99 – $ 78.38 Price range: $13.99 through $78.38,"**For questions or concerns, please contact info@truthentrygard.com",,"{""Length"": ""1', 2', 3', 4', 5', 6'"", ""Color"": ""White, Dark Bronze, Sandstone""}",TEG-bbrp-00057,52.22,"{""attribute_length"": ""4'"", ""attribute_color"": ""Dark Bronze""}"
Wood Window Parts - Other Brands(101),7/8″ Aluminum Divided Lite Muntin Bar with Tape,https://truthentrygard.com/product/7-8-aluminum-divided-lite-muntin-bar-with-tape/,TEG-bbrp-00057,$ 13.99 – $ 78.38 Price range: $13.99 through $78.38,"**For questions or concerns, please contact info@truthentrygard.com",,"{""Length"": ""1', 2', 3', 4', 5', 6'"", ""Color"": ""White, Dark Bronze, Sandstone""}",TEG-bbrp-00057,52.22,"{""attribute_length"": ""4'"", ""attribute_color"": ""Sandstone""}"
Wood Window Parts - Other Brands(101),7/8″ Aluminum Divided Lite Muntin Bar with Tape,https://truthentrygard.com/product/7-8-aluminum-divided-lite-muntin-bar-with-tape/,TEG-bbrp-00057,$ 13.99 – $ 78.38 Price range: $13.99 through $78.38,"**For questions or concerns, please contact info@truthentrygard.com",,"{""Length"": ""1', 2', 3', 4', 5', 6'"", ""Color"": ""White, Dark Bronze, Sandstone""}",TEG-bbrp-00057,71.44,"{""attribute_length"": ""5'"", ""attribute_color"": ""White""}"
Wood Window Parts - Other Brands(101),7/8″ Aluminum Divided Lite Muntin Bar with Tape,https://truthentrygard.com/product/7-8-aluminum-divided-lite-muntin-bar-with-tape/,TEG-bbrp-00057,$ 13.99 – $ 78.38 Price range: $13.99 through $78.38,"**For questions or concerns, please contact info@truthentrygard.com",,"{""Length"": ""1', 2', 3', 4', 5', 6'"", ""Color"": ""White, Dark Bronze, Sandstone""}",TEG-bbrp-00057,71.44,"{""attribute_length"": ""5'"", ""attribute_color"": ""Dark Bronze""}"
Wood Window Parts - Other Brands(101),7/8″ Aluminum Divided Lite Muntin Bar with Tape,https://truthentrygard.com/product/7-8-aluminum-divided-lite-muntin-bar-with-tape/,TEG-bbrp-00057,$ 13.99 – $ 78.38 Price range: $13.99 through $78.38,"**For questions or concerns, please contact info@truthentrygard.com",,"{""Length"": ""1', 2', 3', 4', 5', 6'"", ""Color"": ""White, Dark Bronze, Sandstone""}",TEG-bbrp-00057,71.44,"{""attribute_length"": ""5'"", ""attribute_color"": ""Sandstone""}"
Wood Window Parts - Other Brands(101),7/8″ Aluminum Divided Lite Muntin Bar with Tape,https://truthentrygard.com/product/7-8-aluminum-divided-lite-muntin-bar-with-tape/,TEG-bbrp-00057,$ 13.99 – $ 78.38 Price range: $13.99 through $78.38,"**For questions or concerns, please contact info@truthentrygard.com",,"{""Length"": ""1', 2', 3', 4', 5', 6'"", ""Color"": ""White, Dark Bronze, Sandstone""}",TEG-bbrp-00057,78.38,"{""attribute_length"": ""6'"", ""attribute_color"": ""White""}"
Wood Window Parts - Other Brands(101),7/8″ Aluminum Divided Lite Muntin Bar with Tape,https://truthentrygard.com/product/7-8-aluminum-divided-lite-muntin-bar-with-tape/,TEG-bbrp-00057,$ 13.99 – $ 78.38 Price range: $13.99 through $78.38,"**For questions or concerns, please contact info@truthentrygard.com",,"{""Length"": ""1', 2', 3', 4', 5', 6'"", ""Color"": ""White, Dark Bronze, Sandstone""}",TEG-bbrp-00057,78.38,"{""attribute_length"": ""6'"", ""attribute_color"": ""Dark Bronze""}"
Wood Window Parts - Other Brands(101),7/8″ Aluminum Divided Lite Muntin Bar with Tape,https://truthentrygard.com/product/7-8-aluminum-divided-lite-muntin-bar-with-tape/,TEG-bbrp-00057,$ 13.99 – $ 78.38 Price range: $13.99 through $78.38,"**For questions or concerns, please contact info@truthentrygard.com",,"{""Length"": ""1', 2', 3', 4', 5', 6'"", ""Color"": ""White, Dark Bronze, Sandstone""}",TEG-bbrp-00057,78.38,"{""attribute_length"": ""6'"", ""attribute_color"": ""Sandstone""}"
Wood Window Parts - Other Brands(101),7/8″ Wood Divided Lite Muntin,https://truthentrygard.com/product/7-8-wood-divided-lite-muntin/,TEG-bbrp-00058,$ 5.16 – $ 30.97 Price range: $5.16 through $30.97,"**For questions or concerns, please contact info@truthentrygard.com",,"{""Length"": ""1', 2', 3', 4', 5', 6'""}",TEG-bbrp-00058,5.16,"{""attribute_length"": ""1'""}"
Wood Window Parts - Other Brands(101),7/8″ Wood Divided Lite Muntin,https://truthentrygard.com/product/7-8-wood-divided-lite-muntin/,TEG-bbrp-00058,$ 5.16 – $ 30.97 Price range: $5.16 through $30.97,"**For questions or concerns, please contact info@truthentrygard.com",,"{""Length"": ""1', 2', 3', 4', 5', 6'""}",TEG-bbrp-00058,10.33,"{""attribute_length"": ""2'""}"
Wood Window Parts - Other Brands(101),7/8″ Wood Divided Lite Muntin,https://truthentrygard.com/product/7-8-wood-divided-lite-muntin/,TEG-bbrp-00058,$ 5.16 – $ 30.97 Price range: $5.16 through $30.97,"**For questions or concerns, please contact info@truthentrygard.com",,"{""Length"": ""1', 2', 3', 4', 5', 6'""}",TEG-bbrp-00058,15.48,"{""attribute_length"": ""3'""}"
Wood Window Parts - Other Brands(101),7/8″ Wood Divided Lite Muntin,https://truthentrygard.com/product/7-8-wood-divided-lite-muntin/,TEG-bbrp-00058,$ 5.16 – $ 30.97 Price range: $5.16 through $30.97,"**For questions or concerns, please contact info@truthentrygard.com",,"{""Length"": ""1', 2', 3', 4', 5', 6'""}",TEG-bbrp-00058,20.65,"{""attribute_length"": ""4'""}"
Wood Window Parts - Other Brands(101),7/8″ Wood Divided Lite Muntin,https://truthentrygard.com/product/7-8-wood-divided-lite-muntin/,TEG-bbrp-00058,$ 5.16 – $ 30.97 Price range: $5.16 through $30.97,"**For questions or concerns, please contact info@truthentrygard.com",,"{""Length"": ""1', 2', 3', 4', 5', 6'""}",TEG-bbrp-00058,25.81,"{""attribute_length"": ""5'""}"
Wood Window Parts - Other Brands(101),7/8″ Wood Divided Lite Muntin,https://truthentrygard.com/product/7-8-wood-divided-lite-muntin/,TEG-bbrp-00058,$ 5.16 – $ 30.97 Price range: $5.16 through $30.97,"**For questions or concerns, please contact info@truthentrygard.com",,"{""Length"": ""1', 2', 3', 4', 5', 6'""}",TEG-bbrp-00058,30.97,"{""attribute_length"": ""6'""}"
Wood Window Parts - Other Brands(101),Anderson Andersen Window Door Replacement Hardware Parts Free ID Help,https://truthentrygard.com/product/anderson-andersen-window-door-replacement-hardware-parts-free-id-help/,TEG- 2573517 1274104,$ 16.92,,,{},,,
Wood Window Parts - Other Brands(101),Ashland Dual Arm Casement Window Operator Components,https://truthentrygard.com/product/ashland-dual-arm-casement-window-operator-components/,TEG-OT-565SS,$ 80.88,Got Questions? Not sure what you need? Feel free to email: info@truthentrygard.com NOT SURE WHAT YOU NEED?!? EMAIL PICTURES AND WE WILL GET YOU TAKEN CARE OF!,,"{""Handing"": ""Left, Right""}",TEG-OT-565SS,80.88,"{""attribute_pa_handing"": ""left""}"
Wood Window Parts - Other Brands(101),Ashland Dual Arm Casement Window Operator Components,https://truthentrygard.com/product/ashland-dual-arm-casement-window-operator-components/,TEG-OT-565SS,$ 80.88,Got Questions? Not sure what you need? Feel free to email: info@truthentrygard.com NOT SURE WHAT YOU NEED?!? EMAIL PICTURES AND WE WILL GET YOU TAKEN CARE OF!,,"{""Handing"": ""Left, Right""}",TEG-OT-565SS,80.88,"{""attribute_pa_handing"": ""right""}"
Wood Window Parts - Other Brands(101),Awning Window Operator Parts | 29168 AWNING UNIT ASSEMBLY 28.75″,https://truthentrygard.com/product/awning-window-operator-parts-29168-awning-unit-assembly-28-75/,TEG-29-168,$ 207.91,"For questions or concerns, please contact info@truthentrygard.com",,{},,,
Wood Window Parts - Other Brands(101),CAM SASH LOCK | ENTRYGARD | TRUTH HARDWARE,https://truthentrygard.com/product/cam-sash-lock-entrygard/,TEG-,$ 32.22,GOT QUESTIONS?! Contact us at info@truthentrygard.com,,"{""Color"": ""Bronze, White""}",TEG-,32.22,"{""attribute_pa_color"": ""bronze""}"
Wood Window Parts - Other Brands(101),CAM SASH LOCK | ENTRYGARD | TRUTH HARDWARE,https://truthentrygard.com/product/cam-sash-lock-entrygard/,TEG-,$ 32.22,GOT QUESTIONS?! Contact us at info@truthentrygard.com,,"{""Color"": ""Bronze, White""}",TEG-,32.22,"{""attribute_pa_color"": ""white""}"
Wood Window Parts - Other Brands(101),CARADCO CONTOUR HANDLE AND COVER,https://truthentrygard.com/product/caradco-contour-handle-and-cover/,PEOFP-HC-2,$ 28.88 – $ 32.88 Price range: $28.88 through $32.88,GOT QUESTIONS?! Contact us at info@truthentrygard.com,,"{""Color"": ""Beige, Black, Bronze, Chestnut Bronze, Clay, Coppertone, Gold, Satin Taupe, White""}",PEOFP-HC-2,28.88,"{""attribute_pa_color"": ""beige""}"
Wood Window Parts - Other Brands(101),CARADCO CONTOUR HANDLE AND COVER,https://truthentrygard.com/product/caradco-contour-handle-and-cover/,PEOFP-HC-2,$ 28.88 – $ 32.88 Price range: $28.88 through $32.88,GOT QUESTIONS?! Contact us at info@truthentrygard.com,,"{""Color"": ""Beige, Black, Bronze, Chestnut Bronze, Clay, Coppertone, Gold, Satin Taupe, White""}",PEOFP-HC-2,28.88,"{""attribute_pa_color"": ""black""}"
Wood Window Parts - Other Brands(101),CARADCO CONTOUR HANDLE AND COVER,https://truthentrygard.com/product/caradco-contour-handle-and-cover/,PEOFP-HC-2,$ 28.88 – $ 32.88 Price range: $28.88 through $32.88,GOT QUESTIONS?! Contact us at info@truthentrygard.com,,"{""Color"": ""Beige, Black, Bronze, Chestnut Bronze, Clay, Coppertone, Gold, Satin Taupe, White""}",PEOFP-HC-2,28.88,"{""attribute_pa_color"": ""chestnut-bronze""}"
Wood Window Parts - Other Brands(101),CARADCO CONTOUR HANDLE AND COVER,https://truthentrygard.com/product/caradco-contour-handle-and-cover/,PEOFP-HC-2,$ 28.88 – $ 32.88 Price range: $28.88 through $32.88,GOT QUESTIONS?! Contact us at info@truthentrygard.com,,"{""Color"": ""Beige, Black, Bronze, Chestnut Bronze, Clay, Coppertone, Gold, Satin Taupe, White""}",PEOFP-HC-2,28.88,"{""attribute_pa_color"": ""clay""}"
Wood Window Parts - Other Brands(101),CARADCO CONTOUR HANDLE AND COVER,https://truthentrygard.com/product/caradco-contour-handle-and-cover/,PEOFP-HC-2,$ 28.88 – $ 32.88 Price range: $28.88 through $32.88,GOT QUESTIONS?! Contact us at info@truthentrygard.com,,"{""Color"": ""Beige, Black, Bronze, Chestnut Bronze, Clay, Coppertone, Gold, Satin Taupe, White""}",PEOFP-HC-2,29.88,"{""attribute_pa_color"": ""coppertone""}"
Wood Window Parts - Other Brands(101),CARADCO CONTOUR HANDLE AND COVER,https://truthentrygard.com/product/caradco-contour-handle-and-cover/,PEOFP-HC-2,$ 28.88 – $ 32.88 Price range: $28.88 through $32.88,GOT QUESTIONS?! Contact us at info@truthentrygard.com,,"{""Color"": ""Beige, Black, Bronze, Chestnut Bronze, Clay, Coppertone, Gold, Satin Taupe, White""}",PEOFP-HC-2,32.88,"{""attribute_pa_color"": ""gold""}"
Wood Window Parts - Other Brands(101),CARADCO CONTOUR HANDLE AND COVER,https://truthentrygard.com/product/caradco-contour-handle-and-cover/,PEOFP-HC-2,$ 28.88 – $ 32.88 Price range: $28.88 through $32.88,GOT QUESTIONS?! Contact us at info@truthentrygard.com,,"{""Color"": ""Beige, Black, Bronze, Chestnut Bronze, Clay, Coppertone, Gold, Satin Taupe, White""}",PEOFP-HC-2,28.88,"{""attribute_pa_color"": ""bronze""}"
Wood Window Parts - Other Brands(101),CARADCO CONTOUR HANDLE AND COVER,https://truthentrygard.com/product/caradco-contour-handle-and-cover/,PEOFP-HC-2,$ 28.88 – $ 32.88 Price range: $28.88 through $32.88,GOT QUESTIONS?! Contact us at info@truthentrygard.com,,"{""Color"": ""Beige, Black, Bronze, Chestnut Bronze, Clay, Coppertone, Gold, Satin Taupe, White""}",PEOFP-HC-2,28.88,"{""attribute_pa_color"": ""satin-taupe""}"
Wood Window Parts - Other Brands(101),CARADCO CONTOUR HANDLE AND COVER,https://truthentrygard.com/product/caradco-contour-handle-and-cover/,PEOFP-HC-2,$ 28.88 – $ 32.88 Price range: $28.88 through $32.88,GOT QUESTIONS?! Contact us at info@truthentrygard.com,,"{""Color"": ""Beige, Black, Bronze, Chestnut Bronze, Clay, Coppertone, Gold, Satin Taupe, White""}",PEOFP-HC-2,28.88,"{""attribute_pa_color"": ""white""}"
Wood Window Parts - Other Brands(101),"Casement & Awning Window Replacement Parts | Operators, Cranks, Handles | Norco NorClad Jeld-Wen, Pozzi and Others",https://truthentrygard.com/product/casement-awning-window-replacement-parts-operators-cranks-handles-norco-norclad-jeld-wen-pozzi-and-others/,All Window Door Parts Group USA,$ 130.27,,,{},,,
Wood Window Parts - Other Brands(101),Casement and Awning Window Styles – Narrow Sash Leaf Seals | Beige Tan | Home Owner Contractor Packs Available,https://truthentrygard.com/product/casement-and-awning-window-styles-narrow-sash-leaf-seals-beige-tan-home-owner-contractor-packs-available/,TEG-bbrp-00025,$ 37.51,"For questions or concerns, please contact info@truthentrygard.com",,{},,,
Wood Window Parts - Other Brands(101),Casement Awning Window Parts | Foam Seal Weatherstrip,https://truthentrygard.com/product/casement-awning-window-parts-foam-seal-weatherstrip/,TOOLP-WHT,"$ 1,063.22",HAVE QUESTIONS??? CONTACT INFO@TRUTHENTRYGARD.COM,,{},,,
Wood Window Parts - Other Brands(101),Casement Window Complete Weather Strip Seal Kit #1672,https://truthentrygard.com/product/casement-window-complete-weather-strip-seal-kit-1672/,TEG-bbrp-SPK1672,$ 124.17,"For questions or concerns, please contact info@truthentrygard.com",,{},,,
Wood Sash Parts(108),.300 Kerf Insert Weather-Strip Seal,https://truthentrygard.com/product/300-kerf-insert-weather-strip-seal/,TEG-LPB-713.,$ 0.00,Got Questions? Not sure what you need? Feel free to email: info@truthentrygard.com NOT SURE WHAT YOU NEED?!? EMAIL PICTURES AND WE WILL GET YOU TAKEN CARE OF!,,{},,,
Wood Sash Parts(108),1 3/8″ Aluminum Divided Lite Muntin Bar with Tape,https://truthentrygard.com/product/1-3-8-aluminum-divided-lite-muntin-bar-with-tape/,TEG-bbrp-00055,$ 23.88,"**For questions or concerns, please contact info@truthentrygard.com",,"{""Length"": ""1', 2', 3', 4', 5', 6'"", ""Color"": ""White, Dark Bronze, Sandstone""}",TEG-bbrp-00055,23.88,"{""attribute_length"": ""1'"", ""attribute_color"": ""White""}"
Wood Sash Parts(108),1 3/8″ Aluminum Divided Lite Muntin Bar with Tape,https://truthentrygard.com/product/1-3-8-aluminum-divided-lite-muntin-bar-with-tape/,TEG-bbrp-00055,$ 23.88,"**For questions or concerns, please contact info@truthentrygard.com",,"{""Length"": ""1', 2', 3', 4', 5', 6'"", ""Color"": ""White, Dark Bronze, Sandstone""}",TEG-bbrp-00055,23.88,"{""attribute_length"": ""1'"", ""attribute_color"": ""Dark Bronze""}"
Wood Sash Parts(108),1 3/8″ Aluminum Divided Lite Muntin Bar with Tape,https://truthentrygard.com/product/1-3-8-aluminum-divided-lite-muntin-bar-with-tape/,TEG-bbrp-00055,$ 23.88,"**For questions or concerns, please contact info@truthentrygard.com",,"{""Length"": ""1', 2', 3', 4', 5', 6'"", ""Color"": ""White, Dark Bronze, Sandstone""}",TEG-bbrp-00055,23.88,"{""attribute_length"": ""1'"", ""attribute_color"": ""Sandstone""}"
Wood Sash Parts(108),1 3/8″ Aluminum Divided Lite Muntin Bar with Tape,https://truthentrygard.com/product/1-3-8-aluminum-divided-lite-muntin-bar-with-tape/,TEG-bbrp-00055,$ 23.88,"**For questions or concerns, please contact info@truthentrygard.com",,"{""Length"": ""1', 2', 3', 4', 5', 6'"", ""Color"": ""White, Dark Bronze, Sandstone""}",TEG-bbrp-00055,23.88,"{""attribute_length"": ""2'"", ""attribute_color"": ""White""}"
Wood Sash Parts(108),1 3/8″ Aluminum Divided Lite Muntin Bar with Tape,https://truthentrygard.com/product/1-3-8-aluminum-divided-lite-muntin-bar-with-tape/,TEG-bbrp-00055,$ 23.88,"**For questions or concerns, please contact info@truthentrygard.com",,"{""Length"": ""1', 2', 3', 4', 5', 6'"", ""Color"": ""White, Dark Bronze, Sandstone""}",TEG-bbrp-00055,23.88,"{""attribute_length"": ""2'"", ""attribute_color"": ""Dark Bronze""}"
Wood Sash Parts(108),1 3/8″ Aluminum Divided Lite Muntin Bar with Tape,https://truthentrygard.com/product/1-3-8-aluminum-divided-lite-muntin-bar-with-tape/,TEG-bbrp-00055,$ 23.88,"**For questions or concerns, please contact info@truthentrygard.com",,"{""Length"": ""1', 2', 3', 4', 5', 6'"", ""Color"": ""White, Dark Bronze, Sandstone""}",TEG-bbrp-00055,23.88,"{""attribute_length"": ""2'"", ""attribute_color"": ""Sandstone""}"
Wood Sash Parts(108),1 3/8″ Aluminum Divided Lite Muntin Bar with Tape,https://truthentrygard.com/product/1-3-8-aluminum-divided-lite-muntin-bar-with-tape/,TEG-bbrp-00055,$ 23.88,"**For questions or concerns, please contact info@truthentrygard.com",,"{""Length"": ""1', 2', 3', 4', 5', 6'"", ""Color"": ""White, Dark Bronze, Sandstone""}",TEG-bbrp-00055,23.88,"{""attribute_length"": ""3'"", ""attribute_color"": ""White""}"
Wood Sash Parts(108),1 3/8″ Aluminum Divided Lite Muntin Bar with Tape,https://truthentrygard.com/product/1-3-8-aluminum-divided-lite-muntin-bar-with-tape/,TEG-bbrp-00055,$ 23.88,"**For questions or concerns, please contact info@truthentrygard.com",,"{""Length"": ""1', 2', 3', 4', 5', 6'"", ""Color"": ""White, Dark Bronze, Sandstone""}",TEG-bbrp-00055,23.88,"{""attribute_length"": ""3'"", ""attribute_color"": ""Dark Bronze""}"
Wood Sash Parts(108),1 3/8″ Aluminum Divided Lite Muntin Bar with Tape,https://truthentrygard.com/product/1-3-8-aluminum-divided-lite-muntin-bar-with-tape/,TEG-bbrp-00055,$ 23.88,"**For questions or concerns, please contact info@truthentrygard.com",,"{""Length"": ""1', 2', 3', 4', 5', 6'"", ""Color"": ""White, Dark Bronze, Sandstone""}",TEG-bbrp-00055,23.88,"{""attribute_length"": ""3'"", ""attribute_color"": ""Sandstone""}"
Wood Sash Parts(108),1 3/8″ Aluminum Divided Lite Muntin Bar with Tape,https://truthentrygard.com/product/1-3-8-aluminum-divided-lite-muntin-bar-with-tape/,TEG-bbrp-00055,$ 23.88,"**For questions or concerns, please contact info@truthentrygard.com",,"{""Length"": ""1', 2', 3', 4', 5', 6'"", ""Color"": ""White, Dark Bronze, Sandstone""}",TEG-bbrp-00055,23.88,"{""attribute_length"": ""4'"", ""attribute_color"": ""White""}"
Wood Sash Parts(108),1 3/8″ Aluminum Divided Lite Muntin Bar with Tape,https://truthentrygard.com/product/1-3-8-aluminum-divided-lite-muntin-bar-with-tape/,TEG-bbrp-00055,$ 23.88,"**For questions or concerns, please contact info@truthentrygard.com",,"{""Length"": ""1', 2', 3', 4', 5', 6'"", ""Color"": ""White, Dark Bronze, Sandstone""}",TEG-bbrp-00055,23.88,"{""attribute_length"": ""4'"", ""attribute_color"": ""Dark Bronze""}"
Wood Sash Parts(108),1 3/8″ Aluminum Divided Lite Muntin Bar with Tape,https://truthentrygard.com/product/1-3-8-aluminum-divided-lite-muntin-bar-with-tape/,TEG-bbrp-00055,$ 23.88,"**For questions or concerns, please contact info@truthentrygard.com",,"{""Length"": ""1', 2', 3', 4', 5', 6'"", ""Color"": ""White, Dark Bronze, Sandstone""}",TEG-bbrp-00055,23.88,"{""attribute_length"": ""4'"", ""attribute_color"": ""Sandstone""}"
Wood Sash Parts(108),1 3/8″ Aluminum Divided Lite Muntin Bar with Tape,https://truthentrygard.com/product/1-3-8-aluminum-divided-lite-muntin-bar-with-tape/,TEG-bbrp-00055,$ 23.88,"**For questions or concerns, please contact info@truthentrygard.com",,"{""Length"": ""1', 2', 3', 4', 5', 6'"", ""Color"": ""White, Dark Bronze, Sandstone""}",TEG-bbrp-00055,23.88,"{""attribute_length"": ""5'"", ""attribute_color"": ""White""}"
Wood Sash Parts(108),1 3/8″ Aluminum Divided Lite Muntin Bar with Tape,https://truthentrygard.com/product/1-3-8-aluminum-divided-lite-muntin-bar-with-tape/,TEG-bbrp-00055,$ 23.88,"**For questions or concerns, please contact info@truthentrygard.com",,"{""Length"": ""1', 2', 3', 4', 5', 6'"", ""Color"": ""White, Dark Bronze, Sandstone""}",TEG-bbrp-00055,23.88,"{""attribute_length"": ""5'"", ""attribute_color"": ""Dark Bronze""}"
Wood Sash Parts(108),1 3/8″ Aluminum Divided Lite Muntin Bar with Tape,https://truthentrygard.com/product/1-3-8-aluminum-divided-lite-muntin-bar-with-tape/,TEG-bbrp-00055,$ 23.88,"**For questions or concerns, please contact info@truthentrygard.com",,"{""Length"": ""1', 2', 3', 4', 5', 6'"", ""Color"": ""White, Dark Bronze, Sandstone""}",TEG-bbrp-00055,23.88,"{""attribute_length"": ""5'"", ""attribute_color"": ""Sandstone""}"
Wood Sash Parts(108),1 3/8″ Aluminum Divided Lite Muntin Bar with Tape,https://truthentrygard.com/product/1-3-8-aluminum-divided-lite-muntin-bar-with-tape/,TEG-bbrp-00055,$ 23.88,"**For questions or concerns, please contact info@truthentrygard.com",,"{""Length"": ""1', 2', 3', 4', 5', 6'"", ""Color"": ""White, Dark Bronze, Sandstone""}",TEG-bbrp-00055,23.88,"{""attribute_length"": ""6'"", ""attribute_color"": ""White""}"
Wood Sash Parts(108),1 3/8″ Aluminum Divided Lite Muntin Bar with Tape,https://truthentrygard.com/product/1-3-8-aluminum-divided-lite-muntin-bar-with-tape/,TEG-bbrp-00055,$ 23.88,"**For questions or concerns, please contact info@truthentrygard.com",,"{""Length"": ""1', 2', 3', 4', 5', 6'"", ""Color"": ""White, Dark Bronze, Sandstone""}",TEG-bbrp-00055,23.88,"{""attribute_length"": ""6'"", ""attribute_color"": ""Dark Bronze""}"
Wood Sash Parts(108),1 3/8″ Aluminum Divided Lite Muntin Bar with Tape,https://truthentrygard.com/product/1-3-8-aluminum-divided-lite-muntin-bar-with-tape/,TEG-bbrp-00055,$ 23.88,"**For questions or concerns, please contact info@truthentrygard.com",,"{""Length"": ""1', 2', 3', 4', 5', 6'"", ""Color"": ""White, Dark Bronze, Sandstone""}",TEG-bbrp-00055,23.88,"{""attribute_length"": ""6'"", ""attribute_color"": ""Sandstone""}"
Wood Sash Parts(108),1 3/8″ Wood Divided Lite Muntin Bar with Tape,https://truthentrygard.com/product/1-3-8-wood-divided-lite-muntin-bar-with-tape/,TEG-bbrp-00054,$ 5.95 – $ 35.71 Price range: $5.95 through $35.71,"**For questions or concerns, please contact info@truthentrygard.com",,"{""Length"": ""1', 2', 3', 4', 5', 6'""}",TEG-bbrp-00054,5.95,"{""attribute_length"": ""1'""}"
Wood Sash Parts(108),1 3/8″ Wood Divided Lite Muntin Bar with Tape,https://truthentrygard.com/product/1-3-8-wood-divided-lite-muntin-bar-with-tape/,TEG-bbrp-00054,$ 5.95 – $ 35.71 Price range: $5.95 through $35.71,"**For questions or concerns, please contact info@truthentrygard.com",,"{""Length"": ""1', 2', 3', 4', 5', 6'""}",TEG-bbrp-00054,11.9,"{""attribute_length"": ""2'""}"
Wood Sash Parts(108),1 3/8″ Wood Divided Lite Muntin Bar with Tape,https://truthentrygard.com/product/1-3-8-wood-divided-lite-muntin-bar-with-tape/,TEG-bbrp-00054,$ 5.95 – $ 35.71 Price range: $5.95 through $35.71,"**For questions or concerns, please contact info@truthentrygard.com",,"{""Length"": ""1', 2', 3', 4', 5', 6'""}",TEG-bbrp-00054,17.85,"{""attribute_length"": ""3'""}"
Wood Sash Parts(108),1 3/8″ Wood Divided Lite Muntin Bar with Tape,https://truthentrygard.com/product/1-3-8-wood-divided-lite-muntin-bar-with-tape/,TEG-bbrp-00054,$ 5.95 – $ 35.71 Price range: $5.95 through $35.71,"**For questions or concerns, please contact info@truthentrygard.com",,"{""Length"": ""1', 2', 3', 4', 5', 6'""}",TEG-bbrp-00054,23.81,"{""attribute_length"": ""4'""}"
Wood Sash Parts(108),1 3/8″ Wood Divided Lite Muntin Bar with Tape,https://truthentrygard.com/product/1-3-8-wood-divided-lite-muntin-bar-with-tape/,TEG-bbrp-00054,$ 5.95 – $ 35.71 Price range: $5.95 through $35.71,"**For questions or concerns, please contact info@truthentrygard.com",,"{""Length"": ""1', 2', 3', 4', 5', 6'""}",TEG-bbrp-00054,29.75,"{""attribute_length"": ""5'""}"
Wood Sash Parts(108),1 3/8″ Wood Divided Lite Muntin Bar with Tape,https://truthentrygard.com/product/1-3-8-wood-divided-lite-muntin-bar-with-tape/,TEG-bbrp-00054,$ 5.95 – $ 35.71 Price range: $5.95 through $35.71,"**For questions or concerns, please contact info@truthentrygard.com",,"{""Length"": ""1', 2', 3', 4', 5', 6'""}",TEG-bbrp-00054,35.71,"{""attribute_length"": ""6'""}"
Wood Sash Parts(108),1″ Aluminum Divided Lite Muntin Bar with Tape,https://truthentrygard.com/product/1-aluminum-divided-lite-muntin-bar-with-tape/,TEG-bbrp-00056,$ 17.66 – $ 99.29 Price range: $17.66 through $99.29,,,"{""Length"": ""1', 2', 3', 4', 5', 6'"", ""Color"": ""White, Dark Bronze, Sandstone""}",TEG-bbrp-00056,17.66,"{""attribute_length"": ""1'"", ""attribute_color"": ""White""}"
Wood Sash Parts(108),1″ Aluminum Divided Lite Muntin Bar with Tape,https://truthentrygard.com/product/1-aluminum-divided-lite-muntin-bar-with-tape/,TEG-bbrp-00056,$ 17.66 – $ 99.29 Price range: $17.66 through $99.29,,,"{""Length"": ""1', 2', 3', 4', 5', 6'"", ""Color"": ""White, Dark Bronze, Sandstone""}",TEG-bbrp-00056,17.66,"{""attribute_length"": ""1'"", ""attribute_color"": ""Dark Bronze""}"
Wood Sash Parts(108),1″ Aluminum Divided Lite Muntin Bar with Tape,https://truthentrygard.com/product/1-aluminum-divided-lite-muntin-bar-with-tape/,TEG-bbrp-00056,$ 17.66 – $ 99.29 Price range: $17.66 through $99.29,,,"{""Length"": ""1', 2', 3', 4', 5', 6'"", ""Color"": ""White, Dark Bronze, Sandstone""}",TEG-bbrp-00056,17.66,"{""attribute_length"": ""1'"", ""attribute_color"": ""Sandstone""}"
Wood Sash Parts(108),1″ Aluminum Divided Lite Muntin Bar with Tape,https://truthentrygard.com/product/1-aluminum-divided-lite-muntin-bar-with-tape/,TEG-bbrp-00056,$ 17.66 – $ 99.29 Price range: $17.66 through $99.29,,,"{""Length"": ""1', 2', 3', 4', 5', 6'"", ""Color"": ""White, Dark Bronze, Sandstone""}",TEG-bbrp-00056,33.58,"{""attribute_length"": ""2'"", ""attribute_color"": ""White""}"
Wood Sash Parts(108),1″ Aluminum Divided Lite Muntin Bar with Tape,https://truthentrygard.com/product/1-aluminum-divided-lite-muntin-bar-with-tape/,TEG-bbrp-00056,$ 17.66 – $ 99.29 Price range: $17.66 through $99.29,,,"{""Length"": ""1', 2', 3', 4', 5', 6'"", ""Color"": ""White, Dark Bronze, Sandstone""}",TEG-bbrp-00056,33.58,"{""attribute_length"": ""2'"", ""attribute_color"": ""Dark Bronze""}"
Wood Sash Parts(108),1″ Aluminum Divided Lite Muntin Bar with Tape,https://truthentrygard.com/product/1-aluminum-divided-lite-muntin-bar-with-tape/,TEG-bbrp-00056,$ 17.66 – $ 99.29 Price range: $17.66 through $99.29,,,"{""Length"": ""1', 2', 3', 4', 5', 6'"", ""Color"": ""White, Dark Bronze, Sandstone""}",TEG-bbrp-00056,33.58,"{""attribute_length"": ""2'"", ""attribute_color"": ""Sandstone""}"
Wood Sash Parts(108),1″ Aluminum Divided Lite Muntin Bar with Tape,https://truthentrygard.com/product/1-aluminum-divided-lite-muntin-bar-with-tape/,TEG-bbrp-00056,$ 17.66 – $ 99.29 Price range: $17.66 through $99.29,,,"{""Length"": ""1', 2', 3', 4', 5', 6'"", ""Color"": ""White, Dark Bronze, Sandstone""}",TEG-bbrp-00056,50.79,"{""attribute_length"": ""3'"", ""attribute_color"": ""White""}"
Wood Sash Parts(108),1″ Aluminum Divided Lite Muntin Bar with Tape,https://truthentrygard.com/product/1-aluminum-divided-lite-muntin-bar-with-tape/,TEG-bbrp-00056,$ 17.66 – $ 99.29 Price range: $17.66 through $99.29,,,"{""Length"": ""1', 2', 3', 4', 5', 6'"", ""Color"": ""White, Dark Bronze, Sandstone""}",TEG-bbrp-00056,50.79,"{""attribute_length"": ""3'"", ""attribute_color"": ""Dark Bronze""}"
Wood Sash Parts(108),1″ Aluminum Divided Lite Muntin Bar with Tape,https://truthentrygard.com/product/1-aluminum-divided-lite-muntin-bar-with-tape/,TEG-bbrp-00056,$ 17.66 – $ 99.29 Price range: $17.66 through $99.29,,,"{""Length"": ""1', 2', 3', 4', 5', 6'"", ""Color"": ""White, Dark Bronze, Sandstone""}",TEG-bbrp-00056,50.79,"{""attribute_length"": ""3'"", ""attribute_color"": ""Sandstone""}"
Wood Sash Parts(108),1″ Aluminum Divided Lite Muntin Bar with Tape,https://truthentrygard.com/product/1-aluminum-divided-lite-muntin-bar-with-tape/,TEG-bbrp-00056,$ 17.66 – $ 99.29 Price range: $17.66 through $99.29,,,"{""Length"": ""1', 2', 3', 4', 5', 6'"", ""Color"": ""White, Dark Bronze, Sandstone""}",TEG-bbrp-00056,70.18,"{""attribute_length"": ""4'"", ""attribute_color"": ""White""}"
Wood Sash Parts(108),1″ Aluminum Divided Lite Muntin Bar with Tape,https://truthentrygard.com/product/1-aluminum-divided-lite-muntin-bar-with-tape/,TEG-bbrp-00056,$ 17.66 – $ 99.29 Price range: $17.66 through $99.29,,,"{""Length"": ""1', 2', 3', 4', 5', 6'"", ""Color"": ""White, Dark Bronze, Sandstone""}",TEG-bbrp-00056,70.18,"{""attribute_length"": ""4'"", ""attribute_color"": ""Dark Bronze""}"
Wood Sash Parts(108),1″ Aluminum Divided Lite Muntin Bar with Tape,https://truthentrygard.com/product/1-aluminum-divided-lite-muntin-bar-with-tape/,TEG-bbrp-00056,$ 17.66 – $ 99.29 Price range: $17.66 through $99.29,,,"{""Length"": ""1', 2', 3', 4', 5', 6'"", ""Color"": ""White, Dark Bronze, Sandstone""}",TEG-bbrp-00056,70.18,"{""attribute_length"": ""4'"", ""attribute_color"": ""Sandstone""}"
Wood Sash Parts(108),1″ Aluminum Divided Lite Muntin Bar with Tape,https://truthentrygard.com/product/1-aluminum-divided-lite-muntin-bar-with-tape/,TEG-bbrp-00056,$ 17.66 – $ 99.29 Price range: $17.66 through $99.29,,,"{""Length"": ""1', 2', 3', 4', 5', 6'"", ""Color"": ""White, Dark Bronze, Sandstone""}",TEG-bbrp-00056,88.35,"{""attribute_length"": ""5'"", ""attribute_color"": ""White""}"
Wood Sash Parts(108),1″ Aluminum Divided Lite Muntin Bar with Tape,https://truthentrygard.com/product/1-aluminum-divided-lite-muntin-bar-with-tape/,TEG-bbrp-00056,$ 17.66 – $ 99.29 Price range: $17.66 through $99.29,,,"{""Length"": ""1', 2', 3', 4', 5', 6'"", ""Color"": ""White, Dark Bronze, Sandstone""}",TEG-bbrp-00056,88.35,"{""attribute_length"": ""5'"", ""attribute_color"": ""Dark Bronze""}"
Wood Sash Parts(108),1″ Aluminum Divided Lite Muntin Bar with Tape,https://truthentrygard.com/product/1-aluminum-divided-lite-muntin-bar-with-tape/,TEG-bbrp-00056,$ 17.66 – $ 99.29 Price range: $17.66 through $99.29,,,"{""Length"": ""1', 2', 3', 4', 5', 6'"", ""Color"": ""White, Dark Bronze, Sandstone""}",TEG-bbrp-00056,88.35,"{""attribute_length"": ""5'"", ""attribute_color"": ""Sandstone""}"
Wood Sash Parts(108),1″ Aluminum Divided Lite Muntin Bar with Tape,https://truthentrygard.com/product/1-aluminum-divided-lite-muntin-bar-with-tape/,TEG-bbrp-00056,$ 17.66 – $ 99.29 Price range: $17.66 through $99.29,,,"{""Length"": ""1', 2', 3', 4', 5', 6'"", ""Color"": ""White, Dark Bronze, Sandstone""}",TEG-bbrp-00056,99.29,"{""attribute_length"": ""6'"", ""attribute_color"": ""White""}"
Wood Sash Parts(108),1″ Aluminum Divided Lite Muntin Bar with Tape,https://truthentrygard.com/product/1-aluminum-divided-lite-muntin-bar-with-tape/,TEG-bbrp-00056,$ 17.66 – $ 99.29 Price range: $17.66 through $99.29,,,"{""Length"": ""1', 2', 3', 4', 5', 6'"", ""Color"": ""White, Dark Bronze, Sandstone""}",TEG-bbrp-00056,99.29,"{""attribute_length"": ""6'"", ""attribute_color"": ""Dark Bronze""}"
Wood Sash Parts(108),1″ Aluminum Divided Lite Muntin Bar with Tape,https://truthentrygard.com/product/1-aluminum-divided-lite-muntin-bar-with-tape/,TEG-bbrp-00056,$ 17.66 – $ 99.29 Price range: $17.66 through $99.29,,,"{""Length"": ""1', 2', 3', 4', 5', 6'"", ""Color"": ""White, Dark Bronze, Sandstone""}",TEG-bbrp-00056,99.29,"{""attribute_length"": ""6'"", ""attribute_color"": ""Sandstone""}"
Wood Sash Parts(108),2R Window Limit Device,https://truthentrygard.com/product/2r-window-limit-device/,N/A,$ 135.88,GOT QUESTIONS?! Contact us: info@truthentrygard.com,,"{""Handing"": ""Left, Right""}",,135.88,"{""attribute_handing"": ""Left""}"
Wood Sash Parts(108),7/8″ Aluminum Divided Lite Muntin Bar with Tape,https://truthentrygard.com/product/7-8-aluminum-divided-lite-muntin-bar-with-tape/,TEG-bbrp-00057,$ 13.99 – $ 78.38 Price range: $13.99 through $78.38,"**For questions or concerns, please contact info@truthentrygard.com",,"{""Length"": ""1', 2', 3', 4', 5', 6'"", ""Color"": ""White, Dark Bronze, Sandstone""}",TEG-bbrp-00057,13.99,"{""attribute_length"": ""1'"", ""attribute_color"": ""White""}"
Wood Sash Parts(108),7/8″ Aluminum Divided Lite Muntin Bar with Tape,https://truthentrygard.com/product/7-8-aluminum-divided-lite-muntin-bar-with-tape/,TEG-bbrp-00057,$ 13.99 – $ 78.38 Price range: $13.99 through $78.38,"**For questions or concerns, please contact info@truthentrygard.com",,"{""Length"": ""1', 2', 3', 4', 5', 6'"", ""Color"": ""White, Dark Bronze, Sandstone""}",TEG-bbrp-00057,13.99,"{""attribute_length"": ""1'"", ""attribute_color"": ""Dark Bronze""}"
Wood Sash Parts(108),7/8″ Aluminum Divided Lite Muntin Bar with Tape,https://truthentrygard.com/product/7-8-aluminum-divided-lite-muntin-bar-with-tape/,TEG-bbrp-00057,$ 13.99 – $ 78.38 Price range: $13.99 through $78.38,"**For questions or concerns, please contact info@truthentrygard.com",,"{""Length"": ""1', 2', 3', 4', 5', 6'"", ""Color"": ""White, Dark Bronze, Sandstone""}",TEG-bbrp-00057,13.99,"{""attribute_length"": ""1'"", ""attribute_color"": ""Sandstone""}"
Wood Sash Parts(108),7/8″ Aluminum Divided Lite Muntin Bar with Tape,https://truthentrygard.com/product/7-8-aluminum-divided-lite-muntin-bar-with-tape/,TEG-bbrp-00057,$ 13.99 – $ 78.38 Price range: $13.99 through $78.38,"**For questions or concerns, please contact info@truthentrygard.com",,"{""Length"": ""1', 2', 3', 4', 5', 6'"", ""Color"": ""White, Dark Bronze, Sandstone""}",TEG-bbrp-00057,28.55,"{""attribute_length"": ""2'"", ""attribute_color"": ""White""}"
Wood Sash Parts(108),7/8″ Aluminum Divided Lite Muntin Bar with Tape,https://truthentrygard.com/product/7-8-aluminum-divided-lite-muntin-bar-with-tape/,TEG-bbrp-00057,$ 13.99 – $ 78.38 Price range: $13.99 through $78.38,"**For questions or concerns, please contact info@truthentrygard.com",,"{""Length"": ""1', 2', 3', 4', 5', 6'"", ""Color"": ""White, Dark Bronze, Sandstone""}",TEG-bbrp-00057,28.55,"{""attribute_length"": ""2'"", ""attribute_color"": ""Dark Bronze""}"
Wood Sash Parts(108),7/8″ Aluminum Divided Lite Muntin Bar with Tape,https://truthentrygard.com/product/7-8-aluminum-divided-lite-muntin-bar-with-tape/,TEG-bbrp-00057,$ 13.99 – $ 78.38 Price range: $13.99 through $78.38,"**For questions or concerns, please contact info@truthentrygard.com",,"{""Length"": ""1', 2', 3', 4', 5', 6'"", ""Color"": ""White, Dark Bronze, Sandstone""}",TEG-bbrp-00057,28.55,"{""attribute_length"": ""2'"", ""attribute_color"": ""Sandstone""}"
Wood Sash Parts(108),7/8″ Aluminum Divided Lite Muntin Bar with Tape,https://truthentrygard.com/product/7-8-aluminum-divided-lite-muntin-bar-with-tape/,TEG-bbrp-00057,$ 13.99 – $ 78.38 Price range: $13.99 through $78.38,"**For questions or concerns, please contact info@truthentrygard.com",,"{""Length"": ""1', 2', 3', 4', 5', 6'"", ""Color"": ""White, Dark Bronze, Sandstone""}",TEG-bbrp-00057,45.44,"{""attribute_length"": ""3'"", ""attribute_color"": ""White""}"
Wood Sash Parts(108),7/8″ Aluminum Divided Lite Muntin Bar with Tape,https://truthentrygard.com/product/7-8-aluminum-divided-lite-muntin-bar-with-tape/,TEG-bbrp-00057,$ 13.99 – $ 78.38 Price range: $13.99 through $78.38,"**For questions or concerns, please contact info@truthentrygard.com",,"{""Length"": ""1', 2', 3', 4', 5', 6'"", ""Color"": ""White, Dark Bronze, Sandstone""}",TEG-bbrp-00057,45.44,"{""attribute_length"": ""3'"", ""attribute_color"": ""Dark Bronze""}"
Wood Sash Parts(108),7/8″ Aluminum Divided Lite Muntin Bar with Tape,https://truthentrygard.com/product/7-8-aluminum-divided-lite-muntin-bar-with-tape/,TEG-bbrp-00057,$ 13.99 – $ 78.38 Price range: $13.99 through $78.38,"**For questions or concerns, please contact info@truthentrygard.com",,"{""Length"": ""1', 2', 3', 4', 5', 6'"", ""Color"": ""White, Dark Bronze, Sandstone""}",TEG-bbrp-00057,45.44,"{""attribute_length"": ""3'"", ""attribute_color"": ""Sandstone""}"
Wood Sash Parts(108),7/8″ Aluminum Divided Lite Muntin Bar with Tape,https://truthentrygard.com/product/7-8-aluminum-divided-lite-muntin-bar-with-tape/,TEG-bbrp-00057,$ 13.99 – $ 78.38 Price range: $13.99 through $78.38,"**For questions or concerns, please contact info@truthentrygard.com",,"{""Length"": ""1', 2', 3', 4', 5', 6'"", ""Color"": ""White, Dark Bronze, Sandstone""}",TEG-bbrp-00057,52.22,"{""attribute_length"": ""4'"", ""attribute_color"": ""White""}"
Wood Sash Parts(108),7/8″ Aluminum Divided Lite Muntin Bar with Tape,https://truthentrygard.com/product/7-8-aluminum-divided-lite-muntin-bar-with-tape/,TEG-bbrp-00057,$ 13.99 – $ 78.38 Price range: $13.99 through $78.38,"**For questions or concerns, please contact info@truthentrygard.com",,"{""Length"": ""1', 2', 3', 4', 5', 6'"", ""Color"": ""White, Dark Bronze, Sandstone""}",TEG-bbrp-00057,52.22,"{""attribute_length"": ""4'"", ""attribute_color"": ""Dark Bronze""}"
Wood Sash Parts(108),7/8″ Aluminum Divided Lite Muntin Bar with Tape,https://truthentrygard.com/product/7-8-aluminum-divided-lite-muntin-bar-with-tape/,TEG-bbrp-00057,$ 13.99 – $ 78.38 Price range: $13.99 through $78.38,"**For questions or concerns, please contact info@truthentrygard.com",,"{""Length"": ""1', 2', 3', 4', 5', 6'"", ""Color"": ""White, Dark Bronze, Sandstone""}",TEG-bbrp-00057,52.22,"{""attribute_length"": ""4'"", ""attribute_color"": ""Sandstone""}"
Wood Sash Parts(108),7/8″ Aluminum Divided Lite Muntin Bar with Tape,https://truthentrygard.com/product/7-8-aluminum-divided-lite-muntin-bar-with-tape/,TEG-bbrp-00057,$ 13.99 – $ 78.38 Price range: $13.99 through $78.38,"**For questions or concerns, please contact info@truthentrygard.com",,"{""Length"": ""1', 2', 3', 4', 5', 6'"", ""Color"": ""White, Dark Bronze, Sandstone""}",TEG-bbrp-00057,71.44,"{""attribute_length"": ""5'"", ""attribute_color"": ""White""}"
Wood Sash Parts(108),7/8″ Aluminum Divided Lite Muntin Bar with Tape,https://truthentrygard.com/product/7-8-aluminum-divided-lite-muntin-bar-with-tape/,TEG-bbrp-00057,$ 13.99 – $ 78.38 Price range: $13.99 through $78.38,"**For questions or concerns, please contact info@truthentrygard.com",,"{""Length"": ""1', 2', 3', 4', 5', 6'"", ""Color"": ""White, Dark Bronze, Sandstone""}",TEG-bbrp-00057,71.44,"{""attribute_length"": ""5'"", ""attribute_color"": ""Dark Bronze""}"
Wood Sash Parts(108),7/8″ Aluminum Divided Lite Muntin Bar with Tape,https://truthentrygard.com/product/7-8-aluminum-divided-lite-muntin-bar-with-tape/,TEG-bbrp-00057,$ 13.99 – $ 78.38 Price range: $13.99 through $78.38,"**For questions or concerns, please contact info@truthentrygard.com",,"{""Length"": ""1', 2', 3', 4', 5', 6'"", ""Color"": ""White, Dark Bronze, Sandstone""}",TEG-bbrp-00057,71.44,"{""attribute_length"": ""5'"", ""attribute_color"": ""Sandstone""}"
Wood Sash Parts(108),7/8″ Aluminum Divided Lite Muntin Bar with Tape,https://truthentrygard.com/product/7-8-aluminum-divided-lite-muntin-bar-with-tape/,TEG-bbrp-00057,$ 13.99 – $ 78.38 Price range: $13.99 through $78.38,"**For questions or concerns, please contact info@truthentrygard.com",,"{""Length"": ""1', 2', 3', 4', 5', 6'"", ""Color"": ""White, Dark Bronze, Sandstone""}",TEG-bbrp-00057,78.38,"{""attribute_length"": ""6'"", ""attribute_color"": ""White""}"
Wood Sash Parts(108),7/8″ Aluminum Divided Lite Muntin Bar with Tape,https://truthentrygard.com/product/7-8-aluminum-divided-lite-muntin-bar-with-tape/,TEG-bbrp-00057,$ 13.99 – $ 78.38 Price range: $13.99 through $78.38,"**For questions or concerns, please contact info@truthentrygard.com",,"{""Length"": ""1', 2', 3', 4', 5', 6'"", ""Color"": ""White, Dark Bronze, Sandstone""}",TEG-bbrp-00057,78.38,"{""attribute_length"": ""6'"", ""attribute_color"": ""Dark Bronze""}"
Wood Sash Parts(108),7/8″ Aluminum Divided Lite Muntin Bar with Tape,https://truthentrygard.com/product/7-8-aluminum-divided-lite-muntin-bar-with-tape/,TEG-bbrp-00057,$ 13.99 – $ 78.38 Price range: $13.99 through $78.38,"**For questions or concerns, please contact info@truthentrygard.com",,"{""Length"": ""1', 2', 3', 4', 5', 6'"", ""Color"": ""White, Dark Bronze, Sandstone""}",TEG-bbrp-00057,78.38,"{""attribute_length"": ""6'"", ""attribute_color"": ""Sandstone""}"
Wood Sash Parts(108),7/8″ Wood Divided Lite Muntin,https://truthentrygard.com/product/7-8-wood-divided-lite-muntin/,TEG-bbrp-00058,$ 5.16 – $ 30.97 Price range: $5.16 through $30.97,"**For questions or concerns, please contact info@truthentrygard.com",,"{""Length"": ""1', 2', 3', 4', 5', 6'""}",TEG-bbrp-00058,5.16,"{""attribute_length"": ""1'""}"
Wood Sash Parts(108),7/8″ Wood Divided Lite Muntin,https://truthentrygard.com/product/7-8-wood-divided-lite-muntin/,TEG-bbrp-00058,$ 5.16 – $ 30.97 Price range: $5.16 through $30.97,"**For questions or concerns, please contact info@truthentrygard.com",,"{""Length"": ""1', 2', 3', 4', 5', 6'""}",TEG-bbrp-00058,10.33,"{""attribute_length"": ""2'""}"
Wood Sash Parts(108),7/8″ Wood Divided Lite Muntin,https://truthentrygard.com/product/7-8-wood-divided-lite-muntin/,TEG-bbrp-00058,$ 5.16 – $ 30.97 Price range: $5.16 through $30.97,"**For questions or concerns, please contact info@truthentrygard.com",,"{""Length"": ""1', 2', 3', 4', 5', 6'""}",TEG-bbrp-00058,15.48,"{""attribute_length"": ""3'""}"
Wood Sash Parts(108),7/8″ Wood Divided Lite Muntin,https://truthentrygard.com/product/7-8-wood-divided-lite-muntin/,TEG-bbrp-00058,$ 5.16 – $ 30.97 Price range: $5.16 through $30.97,"**For questions or concerns, please contact info@truthentrygard.com",,"{""Length"": ""1', 2', 3', 4', 5', 6'""}",TEG-bbrp-00058,20.65,"{""attribute_length"": ""4'""}"
Wood Sash Parts(108),7/8″ Wood Divided Lite Muntin,https://truthentrygard.com/product/7-8-wood-divided-lite-muntin/,TEG-bbrp-00058,$ 5.16 – $ 30.97 Price range: $5.16 through $30.97,"**For questions or concerns, please contact info@truthentrygard.com",,"{""Length"": ""1', 2', 3', 4', 5', 6'""}",TEG-bbrp-00058,25.81,"{""attribute_length"": ""5'""}"
Wood Sash Parts(108),7/8″ Wood Divided Lite Muntin,https://truthentrygard.com/product/7-8-wood-divided-lite-muntin/,TEG-bbrp-00058,$ 5.16 – $ 30.97 Price range: $5.16 through $30.97,"**For questions or concerns, please contact info@truthentrygard.com",,"{""Length"": ""1', 2', 3', 4', 5', 6'""}",TEG-bbrp-00058,30.97,"{""attribute_length"": ""6'""}"
Wood Sash Parts(108),Anderson Andersen Window Door Replacement Hardware Parts Free ID Help,https://truthentrygard.com/product/anderson-andersen-window-door-replacement-hardware-parts-free-id-help/,TEG- 2573517 1274104,$ 16.92,,,{},,,
Wood Sash Parts(108),Ashland Dual Arm Casement Window Operator Components,https://truthentrygard.com/product/ashland-dual-arm-casement-window-operator-components/,TEG-OT-565SS,$ 80.88,Got Questions? Not sure what you need? Feel free to email: info@truthentrygard.com NOT SURE WHAT YOU NEED?!? EMAIL PICTURES AND WE WILL GET YOU TAKEN CARE OF!,,"{""Handing"": ""Left, Right""}",TEG-OT-565SS,80.88,"{""attribute_pa_handing"": ""left""}"
Wood Sash Parts(108),Ashland Dual Arm Casement Window Operator Components,https://truthentrygard.com/product/ashland-dual-arm-casement-window-operator-components/,TEG-OT-565SS,$ 80.88,Got Questions? Not sure what you need? Feel free to email: info@truthentrygard.com NOT SURE WHAT YOU NEED?!? EMAIL PICTURES AND WE WILL GET YOU TAKEN CARE OF!,,"{""Handing"": ""Left, Right""}",TEG-OT-565SS,80.88,"{""attribute_pa_handing"": ""right""}"
Wood Sash Parts(108),Awning Window Operator Parts | 29168 AWNING UNIT ASSEMBLY 28.75″,https://truthentrygard.com/product/awning-window-operator-parts-29168-awning-unit-assembly-28-75/,TEG-29-168,$ 207.91,"For questions or concerns, please contact info@truthentrygard.com",,{},,,
Wood Sash Parts(108),CAM SASH LOCK | ENTRYGARD | TRUTH HARDWARE,https://truthentrygard.com/product/cam-sash-lock-entrygard/,TEG-,$ 32.22,GOT QUESTIONS?! Contact us at info@truthentrygard.com,,"{""Color"": ""Bronze, White""}",TEG-,32.22,"{""attribute_pa_color"": ""bronze""}"
Wood Sash Parts(108),CAM SASH LOCK | ENTRYGARD | TRUTH HARDWARE,https://truthentrygard.com/product/cam-sash-lock-entrygard/,TEG-,$ 32.22,GOT QUESTIONS?! Contact us at info@truthentrygard.com,,"{""Color"": ""Bronze, White""}",TEG-,32.22,"{""attribute_pa_color"": ""white""}"
Wood Sash Parts(108),CARADCO CONTOUR HANDLE AND COVER,https://truthentrygard.com/product/caradco-contour-handle-and-cover/,PEOFP-HC-2,$ 28.88 – $ 32.88 Price range: $28.88 through $32.88,GOT QUESTIONS?! Contact us at info@truthentrygard.com,,"{""Color"": ""Beige, Black, Bronze, Chestnut Bronze, Clay, Coppertone, Gold, Satin Taupe, White""}",PEOFP-HC-2,28.88,"{""attribute_pa_color"": ""beige""}"
Wood Sash Parts(108),CARADCO CONTOUR HANDLE AND COVER,https://truthentrygard.com/product/caradco-contour-handle-and-cover/,PEOFP-HC-2,$ 28.88 – $ 32.88 Price range: $28.88 through $32.88,GOT QUESTIONS?! Contact us at info@truthentrygard.com,,"{""Color"": ""Beige, Black, Bronze, Chestnut Bronze, Clay, Coppertone, Gold, Satin Taupe, White""}",PEOFP-HC-2,28.88,"{""attribute_pa_color"": ""black""}"
Wood Sash Parts(108),CARADCO CONTOUR HANDLE AND COVER,https://truthentrygard.com/product/caradco-contour-handle-and-cover/,PEOFP-HC-2,$ 28.88 – $ 32.88 Price range: $28.88 through $32.88,GOT QUESTIONS?! Contact us at info@truthentrygard.com,,"{""Color"": ""Beige, Black, Bronze, Chestnut Bronze, Clay, Coppertone, Gold, Satin Taupe, White""}",PEOFP-HC-2,28.88,"{""attribute_pa_color"": ""chestnut-bronze""}"
Wood Sash Parts(108),CARADCO CONTOUR HANDLE AND COVER,https://truthentrygard.com/product/caradco-contour-handle-and-cover/,PEOFP-HC-2,$ 28.88 – $ 32.88 Price range: $28.88 through $32.88,GOT QUESTIONS?! Contact us at info@truthentrygard.com,,"{""Color"": ""Beige, Black, Bronze, Chestnut Bronze, Clay, Coppertone, Gold, Satin Taupe, White""}",PEOFP-HC-2,28.88,"{""attribute_pa_color"": ""clay""}"
Wood Sash Parts(108),CARADCO CONTOUR HANDLE AND COVER,https://truthentrygard.com/product/caradco-contour-handle-and-cover/,PEOFP-HC-2,$ 28.88 – $ 32.88 Price range: $28.88 through $32.88,GOT QUESTIONS?! Contact us at info@truthentrygard.com,,"{""Color"": ""Beige, Black, Bronze, Chestnut Bronze, Clay, Coppertone, Gold, Satin Taupe, White""}",PEOFP-HC-2,29.88,"{""attribute_pa_color"": ""coppertone""}"
Wood Sash Parts(108),CARADCO CONTOUR HANDLE AND COVER,https://truthentrygard.com/product/caradco-contour-handle-and-cover/,PEOFP-HC-2,$ 28.88 – $ 32.88 Price range: $28.88 through $32.88,GOT QUESTIONS?! Contact us at info@truthentrygard.com,,"{""Color"": ""Beige, Black, Bronze, Chestnut Bronze, Clay, Coppertone, Gold, Satin Taupe, White""}",PEOFP-HC-2,32.88,"{""attribute_pa_color"": ""gold""}"
Wood Sash Parts(108),CARADCO CONTOUR HANDLE AND COVER,https://truthentrygard.com/product/caradco-contour-handle-and-cover/,PEOFP-HC-2,$ 28.88 – $ 32.88 Price range: $28.88 through $32.88,GOT QUESTIONS?! Contact us at info@truthentrygard.com,,"{""Color"": ""Beige, Black, Bronze, Chestnut Bronze, Clay, Coppertone, Gold, Satin Taupe, White""}",PEOFP-HC-2,28.88,"{""attribute_pa_color"": ""bronze""}"
Wood Sash Parts(108),CARADCO CONTOUR HANDLE AND COVER,https://truthentrygard.com/product/caradco-contour-handle-and-cover/,PEOFP-HC-2,$ 28.88 – $ 32.88 Price range: $28.88 through $32.88,GOT QUESTIONS?! Contact us at info@truthentrygard.com,,"{""Color"": ""Beige, Black, Bronze, Chestnut Bronze, Clay, Coppertone, Gold, Satin Taupe, White""}",PEOFP-HC-2,28.88,"{""attribute_pa_color"": ""satin-taupe""}"
Wood Sash Parts(108),CARADCO CONTOUR HANDLE AND COVER,https://truthentrygard.com/product/caradco-contour-handle-and-cover/,PEOFP-HC-2,$ 28.88 – $ 32.88 Price range: $28.88 through $32.88,GOT QUESTIONS?! Contact us at info@truthentrygard.com,,"{""Color"": ""Beige, Black, Bronze, Chestnut Bronze, Clay, Coppertone, Gold, Satin Taupe, White""}",PEOFP-HC-2,28.88,"{""attribute_pa_color"": ""white""}"
Wood Sash Parts(108),"Casement & Awning Window Replacement Parts | Operators, Cranks, Handles | Norco NorClad Jeld-Wen, Pozzi and Others",https://truthentrygard.com/product/casement-awning-window-replacement-parts-operators-cranks-handles-norco-norclad-jeld-wen-pozzi-and-others/,All Window Door Parts Group USA,$ 130.27,,,{},,,
Wood Sash Parts(108),Casement and Awning Window Styles – Narrow Sash Leaf Seals | Beige Tan | Home Owner Contractor Packs Available,https://truthentrygard.com/product/casement-and-awning-window-styles-narrow-sash-leaf-seals-beige-tan-home-owner-contractor-packs-available/,TEG-bbrp-00025,$ 37.51,"For questions or concerns, please contact info@truthentrygard.com",,{},,,
Wood Sash Parts(108),Casement Awning Window Parts | Foam Seal Weatherstrip,https://truthentrygard.com/product/casement-awning-window-parts-foam-seal-weatherstrip/,TOOLP-WHT,"$ 1,063.22",HAVE QUESTIONS??? CONTACT INFO@TRUTHENTRYGARD.COM,,{},,,
Wood Sash Parts(108),Casement Sill Cover,https://truthentrygard.com/product/casement-sill-cover/,TEG-bbdwp-00060,$ 100.46,"For questions or concerns, please contact info@truthentrygard.com",,{},,,
Weather Strip(108),.300 Kerf Insert Weather-Strip Seal,https://truthentrygard.com/product/300-kerf-insert-weather-strip-seal/,TEG-LPB-713.,$ 0.00,Got Questions? Not sure what you need? Feel free to email: info@truthentrygard.com NOT SURE WHAT YOU NEED?!? EMAIL PICTURES AND WE WILL GET YOU TAKEN CARE OF!,,{},,,
Weather Strip(108),1 3/8″ Aluminum Divided Lite Muntin Bar with Tape,https://truthentrygard.com/product/1-3-8-aluminum-divided-lite-muntin-bar-with-tape/,TEG-bbrp-00055,$ 23.88,"**For questions or concerns, please contact info@truthentrygard.com",,"{""Length"": ""1', 2', 3', 4', 5', 6'"", ""Color"": ""White, Dark Bronze, Sandstone""}",TEG-bbrp-00055,23.88,"{""attribute_length"": ""1'"", ""attribute_color"": ""White""}"
Weather Strip(108),1 3/8″ Aluminum Divided Lite Muntin Bar with Tape,https://truthentrygard.com/product/1-3-8-aluminum-divided-lite-muntin-bar-with-tape/,TEG-bbrp-00055,$ 23.88,"**For questions or concerns, please contact info@truthentrygard.com",,"{""Length"": ""1', 2', 3', 4', 5', 6'"", ""Color"": ""White, Dark Bronze, Sandstone""}",TEG-bbrp-00055,23.88,"{""attribute_length"": ""1'"", ""attribute_color"": ""Dark Bronze""}"
Weather Strip(108),1 3/8″ Aluminum Divided Lite Muntin Bar with Tape,https://truthentrygard.com/product/1-3-8-aluminum-divided-lite-muntin-bar-with-tape/,TEG-bbrp-00055,$ 23.88,"**For questions or concerns, please contact info@truthentrygard.com",,"{""Length"": ""1', 2', 3', 4', 5', 6'"", ""Color"": ""White, Dark Bronze, Sandstone""}",TEG-bbrp-00055,23.88,"{""attribute_length"": ""1'"", ""attribute_color"": ""Sandstone""}"
Weather Strip(108),1 3/8″ Aluminum Divided Lite Muntin Bar with Tape,https://truthentrygard.com/product/1-3-8-aluminum-divided-lite-muntin-bar-with-tape/,TEG-bbrp-00055,$ 23.88,"**For questions or concerns, please contact info@truthentrygard.com",,"{""Length"": ""1', 2', 3', 4', 5', 6'"", ""Color"": ""White, Dark Bronze, Sandstone""}",TEG-bbrp-00055,23.88,"{""attribute_length"": ""2'"", ""attribute_color"": ""White""}"
Weather Strip(108),1 3/8″ Aluminum Divided Lite Muntin Bar with Tape,https://truthentrygard.com/product/1-3-8-aluminum-divided-lite-muntin-bar-with-tape/,TEG-bbrp-00055,$ 23.88,"**For questions or concerns, please contact info@truthentrygard.com",,"{""Length"": ""1', 2', 3', 4', 5', 6'"", ""Color"": ""White, Dark Bronze, Sandstone""}",TEG-bbrp-00055,23.88,"{""attribute_length"": ""2'"", ""attribute_color"": ""Dark Bronze""}"
Weather Strip(108),1 3/8″ Aluminum Divided Lite Muntin Bar with Tape,https://truthentrygard.com/product/1-3-8-aluminum-divided-lite-muntin-bar-with-tape/,TEG-bbrp-00055,$ 23.88,"**For questions or concerns, please contact info@truthentrygard.com",,"{""Length"": ""1', 2', 3', 4', 5', 6'"", ""Color"": ""White, Dark Bronze, Sandstone""}",TEG-bbrp-00055,23.88,"{""attribute_length"": ""2'"", ""attribute_color"": ""Sandstone""}"
Weather Strip(108),1 3/8″ Aluminum Divided Lite Muntin Bar with Tape,https://truthentrygard.com/product/1-3-8-aluminum-divided-lite-muntin-bar-with-tape/,TEG-bbrp-00055,$ 23.88,"**For questions or concerns, please contact info@truthentrygard.com",,"{""Length"": ""1', 2', 3', 4', 5', 6'"", ""Color"": ""White, Dark Bronze, Sandstone""}",TEG-bbrp-00055,23.88,"{""attribute_length"": ""3'"", ""attribute_color"": ""White""}"
Weather Strip(108),1 3/8″ Aluminum Divided Lite Muntin Bar with Tape,https://truthentrygard.com/product/1-3-8-aluminum-divided-lite-muntin-bar-with-tape/,TEG-bbrp-00055,$ 23.88,"**For questions or concerns, please contact info@truthentrygard.com",,"{""Length"": ""1', 2', 3', 4', 5', 6'"", ""Color"": ""White, Dark Bronze, Sandstone""}",TEG-bbrp-00055,23.88,"{""attribute_length"": ""3'"", ""attribute_color"": ""Dark Bronze""}"
Weather Strip(108),1 3/8″ Aluminum Divided Lite Muntin Bar with Tape,https://truthentrygard.com/product/1-3-8-aluminum-divided-lite-muntin-bar-with-tape/,TEG-bbrp-00055,$ 23.88,"**For questions or concerns, please contact info@truthentrygard.com",,"{""Length"": ""1', 2', 3', 4', 5', 6'"", ""Color"": ""White, Dark Bronze, Sandstone""}",TEG-bbrp-00055,23.88,"{""attribute_length"": ""3'"", ""attribute_color"": ""Sandstone""}"
Weather Strip(108),1 3/8″ Aluminum Divided Lite Muntin Bar with Tape,https://truthentrygard.com/product/1-3-8-aluminum-divided-lite-muntin-bar-with-tape/,TEG-bbrp-00055,$ 23.88,"**For questions or concerns, please contact info@truthentrygard.com",,"{""Length"": ""1', 2', 3', 4', 5', 6'"", ""Color"": ""White, Dark Bronze, Sandstone""}",TEG-bbrp-00055,23.88,"{""attribute_length"": ""4'"", ""attribute_color"": ""White""}"
Weather Strip(108),1 3/8″ Aluminum Divided Lite Muntin Bar with Tape,https://truthentrygard.com/product/1-3-8-aluminum-divided-lite-muntin-bar-with-tape/,TEG-bbrp-00055,$ 23.88,"**For questions or concerns, please contact info@truthentrygard.com",,"{""Length"": ""1', 2', 3', 4', 5', 6'"", ""Color"": ""White, Dark Bronze, Sandstone""}",TEG-bbrp-00055,23.88,"{""attribute_length"": ""4'"", ""attribute_color"": ""Dark Bronze""}"
Weather Strip(108),1 3/8″ Aluminum Divided Lite Muntin Bar with Tape,https://truthentrygard.com/product/1-3-8-aluminum-divided-lite-muntin-bar-with-tape/,TEG-bbrp-00055,$ 23.88,"**For questions or concerns, please contact info@truthentrygard.com",,"{""Length"": ""1', 2', 3', 4', 5', 6'"", ""Color"": ""White, Dark Bronze, Sandstone""}",TEG-bbrp-00055,23.88,"{""attribute_length"": ""4'"", ""attribute_color"": ""Sandstone""}"
Weather Strip(108),1 3/8″ Aluminum Divided Lite Muntin Bar with Tape,https://truthentrygard.com/product/1-3-8-aluminum-divided-lite-muntin-bar-with-tape/,TEG-bbrp-00055,$ 23.88,"**For questions or concerns, please contact info@truthentrygard.com",,"{""Length"": ""1', 2', 3', 4', 5', 6'"", ""Color"": ""White, Dark Bronze, Sandstone""}",TEG-bbrp-00055,23.88,"{""attribute_length"": ""5'"", ""attribute_color"": ""White""}"
Weather Strip(108),1 3/8″ Aluminum Divided Lite Muntin Bar with Tape,https://truthentrygard.com/product/1-3-8-aluminum-divided-lite-muntin-bar-with-tape/,TEG-bbrp-00055,$ 23.88,"**For questions or concerns, please contact info@truthentrygard.com",,"{""Length"": ""1', 2', 3', 4', 5', 6'"", ""Color"": ""White, Dark Bronze, Sandstone""}",TEG-bbrp-00055,23.88,"{""attribute_length"": ""5'"", ""attribute_color"": ""Dark Bronze""}"
Weather Strip(108),1 3/8″ Aluminum Divided Lite Muntin Bar with Tape,https://truthentrygard.com/product/1-3-8-aluminum-divided-lite-muntin-bar-with-tape/,TEG-bbrp-00055,$ 23.88,"**For questions or concerns, please contact info@truthentrygard.com",,"{""Length"": ""1', 2', 3', 4', 5', 6'"", ""Color"": ""White, Dark Bronze, Sandstone""}",TEG-bbrp-00055,23.88,"{""attribute_length"": ""5'"", ""attribute_color"": ""Sandstone""}"
Weather Strip(108),1 3/8″ Aluminum Divided Lite Muntin Bar with Tape,https://truthentrygard.com/product/1-3-8-aluminum-divided-lite-muntin-bar-with-tape/,TEG-bbrp-00055,$ 23.88,"**For questions or concerns, please contact info@truthentrygard.com",,"{""Length"": ""1', 2', 3', 4', 5', 6'"", ""Color"": ""White, Dark Bronze, Sandstone""}",TEG-bbrp-00055,23.88,"{""attribute_length"": ""6'"", ""attribute_color"": ""White""}"
Weather Strip(108),1 3/8″ Aluminum Divided Lite Muntin Bar with Tape,https://truthentrygard.com/product/1-3-8-aluminum-divided-lite-muntin-bar-with-tape/,TEG-bbrp-00055,$ 23.88,"**For questions or concerns, please contact info@truthentrygard.com",,"{""Length"": ""1', 2', 3', 4', 5', 6'"", ""Color"": ""White, Dark Bronze, Sandstone""}",TEG-bbrp-00055,23.88,"{""attribute_length"": ""6'"", ""attribute_color"": ""Dark Bronze""}"
Weather Strip(108),1 3/8″ Aluminum Divided Lite Muntin Bar with Tape,https://truthentrygard.com/product/1-3-8-aluminum-divided-lite-muntin-bar-with-tape/,TEG-bbrp-00055,$ 23.88,"**For questions or concerns, please contact info@truthentrygard.com",,"{""Length"": ""1', 2', 3', 4', 5', 6'"", ""Color"": ""White, Dark Bronze, Sandstone""}",TEG-bbrp-00055,23.88,"{""attribute_length"": ""6'"", ""attribute_color"": ""Sandstone""}"
Weather Strip(108),1 3/8″ Wood Divided Lite Muntin Bar with Tape,https://truthentrygard.com/product/1-3-8-wood-divided-lite-muntin-bar-with-tape/,TEG-bbrp-00054,$ 5.95 – $ 35.71 Price range: $5.95 through $35.71,"**For questions or concerns, please contact info@truthentrygard.com",,"{""Length"": ""1', 2', 3', 4', 5', 6'""}",TEG-bbrp-00054,5.95,"{""attribute_length"": ""1'""}"
Weather Strip(108),1 3/8″ Wood Divided Lite Muntin Bar with Tape,https://truthentrygard.com/product/1-3-8-wood-divided-lite-muntin-bar-with-tape/,TEG-bbrp-00054,$ 5.95 – $ 35.71 Price range: $5.95 through $35.71,"**For questions or concerns, please contact info@truthentrygard.com",,"{""Length"": ""1', 2', 3', 4', 5', 6'""}",TEG-bbrp-00054,11.9,"{""attribute_length"": ""2'""}"
Weather Strip(108),1 3/8″ Wood Divided Lite Muntin Bar with Tape,https://truthentrygard.com/product/1-3-8-wood-divided-lite-muntin-bar-with-tape/,TEG-bbrp-00054,$ 5.95 – $ 35.71 Price range: $5.95 through $35.71,"**For questions or concerns, please contact info@truthentrygard.com",,"{""Length"": ""1', 2', 3', 4', 5', 6'""}",TEG-bbrp-00054,17.85,"{""attribute_length"": ""3'""}"
Weather Strip(108),1 3/8″ Wood Divided Lite Muntin Bar with Tape,https://truthentrygard.com/product/1-3-8-wood-divided-lite-muntin-bar-with-tape/,TEG-bbrp-00054,$ 5.95 – $ 35.71 Price range: $5.95 through $35.71,"**For questions or concerns, please contact info@truthentrygard.com",,"{""Length"": ""1', 2', 3', 4', 5', 6'""}",TEG-bbrp-00054,23.81,"{""attribute_length"": ""4'""}"
Weather Strip(108),1 3/8″ Wood Divided Lite Muntin Bar with Tape,https://truthentrygard.com/product/1-3-8-wood-divided-lite-muntin-bar-with-tape/,TEG-bbrp-00054,$ 5.95 – $ 35.71 Price range: $5.95 through $35.71,"**For questions or concerns, please contact info@truthentrygard.com",,"{""Length"": ""1', 2', 3', 4', 5', 6'""}",TEG-bbrp-00054,29.75,"{""attribute_length"": ""5'""}"
Weather Strip(108),1 3/8″ Wood Divided Lite Muntin Bar with Tape,https://truthentrygard.com/product/1-3-8-wood-divided-lite-muntin-bar-with-tape/,TEG-bbrp-00054,$ 5.95 – $ 35.71 Price range: $5.95 through $35.71,"**For questions or concerns, please contact info@truthentrygard.com",,"{""Length"": ""1', 2', 3', 4', 5', 6'""}",TEG-bbrp-00054,35.71,"{""attribute_length"": ""6'""}"
Weather Strip(108),1″ Aluminum Divided Lite Muntin Bar with Tape,https://truthentrygard.com/product/1-aluminum-divided-lite-muntin-bar-with-tape/,TEG-bbrp-00056,$ 17.66 – $ 99.29 Price range: $17.66 through $99.29,,,"{""Length"": ""1', 2', 3', 4', 5', 6'"", ""Color"": ""White, Dark Bronze, Sandstone""}",TEG-bbrp-00056,17.66,"{""attribute_length"": ""1'"", ""attribute_color"": ""White""}"
Weather Strip(108),1″ Aluminum Divided Lite Muntin Bar with Tape,https://truthentrygard.com/product/1-aluminum-divided-lite-muntin-bar-with-tape/,TEG-bbrp-00056,$ 17.66 – $ 99.29 Price range: $17.66 through $99.29,,,"{""Length"": ""1', 2', 3', 4', 5', 6'"", ""Color"": ""White, Dark Bronze, Sandstone""}",TEG-bbrp-00056,17.66,"{""attribute_length"": ""1'"", ""attribute_color"": ""Dark Bronze""}"
Weather Strip(108),1″ Aluminum Divided Lite Muntin Bar with Tape,https://truthentrygard.com/product/1-aluminum-divided-lite-muntin-bar-with-tape/,TEG-bbrp-00056,$ 17.66 – $ 99.29 Price range: $17.66 through $99.29,,,"{""Length"": ""1', 2', 3', 4', 5', 6'"", ""Color"": ""White, Dark Bronze, Sandstone""}",TEG-bbrp-00056,17.66,"{""attribute_length"": ""1'"", ""attribute_color"": ""Sandstone""}"
Weather Strip(108),1″ Aluminum Divided Lite Muntin Bar with Tape,https://truthentrygard.com/product/1-aluminum-divided-lite-muntin-bar-with-tape/,TEG-bbrp-00056,$ 17.66 – $ 99.29 Price range: $17.66 through $99.29,,,"{""Length"": ""1', 2', 3', 4', 5', 6'"", ""Color"": ""White, Dark Bronze, Sandstone""}",TEG-bbrp-00056,33.58,"{""attribute_length"": ""2'"", ""attribute_color"": ""White""}"
Weather Strip(108),1″ Aluminum Divided Lite Muntin Bar with Tape,https://truthentrygard.com/product/1-aluminum-divided-lite-muntin-bar-with-tape/,TEG-bbrp-00056,$ 17.66 – $ 99.29 Price range: $17.66 through $99.29,,,"{""Length"": ""1', 2', 3', 4', 5', 6'"", ""Color"": ""White, Dark Bronze, Sandstone""}",TEG-bbrp-00056,33.58,"{""attribute_length"": ""2'"", ""attribute_color"": ""Dark Bronze""}"
Weather Strip(108),1″ Aluminum Divided Lite Muntin Bar with Tape,https://truthentrygard.com/product/1-aluminum-divided-lite-muntin-bar-with-tape/,TEG-bbrp-00056,$ 17.66 – $ 99.29 Price range: $17.66 through $99.29,,,"{""Length"": ""1', 2', 3', 4', 5', 6'"", ""Color"": ""White, Dark Bronze, Sandstone""}",TEG-bbrp-00056,33.58,"{""attribute_length"": ""2'"", ""attribute_color"": ""Sandstone""}"
Weather Strip(108),1″ Aluminum Divided Lite Muntin Bar with Tape,https://truthentrygard.com/product/1-aluminum-divided-lite-muntin-bar-with-tape/,TEG-bbrp-00056,$ 17.66 – $ 99.29 Price range: $17.66 through $99.29,,,"{""Length"": ""1', 2', 3', 4', 5', 6'"", ""Color"": ""White, Dark Bronze, Sandstone""}",TEG-bbrp-00056,50.79,"{""attribute_length"": ""3'"", ""attribute_color"": ""White""}"
Weather Strip(108),1″ Aluminum Divided Lite Muntin Bar with Tape,https://truthentrygard.com/product/1-aluminum-divided-lite-muntin-bar-with-tape/,TEG-bbrp-00056,$ 17.66 – $ 99.29 Price range: $17.66 through $99.29,,,"{""Length"": ""1', 2', 3', 4', 5', 6'"", ""Color"": ""White, Dark Bronze, Sandstone""}",TEG-bbrp-00056,50.79,"{""attribute_length"": ""3'"", ""attribute_color"": ""Dark Bronze""}"
Weather Strip(108),1″ Aluminum Divided Lite Muntin Bar with Tape,https://truthentrygard.com/product/1-aluminum-divided-lite-muntin-bar-with-tape/,TEG-bbrp-00056,$ 17.66 – $ 99.29 Price range: $17.66 through $99.29,,,"{""Length"": ""1', 2', 3', 4', 5', 6'"", ""Color"": ""White, Dark Bronze, Sandstone""}",TEG-bbrp-00056,50.79,"{""attribute_length"": ""3'"", ""attribute_color"": ""Sandstone""}"
Weather Strip(108),1″ Aluminum Divided Lite Muntin Bar with Tape,https://truthentrygard.com/product/1-aluminum-divided-lite-muntin-bar-with-tape/,TEG-bbrp-00056,$ 17.66 – $ 99.29 Price range: $17.66 through $99.29,,,"{""Length"": ""1', 2', 3', 4', 5', 6'"", ""Color"": ""White, Dark Bronze, Sandstone""}",TEG-bbrp-00056,70.18,"{""attribute_length"": ""4'"", ""attribute_color"": ""White""}"
Weather Strip(108),1″ Aluminum Divided Lite Muntin Bar with Tape,https://truthentrygard.com/product/1-aluminum-divided-lite-muntin-bar-with-tape/,TEG-bbrp-00056,$ 17.66 – $ 99.29 Price range: $17.66 through $99.29,,,"{""Length"": ""1', 2', 3', 4', 5', 6'"", ""Color"": ""White, Dark Bronze, Sandstone""}",TEG-bbrp-00056,70.18,"{""attribute_length"": ""4'"", ""attribute_color"": ""Dark Bronze""}"
Weather Strip(108),1″ Aluminum Divided Lite Muntin Bar with Tape,https://truthentrygard.com/product/1-aluminum-divided-lite-muntin-bar-with-tape/,TEG-bbrp-00056,$ 17.66 – $ 99.29 Price range: $17.66 through $99.29,,,"{""Length"": ""1', 2', 3', 4', 5', 6'"", ""Color"": ""White, Dark Bronze, Sandstone""}",TEG-bbrp-00056,70.18,"{""attribute_length"": ""4'"", ""attribute_color"": ""Sandstone""}"
Weather Strip(108),1″ Aluminum Divided Lite Muntin Bar with Tape,https://truthentrygard.com/product/1-aluminum-divided-lite-muntin-bar-with-tape/,TEG-bbrp-00056,$ 17.66 – $ 99.29 Price range: $17.66 through $99.29,,,"{""Length"": ""1', 2', 3', 4', 5', 6'"", ""Color"": ""White, Dark Bronze, Sandstone""}",TEG-bbrp-00056,88.35,"{""attribute_length"": ""5'"", ""attribute_color"": ""White""}"
Weather Strip(108),1″ Aluminum Divided Lite Muntin Bar with Tape,https://truthentrygard.com/product/1-aluminum-divided-lite-muntin-bar-with-tape/,TEG-bbrp-00056,$ 17.66 – $ 99.29 Price range: $17.66 through $99.29,,,"{""Length"": ""1', 2', 3', 4', 5', 6'"", ""Color"": ""White, Dark Bronze, Sandstone""}",TEG-bbrp-00056,88.35,"{""attribute_length"": ""5'"", ""attribute_color"": ""Dark Bronze""}"
Weather Strip(108),1″ Aluminum Divided Lite Muntin Bar with Tape,https://truthentrygard.com/product/1-aluminum-divided-lite-muntin-bar-with-tape/,TEG-bbrp-00056,$ 17.66 – $ 99.29 Price range: $17.66 through $99.29,,,"{""Length"": ""1', 2', 3', 4', 5', 6'"", ""Color"": ""White, Dark Bronze, Sandstone""}",TEG-bbrp-00056,88.35,"{""attribute_length"": ""5'"", ""attribute_color"": ""Sandstone""}"
Weather Strip(108),1″ Aluminum Divided Lite Muntin Bar with Tape,https://truthentrygard.com/product/1-aluminum-divided-lite-muntin-bar-with-tape/,TEG-bbrp-00056,$ 17.66 – $ 99.29 Price range: $17.66 through $99.29,,,"{""Length"": ""1', 2', 3', 4', 5', 6'"", ""Color"": ""White, Dark Bronze, Sandstone""}",TEG-bbrp-00056,99.29,"{""attribute_length"": ""6'"", ""attribute_color"": ""White""}"
Weather Strip(108),1″ Aluminum Divided Lite Muntin Bar with Tape,https://truthentrygard.com/product/1-aluminum-divided-lite-muntin-bar-with-tape/,TEG-bbrp-00056,$ 17.66 – $ 99.29 Price range: $17.66 through $99.29,,,"{""Length"": ""1', 2', 3', 4', 5', 6'"", ""Color"": ""White, Dark Bronze, Sandstone""}",TEG-bbrp-00056,99.29,"{""attribute_length"": ""6'"", ""attribute_color"": ""Dark Bronze""}"
Weather Strip(108),1″ Aluminum Divided Lite Muntin Bar with Tape,https://truthentrygard.com/product/1-aluminum-divided-lite-muntin-bar-with-tape/,TEG-bbrp-00056,$ 17.66 – $ 99.29 Price range: $17.66 through $99.29,,,"{""Length"": ""1', 2', 3', 4', 5', 6'"", ""Color"": ""White, Dark Bronze, Sandstone""}",TEG-bbrp-00056,99.29,"{""attribute_length"": ""6'"", ""attribute_color"": ""Sandstone""}"
Weather Strip(108),2R Window Limit Device,https://truthentrygard.com/product/2r-window-limit-device/,N/A,$ 135.88,GOT QUESTIONS?! Contact us: info@truthentrygard.com,,"{""Handing"": ""Left, Right""}",,135.88,"{""attribute_handing"": ""Left""}"
Weather Strip(108),7/8″ Aluminum Divided Lite Muntin Bar with Tape,https://truthentrygard.com/product/7-8-aluminum-divided-lite-muntin-bar-with-tape/,TEG-bbrp-00057,$ 13.99 – $ 78.38 Price range: $13.99 through $78.38,"**For questions or concerns, please contact info@truthentrygard.com",,"{""Length"": ""1', 2', 3', 4', 5', 6'"", ""Color"": ""White, Dark Bronze, Sandstone""}",TEG-bbrp-00057,13.99,"{""attribute_length"": ""1'"", ""attribute_color"": ""White""}"
Weather Strip(108),7/8″ Aluminum Divided Lite Muntin Bar with Tape,https://truthentrygard.com/product/7-8-aluminum-divided-lite-muntin-bar-with-tape/,TEG-bbrp-00057,$ 13.99 – $ 78.38 Price range: $13.99 through $78.38,"**For questions or concerns, please contact info@truthentrygard.com",,"{""Length"": ""1', 2', 3', 4', 5', 6'"", ""Color"": ""White, Dark Bronze, Sandstone""}",TEG-bbrp-00057,13.99,"{""attribute_length"": ""1'"", ""attribute_color"": ""Dark Bronze""}"
Weather Strip(108),7/8″ Aluminum Divided Lite Muntin Bar with Tape,https://truthentrygard.com/product/7-8-aluminum-divided-lite-muntin-bar-with-tape/,TEG-bbrp-00057,$ 13.99 – $ 78.38 Price range: $13.99 through $78.38,"**For questions or concerns, please contact info@truthentrygard.com",,"{""Length"": ""1', 2', 3', 4', 5', 6'"", ""Color"": ""White, Dark Bronze, Sandstone""}",TEG-bbrp-00057,13.99,"{""attribute_length"": ""1'"", ""attribute_color"": ""Sandstone""}"
Weather Strip(108),7/8″ Aluminum Divided Lite Muntin Bar with Tape,https://truthentrygard.com/product/7-8-aluminum-divided-lite-muntin-bar-with-tape/,TEG-bbrp-00057,$ 13.99 – $ 78.38 Price range: $13.99 through $78.38,"**For questions or concerns, please contact info@truthentrygard.com",,"{""Length"": ""1', 2', 3', 4', 5', 6'"", ""Color"": ""White, Dark Bronze, Sandstone""}",TEG-bbrp-00057,28.55,"{""attribute_length"": ""2'"", ""attribute_color"": ""White""}"
Weather Strip(108),7/8″ Aluminum Divided Lite Muntin Bar with Tape,https://truthentrygard.com/product/7-8-aluminum-divided-lite-muntin-bar-with-tape/,TEG-bbrp-00057,$ 13.99 – $ 78.38 Price range: $13.99 through $78.38,"**For questions or concerns, please contact info@truthentrygard.com",,"{""Length"": ""1', 2', 3', 4', 5', 6'"", ""Color"": ""White, Dark Bronze, Sandstone""}",TEG-bbrp-00057,28.55,"{""attribute_length"": ""2'"", ""attribute_color"": ""Dark Bronze""}"
Weather Strip(108),7/8″ Aluminum Divided Lite Muntin Bar with Tape,https://truthentrygard.com/product/7-8-aluminum-divided-lite-muntin-bar-with-tape/,TEG-bbrp-00057,$ 13.99 – $ 78.38 Price range: $13.99 through $78.38,"**For questions or concerns, please contact info@truthentrygard.com",,"{""Length"": ""1', 2', 3', 4', 5', 6'"", ""Color"": ""White, Dark Bronze, Sandstone""}",TEG-bbrp-00057,28.55,"{""attribute_length"": ""2'"", ""attribute_color"": ""Sandstone""}"
Weather Strip(108),7/8″ Aluminum Divided Lite Muntin Bar with Tape,https://truthentrygard.com/product/7-8-aluminum-divided-lite-muntin-bar-with-tape/,TEG-bbrp-00057,$ 13.99 – $ 78.38 Price range: $13.99 through $78.38,"**For questions or concerns, please contact info@truthentrygard.com",,"{""Length"": ""1', 2', 3', 4', 5', 6'"", ""Color"": ""White, Dark Bronze, Sandstone""}",TEG-bbrp-00057,45.44,"{""attribute_length"": ""3'"", ""attribute_color"": ""White""}"
Weather Strip(108),7/8″ Aluminum Divided Lite Muntin Bar with Tape,https://truthentrygard.com/product/7-8-aluminum-divided-lite-muntin-bar-with-tape/,TEG-bbrp-00057,$ 13.99 – $ 78.38 Price range: $13.99 through $78.38,"**For questions or concerns, please contact info@truthentrygard.com",,"{""Length"": ""1', 2', 3', 4', 5', 6'"", ""Color"": ""White, Dark Bronze, Sandstone""}",TEG-bbrp-00057,45.44,"{""attribute_length"": ""3'"", ""attribute_color"": ""Dark Bronze""}"
Weather Strip(108),7/8″ Aluminum Divided Lite Muntin Bar with Tape,https://truthentrygard.com/product/7-8-aluminum-divided-lite-muntin-bar-with-tape/,TEG-bbrp-00057,$ 13.99 – $ 78.38 Price range: $13.99 through $78.38,"**For questions or concerns, please contact info@truthentrygard.com",,"{""Length"": ""1', 2', 3', 4', 5', 6'"", ""Color"": ""White, Dark Bronze, Sandstone""}",TEG-bbrp-00057,45.44,"{""attribute_length"": ""3'"", ""attribute_color"": ""Sandstone""}"
Weather Strip(108),7/8″ Aluminum Divided Lite Muntin Bar with Tape,https://truthentrygard.com/product/7-8-aluminum-divided-lite-muntin-bar-with-tape/,TEG-bbrp-00057,$ 13.99 – $ 78.38 Price range: $13.99 through $78.38,"**For questions or concerns, please contact info@truthentrygard.com",,"{""Length"": ""1', 2', 3', 4', 5', 6'"", ""Color"": ""White, Dark Bronze, Sandstone""}",TEG-bbrp-00057,52.22,"{""attribute_length"": ""4'"", ""attribute_color"": ""White""}"
Weather Strip(108),7/8″ Aluminum Divided Lite Muntin Bar with Tape,https://truthentrygard.com/product/7-8-aluminum-divided-lite-muntin-bar-with-tape/,TEG-bbrp-00057,$ 13.99 – $ 78.38 Price range: $13.99 through $78.38,"**For questions or concerns, please contact info@truthentrygard.com",,"{""Length"": ""1', 2', 3', 4', 5', 6'"", ""Color"": ""White, Dark Bronze, Sandstone""}",TEG-bbrp-00057,52.22,"{""attribute_length"": ""4'"", ""attribute_color"": ""Dark Bronze""}"
Weather Strip(108),7/8″ Aluminum Divided Lite Muntin Bar with Tape,https://truthentrygard.com/product/7-8-aluminum-divided-lite-muntin-bar-with-tape/,TEG-bbrp-00057,$ 13.99 – $ 78.38 Price range: $13.99 through $78.38,"**For questions or concerns, please contact info@truthentrygard.com",,"{""Length"": ""1', 2', 3', 4', 5', 6'"", ""Color"": ""White, Dark Bronze, Sandstone""}",TEG-bbrp-00057,52.22,"{""attribute_length"": ""4'"", ""attribute_color"": ""Sandstone""}"
Weather Strip(108),7/8″ Aluminum Divided Lite Muntin Bar with Tape,https://truthentrygard.com/product/7-8-aluminum-divided-lite-muntin-bar-with-tape/,TEG-bbrp-00057,$ 13.99 – $ 78.38 Price range: $13.99 through $78.38,"**For questions or concerns, please contact info@truthentrygard.com",,"{""Length"": ""1', 2', 3', 4', 5', 6'"", ""Color"": ""White, Dark Bronze, Sandstone""}",TEG-bbrp-00057,71.44,"{""attribute_length"": ""5'"", ""attribute_color"": ""White""}"
Weather Strip(108),7/8″ Aluminum Divided Lite Muntin Bar with Tape,https://truthentrygard.com/product/7-8-aluminum-divided-lite-muntin-bar-with-tape/,TEG-bbrp-00057,$ 13.99 – $ 78.38 Price range: $13.99 through $78.38,"**For questions or concerns, please contact info@truthentrygard.com",,"{""Length"": ""1', 2', 3', 4', 5', 6'"", ""Color"": ""White, Dark Bronze, Sandstone""}",TEG-bbrp-00057,71.44,"{""attribute_length"": ""5'"", ""attribute_color"": ""Dark Bronze""}"
Weather Strip(108),7/8″ Aluminum Divided Lite Muntin Bar with Tape,https://truthentrygard.com/product/7-8-aluminum-divided-lite-muntin-bar-with-tape/,TEG-bbrp-00057,$ 13.99 – $ 78.38 Price range: $13.99 through $78.38,"**For questions or concerns, please contact info@truthentrygard.com",,"{""Length"": ""1', 2', 3', 4', 5', 6'"", ""Color"": ""White, Dark Bronze, Sandstone""}",TEG-bbrp-00057,71.44,"{""attribute_length"": ""5'"", ""attribute_color"": ""Sandstone""}"
Weather Strip(108),7/8″ Aluminum Divided Lite Muntin Bar with Tape,https://truthentrygard.com/product/7-8-aluminum-divided-lite-muntin-bar-with-tape/,TEG-bbrp-00057,$ 13.99 – $ 78.38 Price range: $13.99 through $78.38,"**For questions or concerns, please contact info@truthentrygard.com",,"{""Length"": ""1', 2', 3', 4', 5', 6'"", ""Color"": ""White, Dark Bronze, Sandstone""}",TEG-bbrp-00057,78.38,"{""attribute_length"": ""6'"", ""attribute_color"": ""White""}"
Weather Strip(108),7/8″ Aluminum Divided Lite Muntin Bar with Tape,https://truthentrygard.com/product/7-8-aluminum-divided-lite-muntin-bar-with-tape/,TEG-bbrp-00057,$ 13.99 – $ 78.38 Price range: $13.99 through $78.38,"**For questions or concerns, please contact info@truthentrygard.com",,"{""Length"": ""1', 2', 3', 4', 5', 6'"", ""Color"": ""White, Dark Bronze, Sandstone""}",TEG-bbrp-00057,78.38,"{""attribute_length"": ""6'"", ""attribute_color"": ""Dark Bronze""}"
Weather Strip(108),7/8″ Aluminum Divided Lite Muntin Bar with Tape,https://truthentrygard.com/product/7-8-aluminum-divided-lite-muntin-bar-with-tape/,TEG-bbrp-00057,$ 13.99 – $ 78.38 Price range: $13.99 through $78.38,"**For questions or concerns, please contact info@truthentrygard.com",,"{""Length"": ""1', 2', 3', 4', 5', 6'"", ""Color"": ""White, Dark Bronze, Sandstone""}",TEG-bbrp-00057,78.38,"{""attribute_length"": ""6'"", ""attribute_color"": ""Sandstone""}"
Weather Strip(108),7/8″ Wood Divided Lite Muntin,https://truthentrygard.com/product/7-8-wood-divided-lite-muntin/,TEG-bbrp-00058,$ 5.16 – $ 30.97 Price range: $5.16 through $30.97,"**For questions or concerns, please contact info@truthentrygard.com",,"{""Length"": ""1', 2', 3', 4', 5', 6'""}",TEG-bbrp-00058,5.16,"{""attribute_length"": ""1'""}"
Weather Strip(108),7/8″ Wood Divided Lite Muntin,https://truthentrygard.com/product/7-8-wood-divided-lite-muntin/,TEG-bbrp-00058,$ 5.16 – $ 30.97 Price range: $5.16 through $30.97,"**For questions or concerns, please contact info@truthentrygard.com",,"{""Length"": ""1', 2', 3', 4', 5', 6'""}",TEG-bbrp-00058,10.33,"{""attribute_length"": ""2'""}"
Weather Strip(108),7/8″ Wood Divided Lite Muntin,https://truthentrygard.com/product/7-8-wood-divided-lite-muntin/,TEG-bbrp-00058,$ 5.16 – $ 30.97 Price range: $5.16 through $30.97,"**For questions or concerns, please contact info@truthentrygard.com",,"{""Length"": ""1', 2', 3', 4', 5', 6'""}",TEG-bbrp-00058,15.48,"{""attribute_length"": ""3'""}"
Weather Strip(108),7/8″ Wood Divided Lite Muntin,https://truthentrygard.com/product/7-8-wood-divided-lite-muntin/,TEG-bbrp-00058,$ 5.16 – $ 30.97 Price range: $5.16 through $30.97,"**For questions or concerns, please contact info@truthentrygard.com",,"{""Length"": ""1', 2', 3', 4', 5', 6'""}",TEG-bbrp-00058,20.65,"{""attribute_length"": ""4'""}"
Weather Strip(108),7/8″ Wood Divided Lite Muntin,https://truthentrygard.com/product/7-8-wood-divided-lite-muntin/,TEG-bbrp-00058,$ 5.16 – $ 30.97 Price range: $5.16 through $30.97,"**For questions or concerns, please contact info@truthentrygard.com",,"{""Length"": ""1', 2', 3', 4', 5', 6'""}",TEG-bbrp-00058,25.81,"{""attribute_length"": ""5'""}"
Weather Strip(108),7/8″ Wood Divided Lite Muntin,https://truthentrygard.com/product/7-8-wood-divided-lite-muntin/,TEG-bbrp-00058,$ 5.16 – $ 30.97 Price range: $5.16 through $30.97,"**For questions or concerns, please contact info@truthentrygard.com",,"{""Length"": ""1', 2', 3', 4', 5', 6'""}",TEG-bbrp-00058,30.97,"{""attribute_length"": ""6'""}"
Weather Strip(108),Anderson Andersen Window Door Replacement Hardware Parts Free ID Help,https://truthentrygard.com/product/anderson-andersen-window-door-replacement-hardware-parts-free-id-help/,TEG- 2573517 1274104,$ 16.92,,,{},,,
Weather Strip(108),Ashland Dual Arm Casement Window Operator Components,https://truthentrygard.com/product/ashland-dual-arm-casement-window-operator-components/,TEG-OT-565SS,$ 80.88,Got Questions? Not sure what you need? Feel free to email: info@truthentrygard.com NOT SURE WHAT YOU NEED?!? EMAIL PICTURES AND WE WILL GET YOU TAKEN CARE OF!,,"{""Handing"": ""Left, Right""}",TEG-OT-565SS,80.88,"{""attribute_pa_handing"": ""left""}"
Weather Strip(108),Ashland Dual Arm Casement Window Operator Components,https://truthentrygard.com/product/ashland-dual-arm-casement-window-operator-components/,TEG-OT-565SS,$ 80.88,Got Questions? Not sure what you need? Feel free to email: info@truthentrygard.com NOT SURE WHAT YOU NEED?!? EMAIL PICTURES AND WE WILL GET YOU TAKEN CARE OF!,,"{""Handing"": ""Left, Right""}",TEG-OT-565SS,80.88,"{""attribute_pa_handing"": ""right""}"
Weather Strip(108),Awning and Casement Window Weatherstrip | Vertical and Frame,https://truthentrygard.com/product/awning-and-casement-window-weatherstrip-vertical-and-frame/,TEG-bbrp-0RFR-9,$ 84.88,"For questions or concerns, please contact info@truthentrygard.com",,"{""Length"": ""25'""}",TEG-bbrp-0RFR-9,84.88,"{""attribute_length"": ""25'""}"
Weather Strip(108),Awning Window Operator Parts | 29168 AWNING UNIT ASSEMBLY 28.75″,https://truthentrygard.com/product/awning-window-operator-parts-29168-awning-unit-assembly-28-75/,TEG-29-168,$ 207.91,"For questions or concerns, please contact info@truthentrygard.com",,{},,,
Weather Strip(108),CAM SASH LOCK | ENTRYGARD | TRUTH HARDWARE,https://truthentrygard.com/product/cam-sash-lock-entrygard/,TEG-,$ 32.22,GOT QUESTIONS?! Contact us at info@truthentrygard.com,,"{""Color"": ""Bronze, White""}",TEG-,32.22,"{""attribute_pa_color"": ""bronze""}"
Weather Strip(108),CAM SASH LOCK | ENTRYGARD | TRUTH HARDWARE,https://truthentrygard.com/product/cam-sash-lock-entrygard/,TEG-,$ 32.22,GOT QUESTIONS?! Contact us at info@truthentrygard.com,,"{""Color"": ""Bronze, White""}",TEG-,32.22,"{""attribute_pa_color"": ""white""}"
Weather Strip(108),CARADCO CONTOUR HANDLE AND COVER,https://truthentrygard.com/product/caradco-contour-handle-and-cover/,PEOFP-HC-2,$ 28.88 – $ 32.88 Price range: $28.88 through $32.88,GOT QUESTIONS?! Contact us at info@truthentrygard.com,,"{""Color"": ""Beige, Black, Bronze, Chestnut Bronze, Clay, Coppertone, Gold, Satin Taupe, White""}",PEOFP-HC-2,28.88,"{""attribute_pa_color"": ""beige""}"
Weather Strip(108),CARADCO CONTOUR HANDLE AND COVER,https://truthentrygard.com/product/caradco-contour-handle-and-cover/,PEOFP-HC-2,$ 28.88 – $ 32.88 Price range: $28.88 through $32.88,GOT QUESTIONS?! Contact us at info@truthentrygard.com,,"{""Color"": ""Beige, Black, Bronze, Chestnut Bronze, Clay, Coppertone, Gold, Satin Taupe, White""}",PEOFP-HC-2,28.88,"{""attribute_pa_color"": ""black""}"
Weather Strip(108),CARADCO CONTOUR HANDLE AND COVER,https://truthentrygard.com/product/caradco-contour-handle-and-cover/,PEOFP-HC-2,$ 28.88 – $ 32.88 Price range: $28.88 through $32.88,GOT QUESTIONS?! Contact us at info@truthentrygard.com,,"{""Color"": ""Beige, Black, Bronze, Chestnut Bronze, Clay, Coppertone, Gold, Satin Taupe, White""}",PEOFP-HC-2,28.88,"{""attribute_pa_color"": ""chestnut-bronze""}"
Weather Strip(108),CARADCO CONTOUR HANDLE AND COVER,https://truthentrygard.com/product/caradco-contour-handle-and-cover/,PEOFP-HC-2,$ 28.88 – $ 32.88 Price range: $28.88 through $32.88,GOT QUESTIONS?! Contact us at info@truthentrygard.com,,"{""Color"": ""Beige, Black, Bronze, Chestnut Bronze, Clay, Coppertone, Gold, Satin Taupe, White""}",PEOFP-HC-2,28.88,"{""attribute_pa_color"": ""clay""}"
Weather Strip(108),CARADCO CONTOUR HANDLE AND COVER,https://truthentrygard.com/product/caradco-contour-handle-and-cover/,PEOFP-HC-2,$ 28.88 – $ 32.88 Price range: $28.88 through $32.88,GOT QUESTIONS?! Contact us at info@truthentrygard.com,,"{""Color"": ""Beige, Black, Bronze, Chestnut Bronze, Clay, Coppertone, Gold, Satin Taupe, White""}",PEOFP-HC-2,29.88,"{""attribute_pa_color"": ""coppertone""}"
Weather Strip(108),CARADCO CONTOUR HANDLE AND COVER,https://truthentrygard.com/product/caradco-contour-handle-and-cover/,PEOFP-HC-2,$ 28.88 – $ 32.88 Price range: $28.88 through $32.88,GOT QUESTIONS?! Contact us at info@truthentrygard.com,,"{""Color"": ""Beige, Black, Bronze, Chestnut Bronze, Clay, Coppertone, Gold, Satin Taupe, White""}",PEOFP-HC-2,32.88,"{""attribute_pa_color"": ""gold""}"
Weather Strip(108),CARADCO CONTOUR HANDLE AND COVER,https://truthentrygard.com/product/caradco-contour-handle-and-cover/,PEOFP-HC-2,$ 28.88 – $ 32.88 Price range: $28.88 through $32.88,GOT QUESTIONS?! Contact us at info@truthentrygard.com,,"{""Color"": ""Beige, Black, Bronze, Chestnut Bronze, Clay, Coppertone, Gold, Satin Taupe, White""}",PEOFP-HC-2,28.88,"{""attribute_pa_color"": ""bronze""}"
Weather Strip(108),CARADCO CONTOUR HANDLE AND COVER,https://truthentrygard.com/product/caradco-contour-handle-and-cover/,PEOFP-HC-2,$ 28.88 – $ 32.88 Price range: $28.88 through $32.88,GOT QUESTIONS?! Contact us at info@truthentrygard.com,,"{""Color"": ""Beige, Black, Bronze, Chestnut Bronze, Clay, Coppertone, Gold, Satin Taupe, White""}",PEOFP-HC-2,28.88,"{""attribute_pa_color"": ""satin-taupe""}"
Weather Strip(108),CARADCO CONTOUR HANDLE AND COVER,https://truthentrygard.com/product/caradco-contour-handle-and-cover/,PEOFP-HC-2,$ 28.88 – $ 32.88 Price range: $28.88 through $32.88,GOT QUESTIONS?! Contact us at info@truthentrygard.com,,"{""Color"": ""Beige, Black, Bronze, Chestnut Bronze, Clay, Coppertone, Gold, Satin Taupe, White""}",PEOFP-HC-2,28.88,"{""attribute_pa_color"": ""white""}"
Weather Strip(108),"Casement & Awning Window Replacement Parts | Operators, Cranks, Handles | Norco NorClad Jeld-Wen, Pozzi and Others",https://truthentrygard.com/product/casement-awning-window-replacement-parts-operators-cranks-handles-norco-norclad-jeld-wen-pozzi-and-others/,All Window Door Parts Group USA,$ 130.27,,,{},,,
Weather Strip(108),Casement and Awning Window Styles – Narrow Sash Leaf Seals | Beige Tan | Home Owner Contractor Packs Available,https://truthentrygard.com/product/casement-and-awning-window-styles-narrow-sash-leaf-seals-beige-tan-home-owner-contractor-packs-available/,TEG-bbrp-00025,$ 37.51,"For questions or concerns, please contact info@truthentrygard.com",,{},,,
Weather Strip(108),Casement Awning Window Parts | Foam Seal Weatherstrip,https://truthentrygard.com/product/casement-awning-window-parts-foam-seal-weatherstrip/,TOOLP-WHT,"$ 1,063.22",HAVE QUESTIONS??? CONTACT INFO@TRUTHENTRYGARD.COM,,{},,,
Truth® EntryGard® Window Hardware(110),.300 Kerf Insert Weather-Strip Seal,https://truthentrygard.com/product/300-kerf-insert-weather-strip-seal/,TEG-LPB-713.,$ 0.00,Got Questions? Not sure what you need? Feel free to email: info@truthentrygard.com NOT SURE WHAT YOU NEED?!? EMAIL PICTURES AND WE WILL GET YOU TAKEN CARE OF!,,{},,,
Truth® EntryGard® Window Hardware(110),1 3/8″ Aluminum Divided Lite Muntin Bar with Tape,https://truthentrygard.com/product/1-3-8-aluminum-divided-lite-muntin-bar-with-tape/,TEG-bbrp-00055,$ 23.88,"**For questions or concerns, please contact info@truthentrygard.com",,"{""Length"": ""1', 2', 3', 4', 5', 6'"", ""Color"": ""White, Dark Bronze, Sandstone""}",TEG-bbrp-00055,23.88,"{""attribute_length"": ""1'"", ""attribute_color"": ""White""}"
Truth® EntryGard® Window Hardware(110),1 3/8″ Aluminum Divided Lite Muntin Bar with Tape,https://truthentrygard.com/product/1-3-8-aluminum-divided-lite-muntin-bar-with-tape/,TEG-bbrp-00055,$ 23.88,"**For questions or concerns, please contact info@truthentrygard.com",,"{""Length"": ""1', 2', 3', 4', 5', 6'"", ""Color"": ""White, Dark Bronze, Sandstone""}",TEG-bbrp-00055,23.88,"{""attribute_length"": ""1'"", ""attribute_color"": ""Dark Bronze""}"
Truth® EntryGard® Window Hardware(110),1 3/8″ Aluminum Divided Lite Muntin Bar with Tape,https://truthentrygard.com/product/1-3-8-aluminum-divided-lite-muntin-bar-with-tape/,TEG-bbrp-00055,$ 23.88,"**For questions or concerns, please contact info@truthentrygard.com",,"{""Length"": ""1', 2', 3', 4', 5', 6'"", ""Color"": ""White, Dark Bronze, Sandstone""}",TEG-bbrp-00055,23.88,"{""attribute_length"": ""1'"", ""attribute_color"": ""Sandstone""}"
Truth® EntryGard® Window Hardware(110),1 3/8″ Aluminum Divided Lite Muntin Bar with Tape,https://truthentrygard.com/product/1-3-8-aluminum-divided-lite-muntin-bar-with-tape/,TEG-bbrp-00055,$ 23.88,"**For questions or concerns, please contact info@truthentrygard.com",,"{""Length"": ""1', 2', 3', 4', 5', 6'"", ""Color"": ""White, Dark Bronze, Sandstone""}",TEG-bbrp-00055,23.88,"{""attribute_length"": ""2'"", ""attribute_color"": ""White""}"
Truth® EntryGard® Window Hardware(110),1 3/8″ Aluminum Divided Lite Muntin Bar with Tape,https://truthentrygard.com/product/1-3-8-aluminum-divided-lite-muntin-bar-with-tape/,TEG-bbrp-00055,$ 23.88,"**For questions or concerns, please contact info@truthentrygard.com",,"{""Length"": ""1', 2', 3', 4', 5', 6'"", ""Color"": ""White, Dark Bronze, Sandstone""}",TEG-bbrp-00055,23.88,"{""attribute_length"": ""2'"", ""attribute_color"": ""Dark Bronze""}"
Truth® EntryGard® Window Hardware(110),1 3/8″ Aluminum Divided Lite Muntin Bar with Tape,https://truthentrygard.com/product/1-3-8-aluminum-divided-lite-muntin-bar-with-tape/,TEG-bbrp-00055,$ 23.88,"**For questions or concerns, please contact info@truthentrygard.com",,"{""Length"": ""1', 2', 3', 4', 5', 6'"", ""Color"": ""White, Dark Bronze, Sandstone""}",TEG-bbrp-00055,23.88,"{""attribute_length"": ""2'"", ""attribute_color"": ""Sandstone""}"
Truth® EntryGard® Window Hardware(110),1 3/8″ Aluminum Divided Lite Muntin Bar with Tape,https://truthentrygard.com/product/1-3-8-aluminum-divided-lite-muntin-bar-with-tape/,TEG-bbrp-00055,$ 23.88,"**For questions or concerns, please contact info@truthentrygard.com",,"{""Length"": ""1', 2', 3', 4', 5', 6'"", ""Color"": ""White, Dark Bronze, Sandstone""}",TEG-bbrp-00055,23.88,"{""attribute_length"": ""3'"", ""attribute_color"": ""White""}"
Truth® EntryGard® Window Hardware(110),1 3/8″ Aluminum Divided Lite Muntin Bar with Tape,https://truthentrygard.com/product/1-3-8-aluminum-divided-lite-muntin-bar-with-tape/,TEG-bbrp-00055,$ 23.88,"**For questions or concerns, please contact info@truthentrygard.com",,"{""Length"": ""1', 2', 3', 4', 5', 6'"", ""Color"": ""White, Dark Bronze, Sandstone""}",TEG-bbrp-00055,23.88,"{""attribute_length"": ""3'"", ""attribute_color"": ""Dark Bronze""}"
Truth® EntryGard® Window Hardware(110),1 3/8″ Aluminum Divided Lite Muntin Bar with Tape,https://truthentrygard.com/product/1-3-8-aluminum-divided-lite-muntin-bar-with-tape/,TEG-bbrp-00055,$ 23.88,"**For questions or concerns, please contact info@truthentrygard.com",,"{""Length"": ""1', 2', 3', 4', 5', 6'"", ""Color"": ""White, Dark Bronze, Sandstone""}",TEG-bbrp-00055,23.88,"{""attribute_length"": ""3'"", ""attribute_color"": ""Sandstone""}"
Truth® EntryGard® Window Hardware(110),1 3/8″ Aluminum Divided Lite Muntin Bar with Tape,https://truthentrygard.com/product/1-3-8-aluminum-divided-lite-muntin-bar-with-tape/,TEG-bbrp-00055,$ 23.88,"**For questions or concerns, please contact info@truthentrygard.com",,"{""Length"": ""1', 2', 3', 4', 5', 6'"", ""Color"": ""White, Dark Bronze, Sandstone""}",TEG-bbrp-00055,23.88,"{""attribute_length"": ""4'"", ""attribute_color"": ""White""}"
Truth® EntryGard® Window Hardware(110),1 3/8″ Aluminum Divided Lite Muntin Bar with Tape,https://truthentrygard.com/product/1-3-8-aluminum-divided-lite-muntin-bar-with-tape/,TEG-bbrp-00055,$ 23.88,"**For questions or concerns, please contact info@truthentrygard.com",,"{""Length"": ""1', 2', 3', 4', 5', 6'"", ""Color"": ""White, Dark Bronze, Sandstone""}",TEG-bbrp-00055,23.88,"{""attribute_length"": ""4'"", ""attribute_color"": ""Dark Bronze""}"
Truth® EntryGard® Window Hardware(110),1 3/8″ Aluminum Divided Lite Muntin Bar with Tape,https://truthentrygard.com/product/1-3-8-aluminum-divided-lite-muntin-bar-with-tape/,TEG-bbrp-00055,$ 23.88,"**For questions or concerns, please contact info@truthentrygard.com",,"{""Length"": ""1', 2', 3', 4', 5', 6'"", ""Color"": ""White, Dark Bronze, Sandstone""}",TEG-bbrp-00055,23.88,"{""attribute_length"": ""4'"", ""attribute_color"": ""Sandstone""}"
Truth® EntryGard® Window Hardware(110),1 3/8″ Aluminum Divided Lite Muntin Bar with Tape,https://truthentrygard.com/product/1-3-8-aluminum-divided-lite-muntin-bar-with-tape/,TEG-bbrp-00055,$ 23.88,"**For questions or concerns, please contact info@truthentrygard.com",,"{""Length"": ""1', 2', 3', 4', 5', 6'"", ""Color"": ""White, Dark Bronze, Sandstone""}",TEG-bbrp-00055,23.88,"{""attribute_length"": ""5'"", ""attribute_color"": ""White""}"
Truth® EntryGard® Window Hardware(110),1 3/8″ Aluminum Divided Lite Muntin Bar with Tape,https://truthentrygard.com/product/1-3-8-aluminum-divided-lite-muntin-bar-with-tape/,TEG-bbrp-00055,$ 23.88,"**For questions or concerns, please contact info@truthentrygard.com",,"{""Length"": ""1', 2', 3', 4', 5', 6'"", ""Color"": ""White, Dark Bronze, Sandstone""}",TEG-bbrp-00055,23.88,"{""attribute_length"": ""5'"", ""attribute_color"": ""Dark Bronze""}"
Truth® EntryGard® Window Hardware(110),1 3/8″ Aluminum Divided Lite Muntin Bar with Tape,https://truthentrygard.com/product/1-3-8-aluminum-divided-lite-muntin-bar-with-tape/,TEG-bbrp-00055,$ 23.88,"**For questions or concerns, please contact info@truthentrygard.com",,"{""Length"": ""1', 2', 3', 4', 5', 6'"", ""Color"": ""White, Dark Bronze, Sandstone""}",TEG-bbrp-00055,23.88,"{""attribute_length"": ""5'"", ""attribute_color"": ""Sandstone""}"
Truth® EntryGard® Window Hardware(110),1 3/8″ Aluminum Divided Lite Muntin Bar with Tape,https://truthentrygard.com/product/1-3-8-aluminum-divided-lite-muntin-bar-with-tape/,TEG-bbrp-00055,$ 23.88,"**For questions or concerns, please contact info@truthentrygard.com",,"{""Length"": ""1', 2', 3', 4', 5', 6'"", ""Color"": ""White, Dark Bronze, Sandstone""}",TEG-bbrp-00055,23.88,"{""attribute_length"": ""6'"", ""attribute_color"": ""White""}"
Truth® EntryGard® Window Hardware(110),1 3/8″ Aluminum Divided Lite Muntin Bar with Tape,https://truthentrygard.com/product/1-3-8-aluminum-divided-lite-muntin-bar-with-tape/,TEG-bbrp-00055,$ 23.88,"**For questions or concerns, please contact info@truthentrygard.com",,"{""Length"": ""1', 2', 3', 4', 5', 6'"", ""Color"": ""White, Dark Bronze, Sandstone""}",TEG-bbrp-00055,23.88,"{""attribute_length"": ""6'"", ""attribute_color"": ""Dark Bronze""}"
Truth® EntryGard® Window Hardware(110),1 3/8″ Aluminum Divided Lite Muntin Bar with Tape,https://truthentrygard.com/product/1-3-8-aluminum-divided-lite-muntin-bar-with-tape/,TEG-bbrp-00055,$ 23.88,"**For questions or concerns, please contact info@truthentrygard.com",,"{""Length"": ""1', 2', 3', 4', 5', 6'"", ""Color"": ""White, Dark Bronze, Sandstone""}",TEG-bbrp-00055,23.88,"{""attribute_length"": ""6'"", ""attribute_color"": ""Sandstone""}"
Truth® EntryGard® Window Hardware(110),1 3/8″ Wood Divided Lite Muntin Bar with Tape,https://truthentrygard.com/product/1-3-8-wood-divided-lite-muntin-bar-with-tape/,TEG-bbrp-00054,$ 5.95 – $ 35.71 Price range: $5.95 through $35.71,"**For questions or concerns, please contact info@truthentrygard.com",,"{""Length"": ""1', 2', 3', 4', 5', 6'""}",TEG-bbrp-00054,5.95,"{""attribute_length"": ""1'""}"
Truth® EntryGard® Window Hardware(110),1 3/8″ Wood Divided Lite Muntin Bar with Tape,https://truthentrygard.com/product/1-3-8-wood-divided-lite-muntin-bar-with-tape/,TEG-bbrp-00054,$ 5.95 – $ 35.71 Price range: $5.95 through $35.71,"**For questions or concerns, please contact info@truthentrygard.com",,"{""Length"": ""1', 2', 3', 4', 5', 6'""}",TEG-bbrp-00054,11.9,"{""attribute_length"": ""2'""}"
Truth® EntryGard® Window Hardware(110),1 3/8″ Wood Divided Lite Muntin Bar with Tape,https://truthentrygard.com/product/1-3-8-wood-divided-lite-muntin-bar-with-tape/,TEG-bbrp-00054,$ 5.95 – $ 35.71 Price range: $5.95 through $35.71,"**For questions or concerns, please contact info@truthentrygard.com",,"{""Length"": ""1', 2', 3', 4', 5', 6'""}",TEG-bbrp-00054,17.85,"{""attribute_length"": ""3'""}"
Truth® EntryGard® Window Hardware(110),1 3/8″ Wood Divided Lite Muntin Bar with Tape,https://truthentrygard.com/product/1-3-8-wood-divided-lite-muntin-bar-with-tape/,TEG-bbrp-00054,$ 5.95 – $ 35.71 Price range: $5.95 through $35.71,"**For questions or concerns, please contact info@truthentrygard.com",,"{""Length"": ""1', 2', 3', 4', 5', 6'""}",TEG-bbrp-00054,23.81,"{""attribute_length"": ""4'""}"
Truth® EntryGard® Window Hardware(110),1 3/8″ Wood Divided Lite Muntin Bar with Tape,https://truthentrygard.com/product/1-3-8-wood-divided-lite-muntin-bar-with-tape/,TEG-bbrp-00054,$ 5.95 – $ 35.71 Price range: $5.95 through $35.71,"**For questions or concerns, please contact info@truthentrygard.com",,"{""Length"": ""1', 2', 3', 4', 5', 6'""}",TEG-bbrp-00054,29.75,"{""attribute_length"": ""5'""}"
Truth® EntryGard® Window Hardware(110),1 3/8″ Wood Divided Lite Muntin Bar with Tape,https://truthentrygard.com/product/1-3-8-wood-divided-lite-muntin-bar-with-tape/,TEG-bbrp-00054,$ 5.95 – $ 35.71 Price range: $5.95 through $35.71,"**For questions or concerns, please contact info@truthentrygard.com",,"{""Length"": ""1', 2', 3', 4', 5', 6'""}",TEG-bbrp-00054,35.71,"{""attribute_length"": ""6'""}"
Truth® EntryGard® Window Hardware(110),1″ Aluminum Divided Lite Muntin Bar with Tape,https://truthentrygard.com/product/1-aluminum-divided-lite-muntin-bar-with-tape/,TEG-bbrp-00056,$ 17.66 – $ 99.29 Price range: $17.66 through $99.29,,,"{""Length"": ""1', 2', 3', 4', 5', 6'"", ""Color"": ""White, Dark Bronze, Sandstone""}",TEG-bbrp-00056,17.66,"{""attribute_length"": ""1'"", ""attribute_color"": ""White""}"
Truth® EntryGard® Window Hardware(110),1″ Aluminum Divided Lite Muntin Bar with Tape,https://truthentrygard.com/product/1-aluminum-divided-lite-muntin-bar-with-tape/,TEG-bbrp-00056,$ 17.66 – $ 99.29 Price range: $17.66 through $99.29,,,"{""Length"": ""1', 2', 3', 4', 5', 6'"", ""Color"": ""White, Dark Bronze, Sandstone""}",TEG-bbrp-00056,17.66,"{""attribute_length"": ""1'"", ""attribute_color"": ""Dark Bronze""}"
Truth® EntryGard® Window Hardware(110),1″ Aluminum Divided Lite Muntin Bar with Tape,https://truthentrygard.com/product/1-aluminum-divided-lite-muntin-bar-with-tape/,TEG-bbrp-00056,$ 17.66 – $ 99.29 Price range: $17.66 through $99.29,,,"{""Length"": ""1', 2', 3', 4', 5', 6'"", ""Color"": ""White, Dark Bronze, Sandstone""}",TEG-bbrp-00056,17.66,"{""attribute_length"": ""1'"", ""attribute_color"": ""Sandstone""}"
Truth® EntryGard® Window Hardware(110),1″ Aluminum Divided Lite Muntin Bar with Tape,https://truthentrygard.com/product/1-aluminum-divided-lite-muntin-bar-with-tape/,TEG-bbrp-00056,$ 17.66 – $ 99.29 Price range: $17.66 through $99.29,,,"{""Length"": ""1', 2', 3', 4', 5', 6'"", ""Color"": ""White, Dark Bronze, Sandstone""}",TEG-bbrp-00056,33.58,"{""attribute_length"": ""2'"", ""attribute_color"": ""White""}"
Truth® EntryGard® Window Hardware(110),1″ Aluminum Divided Lite Muntin Bar with Tape,https://truthentrygard.com/product/1-aluminum-divided-lite-muntin-bar-with-tape/,TEG-bbrp-00056,$ 17.66 – $ 99.29 Price range: $17.66 through $99.29,,,"{""Length"": ""1', 2', 3', 4', 5', 6'"", ""Color"": ""White, Dark Bronze, Sandstone""}",TEG-bbrp-00056,33.58,"{""attribute_length"": ""2'"", ""attribute_color"": ""Dark Bronze""}"
Truth® EntryGard® Window Hardware(110),1″ Aluminum Divided Lite Muntin Bar with Tape,https://truthentrygard.com/product/1-aluminum-divided-lite-muntin-bar-with-tape/,TEG-bbrp-00056,$ 17.66 – $ 99.29 Price range: $17.66 through $99.29,,,"{""Length"": ""1', 2', 3', 4', 5', 6'"", ""Color"": ""White, Dark Bronze, Sandstone""}",TEG-bbrp-00056,33.58,"{""attribute_length"": ""2'"", ""attribute_color"": ""Sandstone""}"
Truth® EntryGard® Window Hardware(110),1″ Aluminum Divided Lite Muntin Bar with Tape,https://truthentrygard.com/product/1-aluminum-divided-lite-muntin-bar-with-tape/,TEG-bbrp-00056,$ 17.66 – $ 99.29 Price range: $17.66 through $99.29,,,"{""Length"": ""1', 2', 3', 4', 5', 6'"", ""Color"": ""White, Dark Bronze, Sandstone""}",TEG-bbrp-00056,50.79,"{""attribute_length"": ""3'"", ""attribute_color"": ""White""}"
Truth® EntryGard® Window Hardware(110),1″ Aluminum Divided Lite Muntin Bar with Tape,https://truthentrygard.com/product/1-aluminum-divided-lite-muntin-bar-with-tape/,TEG-bbrp-00056,$ 17.66 – $ 99.29 Price range: $17.66 through $99.29,,,"{""Length"": ""1', 2', 3', 4', 5', 6'"", ""Color"": ""White, Dark Bronze, Sandstone""}",TEG-bbrp-00056,50.79,"{""attribute_length"": ""3'"", ""attribute_color"": ""Dark Bronze""}"
Truth® EntryGard® Window Hardware(110),1″ Aluminum Divided Lite Muntin Bar with Tape,https://truthentrygard.com/product/1-aluminum-divided-lite-muntin-bar-with-tape/,TEG-bbrp-00056,$ 17.66 – $ 99.29 Price range: $17.66 through $99.29,,,"{""Length"": ""1', 2', 3', 4', 5', 6'"", ""Color"": ""White, Dark Bronze, Sandstone""}",TEG-bbrp-00056,50.79,"{""attribute_length"": ""3'"", ""attribute_color"": ""Sandstone""}"
Truth® EntryGard® Window Hardware(110),1″ Aluminum Divided Lite Muntin Bar with Tape,https://truthentrygard.com/product/1-aluminum-divided-lite-muntin-bar-with-tape/,TEG-bbrp-00056,$ 17.66 – $ 99.29 Price range: $17.66 through $99.29,,,"{""Length"": ""1', 2', 3', 4', 5', 6'"", ""Color"": ""White, Dark Bronze, Sandstone""}",TEG-bbrp-00056,70.18,"{""attribute_length"": ""4'"", ""attribute_color"": ""White""}"
Truth® EntryGard® Window Hardware(110),1″ Aluminum Divided Lite Muntin Bar with Tape,https://truthentrygard.com/product/1-aluminum-divided-lite-muntin-bar-with-tape/,TEG-bbrp-00056,$ 17.66 – $ 99.29 Price range: $17.66 through $99.29,,,"{""Length"": ""1', 2', 3', 4', 5', 6'"", ""Color"": ""White, Dark Bronze, Sandstone""}",TEG-bbrp-00056,70.18,"{""attribute_length"": ""4'"", ""attribute_color"": ""Dark Bronze""}"
Truth® EntryGard® Window Hardware(110),1″ Aluminum Divided Lite Muntin Bar with Tape,https://truthentrygard.com/product/1-aluminum-divided-lite-muntin-bar-with-tape/,TEG-bbrp-00056,$ 17.66 – $ 99.29 Price range: $17.66 through $99.29,,,"{""Length"": ""1', 2', 3', 4', 5', 6'"", ""Color"": ""White, Dark Bronze, Sandstone""}",TEG-bbrp-00056,70.18,"{""attribute_length"": ""4'"", ""attribute_color"": ""Sandstone""}"
Truth® EntryGard® Window Hardware(110),1″ Aluminum Divided Lite Muntin Bar with Tape,https://truthentrygard.com/product/1-aluminum-divided-lite-muntin-bar-with-tape/,TEG-bbrp-00056,$ 17.66 – $ 99.29 Price range: $17.66 through $99.29,,,"{""Length"": ""1', 2', 3', 4', 5', 6'"", ""Color"": ""White, Dark Bronze, Sandstone""}",TEG-bbrp-00056,88.35,"{""attribute_length"": ""5'"", ""attribute_color"": ""White""}"
Truth® EntryGard® Window Hardware(110),1″ Aluminum Divided Lite Muntin Bar with Tape,https://truthentrygard.com/product/1-aluminum-divided-lite-muntin-bar-with-tape/,TEG-bbrp-00056,$ 17.66 – $ 99.29 Price range: $17.66 through $99.29,,,"{""Length"": ""1', 2', 3', 4', 5', 6'"", ""Color"": ""White, Dark Bronze, Sandstone""}",TEG-bbrp-00056,88.35,"{""attribute_length"": ""5'"", ""attribute_color"": ""Dark Bronze""}"
Truth® EntryGard® Window Hardware(110),1″ Aluminum Divided Lite Muntin Bar with Tape,https://truthentrygard.com/product/1-aluminum-divided-lite-muntin-bar-with-tape/,TEG-bbrp-00056,$ 17.66 – $ 99.29 Price range: $17.66 through $99.29,,,"{""Length"": ""1', 2', 3', 4', 5', 6'"", ""Color"": ""White, Dark Bronze, Sandstone""}",TEG-bbrp-00056,88.35,"{""attribute_length"": ""5'"", ""attribute_color"": ""Sandstone""}"
Truth® EntryGard® Window Hardware(110),1″ Aluminum Divided Lite Muntin Bar with Tape,https://truthentrygard.com/product/1-aluminum-divided-lite-muntin-bar-with-tape/,TEG-bbrp-00056,$ 17.66 – $ 99.29 Price range: $17.66 through $99.29,,,"{""Length"": ""1', 2', 3', 4', 5', 6'"", ""Color"": ""White, Dark Bronze, Sandstone""}",TEG-bbrp-00056,99.29,"{""attribute_length"": ""6'"", ""attribute_color"": ""White""}"
Truth® EntryGard® Window Hardware(110),1″ Aluminum Divided Lite Muntin Bar with Tape,https://truthentrygard.com/product/1-aluminum-divided-lite-muntin-bar-with-tape/,TEG-bbrp-00056,$ 17.66 – $ 99.29 Price range: $17.66 through $99.29,,,"{""Length"": ""1', 2', 3', 4', 5', 6'"", ""Color"": ""White, Dark Bronze, Sandstone""}",TEG-bbrp-00056,99.29,"{""attribute_length"": ""6'"", ""attribute_color"": ""Dark Bronze""}"
Truth® EntryGard® Window Hardware(110),1″ Aluminum Divided Lite Muntin Bar with Tape,https://truthentrygard.com/product/1-aluminum-divided-lite-muntin-bar-with-tape/,TEG-bbrp-00056,$ 17.66 – $ 99.29 Price range: $17.66 through $99.29,,,"{""Length"": ""1', 2', 3', 4', 5', 6'"", ""Color"": ""White, Dark Bronze, Sandstone""}",TEG-bbrp-00056,99.29,"{""attribute_length"": ""6'"", ""attribute_color"": ""Sandstone""}"
Truth® EntryGard® Window Hardware(110),2R Window Limit Device,https://truthentrygard.com/product/2r-window-limit-device/,N/A,$ 135.88,GOT QUESTIONS?! Contact us: info@truthentrygard.com,,"{""Handing"": ""Left, Right""}",,135.88,"{""attribute_handing"": ""Left""}"
Truth® EntryGard® Window Hardware(110),7/8″ Aluminum Divided Lite Muntin Bar with Tape,https://truthentrygard.com/product/7-8-aluminum-divided-lite-muntin-bar-with-tape/,TEG-bbrp-00057,$ 13.99 – $ 78.38 Price range: $13.99 through $78.38,"**For questions or concerns, please contact info@truthentrygard.com",,"{""Length"": ""1', 2', 3', 4', 5', 6'"", ""Color"": ""White, Dark Bronze, Sandstone""}",TEG-bbrp-00057,13.99,"{""attribute_length"": ""1'"", ""attribute_color"": ""White""}"
Truth® EntryGard® Window Hardware(110),7/8″ Aluminum Divided Lite Muntin Bar with Tape,https://truthentrygard.com/product/7-8-aluminum-divided-lite-muntin-bar-with-tape/,TEG-bbrp-00057,$ 13.99 – $ 78.38 Price range: $13.99 through $78.38,"**For questions or concerns, please contact info@truthentrygard.com",,"{""Length"": ""1', 2', 3', 4', 5', 6'"", ""Color"": ""White, Dark Bronze, Sandstone""}",TEG-bbrp-00057,13.99,"{""attribute_length"": ""1'"", ""attribute_color"": ""Dark Bronze""}"
Truth® EntryGard® Window Hardware(110),7/8″ Aluminum Divided Lite Muntin Bar with Tape,https://truthentrygard.com/product/7-8-aluminum-divided-lite-muntin-bar-with-tape/,TEG-bbrp-00057,$ 13.99 – $ 78.38 Price range: $13.99 through $78.38,"**For questions or concerns, please contact info@truthentrygard.com",,"{""Length"": ""1', 2', 3', 4', 5', 6'"", ""Color"": ""White, Dark Bronze, Sandstone""}",TEG-bbrp-00057,13.99,"{""attribute_length"": ""1'"", ""attribute_color"": ""Sandstone""}"
Truth® EntryGard® Window Hardware(110),7/8″ Aluminum Divided Lite Muntin Bar with Tape,https://truthentrygard.com/product/7-8-aluminum-divided-lite-muntin-bar-with-tape/,TEG-bbrp-00057,$ 13.99 – $ 78.38 Price range: $13.99 through $78.38,"**For questions or concerns, please contact info@truthentrygard.com",,"{""Length"": ""1', 2', 3', 4', 5', 6'"", ""Color"": ""White, Dark Bronze, Sandstone""}",TEG-bbrp-00057,28.55,"{""attribute_length"": ""2'"", ""attribute_color"": ""White""}"
Truth® EntryGard® Window Hardware(110),7/8″ Aluminum Divided Lite Muntin Bar with Tape,https://truthentrygard.com/product/7-8-aluminum-divided-lite-muntin-bar-with-tape/,TEG-bbrp-00057,$ 13.99 – $ 78.38 Price range: $13.99 through $78.38,"**For questions or concerns, please contact info@truthentrygard.com",,"{""Length"": ""1', 2', 3', 4', 5', 6'"", ""Color"": ""White, Dark Bronze, Sandstone""}",TEG-bbrp-00057,28.55,"{""attribute_length"": ""2'"", ""attribute_color"": ""Dark Bronze""}"
Truth® EntryGard® Window Hardware(110),7/8″ Aluminum Divided Lite Muntin Bar with Tape,https://truthentrygard.com/product/7-8-aluminum-divided-lite-muntin-bar-with-tape/,TEG-bbrp-00057,$ 13.99 – $ 78.38 Price range: $13.99 through $78.38,"**For questions or concerns, please contact info@truthentrygard.com",,"{""Length"": ""1', 2', 3', 4', 5', 6'"", ""Color"": ""White, Dark Bronze, Sandstone""}",TEG-bbrp-00057,28.55,"{""attribute_length"": ""2'"", ""attribute_color"": ""Sandstone""}"
Truth® EntryGard® Window Hardware(110),7/8″ Aluminum Divided Lite Muntin Bar with Tape,https://truthentrygard.com/product/7-8-aluminum-divided-lite-muntin-bar-with-tape/,TEG-bbrp-00057,$ 13.99 – $ 78.38 Price range: $13.99 through $78.38,"**For questions or concerns, please contact info@truthentrygard.com",,"{""Length"": ""1', 2', 3', 4', 5', 6'"", ""Color"": ""White, Dark Bronze, Sandstone""}",TEG-bbrp-00057,45.44,"{""attribute_length"": ""3'"", ""attribute_color"": ""White""}"
Truth® EntryGard® Window Hardware(110),7/8″ Aluminum Divided Lite Muntin Bar with Tape,https://truthentrygard.com/product/7-8-aluminum-divided-lite-muntin-bar-with-tape/,TEG-bbrp-00057,$ 13.99 – $ 78.38 Price range: $13.99 through $78.38,"**For questions or concerns, please contact info@truthentrygard.com",,"{""Length"": ""1', 2', 3', 4', 5', 6'"", ""Color"": ""White, Dark Bronze, Sandstone""}",TEG-bbrp-00057,45.44,"{""attribute_length"": ""3'"", ""attribute_color"": ""Dark Bronze""}"
Truth® EntryGard® Window Hardware(110),7/8″ Aluminum Divided Lite Muntin Bar with Tape,https://truthentrygard.com/product/7-8-aluminum-divided-lite-muntin-bar-with-tape/,TEG-bbrp-00057,$ 13.99 – $ 78.38 Price range: $13.99 through $78.38,"**For questions or concerns, please contact info@truthentrygard.com",,"{""Length"": ""1', 2', 3', 4', 5', 6'"", ""Color"": ""White, Dark Bronze, Sandstone""}",TEG-bbrp-00057,45.44,"{""attribute_length"": ""3'"", ""attribute_color"": ""Sandstone""}"
Truth® EntryGard® Window Hardware(110),7/8″ Aluminum Divided Lite Muntin Bar with Tape,https://truthentrygard.com/product/7-8-aluminum-divided-lite-muntin-bar-with-tape/,TEG-bbrp-00057,$ 13.99 – $ 78.38 Price range: $13.99 through $78.38,"**For questions or concerns, please contact info@truthentrygard.com",,"{""Length"": ""1', 2', 3', 4', 5', 6'"", ""Color"": ""White, Dark Bronze, Sandstone""}",TEG-bbrp-00057,52.22,"{""attribute_length"": ""4'"", ""attribute_color"": ""White""}"
Truth® EntryGard® Window Hardware(110),7/8″ Aluminum Divided Lite Muntin Bar with Tape,https://truthentrygard.com/product/7-8-aluminum-divided-lite-muntin-bar-with-tape/,TEG-bbrp-00057,$ 13.99 – $ 78.38 Price range: $13.99 through $78.38,"**For questions or concerns, please contact info@truthentrygard.com",,"{""Length"": ""1', 2', 3', 4', 5', 6'"", ""Color"": ""White, Dark Bronze, Sandstone""}",TEG-bbrp-00057,52.22,"{""attribute_length"": ""4'"", ""attribute_color"": ""Dark Bronze""}"
Truth® EntryGard® Window Hardware(110),7/8″ Aluminum Divided Lite Muntin Bar with Tape,https://truthentrygard.com/product/7-8-aluminum-divided-lite-muntin-bar-with-tape/,TEG-bbrp-00057,$ 13.99 – $ 78.38 Price range: $13.99 through $78.38,"**For questions or concerns, please contact info@truthentrygard.com",,"{""Length"": ""1', 2', 3', 4', 5', 6'"", ""Color"": ""White, Dark Bronze, Sandstone""}",TEG-bbrp-00057,52.22,"{""attribute_length"": ""4'"", ""attribute_color"": ""Sandstone""}"
Truth® EntryGard® Window Hardware(110),7/8″ Aluminum Divided Lite Muntin Bar with Tape,https://truthentrygard.com/product/7-8-aluminum-divided-lite-muntin-bar-with-tape/,TEG-bbrp-00057,$ 13.99 – $ 78.38 Price range: $13.99 through $78.38,"**For questions or concerns, please contact info@truthentrygard.com",,"{""Length"": ""1', 2', 3', 4', 5', 6'"", ""Color"": ""White, Dark Bronze, Sandstone""}",TEG-bbrp-00057,71.44,"{""attribute_length"": ""5'"", ""attribute_color"": ""White""}"
Truth® EntryGard® Window Hardware(110),7/8″ Aluminum Divided Lite Muntin Bar with Tape,https://truthentrygard.com/product/7-8-aluminum-divided-lite-muntin-bar-with-tape/,TEG-bbrp-00057,$ 13.99 – $ 78.38 Price range: $13.99 through $78.38,"**For questions or concerns, please contact info@truthentrygard.com",,"{""Length"": ""1', 2', 3', 4', 5', 6'"", ""Color"": ""White, Dark Bronze, Sandstone""}",TEG-bbrp-00057,71.44,"{""attribute_length"": ""5'"", ""attribute_color"": ""Dark Bronze""}"
Truth® EntryGard® Window Hardware(110),7/8″ Aluminum Divided Lite Muntin Bar with Tape,https://truthentrygard.com/product/7-8-aluminum-divided-lite-muntin-bar-with-tape/,TEG-bbrp-00057,$ 13.99 – $ 78.38 Price range: $13.99 through $78.38,"**For questions or concerns, please contact info@truthentrygard.com",,"{""Length"": ""1', 2', 3', 4', 5', 6'"", ""Color"": ""White, Dark Bronze, Sandstone""}",TEG-bbrp-00057,71.44,"{""attribute_length"": ""5'"", ""attribute_color"": ""Sandstone""}"
Truth® EntryGard® Window Hardware(110),7/8″ Aluminum Divided Lite Muntin Bar with Tape,https://truthentrygard.com/product/7-8-aluminum-divided-lite-muntin-bar-with-tape/,TEG-bbrp-00057,$ 13.99 – $ 78.38 Price range: $13.99 through $78.38,"**For questions or concerns, please contact info@truthentrygard.com",,"{""Length"": ""1', 2', 3', 4', 5', 6'"", ""Color"": ""White, Dark Bronze, Sandstone""}",TEG-bbrp-00057,78.38,"{""attribute_length"": ""6'"", ""attribute_color"": ""White""}"
Truth® EntryGard® Window Hardware(110),7/8″ Aluminum Divided Lite Muntin Bar with Tape,https://truthentrygard.com/product/7-8-aluminum-divided-lite-muntin-bar-with-tape/,TEG-bbrp-00057,$ 13.99 – $ 78.38 Price range: $13.99 through $78.38,"**For questions or concerns, please contact info@truthentrygard.com",,"{""Length"": ""1', 2', 3', 4', 5', 6'"", ""Color"": ""White, Dark Bronze, Sandstone""}",TEG-bbrp-00057,78.38,"{""attribute_length"": ""6'"", ""attribute_color"": ""Dark Bronze""}"
Truth® EntryGard® Window Hardware(110),7/8″ Aluminum Divided Lite Muntin Bar with Tape,https://truthentrygard.com/product/7-8-aluminum-divided-lite-muntin-bar-with-tape/,TEG-bbrp-00057,$ 13.99 – $ 78.38 Price range: $13.99 through $78.38,"**For questions or concerns, please contact info@truthentrygard.com",,"{""Length"": ""1', 2', 3', 4', 5', 6'"", ""Color"": ""White, Dark Bronze, Sandstone""}",TEG-bbrp-00057,78.38,"{""attribute_length"": ""6'"", ""attribute_color"": ""Sandstone""}"
Truth® EntryGard® Window Hardware(110),7/8″ Wood Divided Lite Muntin,https://truthentrygard.com/product/7-8-wood-divided-lite-muntin/,TEG-bbrp-00058,$ 5.16 – $ 30.97 Price range: $5.16 through $30.97,"**For questions or concerns, please contact info@truthentrygard.com",,"{""Length"": ""1', 2', 3', 4', 5', 6'""}",TEG-bbrp-00058,5.16,"{""attribute_length"": ""1'""}"
Truth® EntryGard® Window Hardware(110),7/8″ Wood Divided Lite Muntin,https://truthentrygard.com/product/7-8-wood-divided-lite-muntin/,TEG-bbrp-00058,$ 5.16 – $ 30.97 Price range: $5.16 through $30.97,"**For questions or concerns, please contact info@truthentrygard.com",,"{""Length"": ""1', 2', 3', 4', 5', 6'""}",TEG-bbrp-00058,10.33,"{""attribute_length"": ""2'""}"
Truth® EntryGard® Window Hardware(110),7/8″ Wood Divided Lite Muntin,https://truthentrygard.com/product/7-8-wood-divided-lite-muntin/,TEG-bbrp-00058,$ 5.16 – $ 30.97 Price range: $5.16 through $30.97,"**For questions or concerns, please contact info@truthentrygard.com",,"{""Length"": ""1', 2', 3', 4', 5', 6'""}",TEG-bbrp-00058,15.48,"{""attribute_length"": ""3'""}"
Truth® EntryGard® Window Hardware(110),7/8″ Wood Divided Lite Muntin,https://truthentrygard.com/product/7-8-wood-divided-lite-muntin/,TEG-bbrp-00058,$ 5.16 – $ 30.97 Price range: $5.16 through $30.97,"**For questions or concerns, please contact info@truthentrygard.com",,"{""Length"": ""1', 2', 3', 4', 5', 6'""}",TEG-bbrp-00058,20.65,"{""attribute_length"": ""4'""}"
Truth® EntryGard® Window Hardware(110),7/8″ Wood Divided Lite Muntin,https://truthentrygard.com/product/7-8-wood-divided-lite-muntin/,TEG-bbrp-00058,$ 5.16 – $ 30.97 Price range: $5.16 through $30.97,"**For questions or concerns, please contact info@truthentrygard.com",,"{""Length"": ""1', 2', 3', 4', 5', 6'""}",TEG-bbrp-00058,25.81,"{""attribute_length"": ""5'""}"
Truth® EntryGard® Window Hardware(110),7/8″ Wood Divided Lite Muntin,https://truthentrygard.com/product/7-8-wood-divided-lite-muntin/,TEG-bbrp-00058,$ 5.16 – $ 30.97 Price range: $5.16 through $30.97,"**For questions or concerns, please contact info@truthentrygard.com",,"{""Length"": ""1', 2', 3', 4', 5', 6'""}",TEG-bbrp-00058,30.97,"{""attribute_length"": ""6'""}"
Truth® EntryGard® Window Hardware(110),Anderson Andersen Window Door Replacement Hardware Parts Free ID Help,https://truthentrygard.com/product/anderson-andersen-window-door-replacement-hardware-parts-free-id-help/,TEG- 2573517 1274104,$ 16.92,,,{},,,
Truth® EntryGard® Window Hardware(110),Ashland Dual Arm Casement Window Operator Components,https://truthentrygard.com/product/ashland-dual-arm-casement-window-operator-components/,TEG-OT-565SS,$ 80.88,Got Questions? Not sure what you need? Feel free to email: info@truthentrygard.com NOT SURE WHAT YOU NEED?!? EMAIL PICTURES AND WE WILL GET YOU TAKEN CARE OF!,,"{""Handing"": ""Left, Right""}",TEG-OT-565SS,80.88,"{""attribute_pa_handing"": ""left""}"
Truth® EntryGard® Window Hardware(110),Ashland Dual Arm Casement Window Operator Components,https://truthentrygard.com/product/ashland-dual-arm-casement-window-operator-components/,TEG-OT-565SS,$ 80.88,Got Questions? Not sure what you need? Feel free to email: info@truthentrygard.com NOT SURE WHAT YOU NEED?!? EMAIL PICTURES AND WE WILL GET YOU TAKEN CARE OF!,,"{""Handing"": ""Left, Right""}",TEG-OT-565SS,80.88,"{""attribute_pa_handing"": ""right""}"
Truth® EntryGard® Window Hardware(110),Awning Window Operator Parts | 29168 AWNING UNIT ASSEMBLY 28.75″,https://truthentrygard.com/product/awning-window-operator-parts-29168-awning-unit-assembly-28-75/,TEG-29-168,$ 207.91,"For questions or concerns, please contact info@truthentrygard.com",,{},,,
Truth® EntryGard® Window Hardware(110),CAM SASH LOCK | ENTRYGARD | TRUTH HARDWARE,https://truthentrygard.com/product/cam-sash-lock-entrygard/,TEG-,$ 32.22,GOT QUESTIONS?! Contact us at info@truthentrygard.com,,"{""Color"": ""Bronze, White""}",TEG-,32.22,"{""attribute_pa_color"": ""bronze""}"
Truth® EntryGard® Window Hardware(110),CAM SASH LOCK | ENTRYGARD | TRUTH HARDWARE,https://truthentrygard.com/product/cam-sash-lock-entrygard/,TEG-,$ 32.22,GOT QUESTIONS?! Contact us at info@truthentrygard.com,,"{""Color"": ""Bronze, White""}",TEG-,32.22,"{""attribute_pa_color"": ""white""}"
Truth® EntryGard® Window Hardware(110),CARADCO CONTOUR HANDLE AND COVER,https://truthentrygard.com/product/caradco-contour-handle-and-cover/,PEOFP-HC-2,$ 28.88 – $ 32.88 Price range: $28.88 through $32.88,GOT QUESTIONS?! Contact us at info@truthentrygard.com,,"{""Color"": ""Beige, Black, Bronze, Chestnut Bronze, Clay, Coppertone, Gold, Satin Taupe, White""}",PEOFP-HC-2,28.88,"{""attribute_pa_color"": ""beige""}"
Truth® EntryGard® Window Hardware(110),CARADCO CONTOUR HANDLE AND COVER,https://truthentrygard.com/product/caradco-contour-handle-and-cover/,PEOFP-HC-2,$ 28.88 – $ 32.88 Price range: $28.88 through $32.88,GOT QUESTIONS?! Contact us at info@truthentrygard.com,,"{""Color"": ""Beige, Black, Bronze, Chestnut Bronze, Clay, Coppertone, Gold, Satin Taupe, White""}",PEOFP-HC-2,28.88,"{""attribute_pa_color"": ""black""}"
Truth® EntryGard® Window Hardware(110),CARADCO CONTOUR HANDLE AND COVER,https://truthentrygard.com/product/caradco-contour-handle-and-cover/,PEOFP-HC-2,$ 28.88 – $ 32.88 Price range: $28.88 through $32.88,GOT QUESTIONS?! Contact us at info@truthentrygard.com,,"{""Color"": ""Beige, Black, Bronze, Chestnut Bronze, Clay, Coppertone, Gold, Satin Taupe, White""}",PEOFP-HC-2,28.88,"{""attribute_pa_color"": ""chestnut-bronze""}"
Truth® EntryGard® Window Hardware(110),CARADCO CONTOUR HANDLE AND COVER,https://truthentrygard.com/product/caradco-contour-handle-and-cover/,PEOFP-HC-2,$ 28.88 – $ 32.88 Price range: $28.88 through $32.88,GOT QUESTIONS?! Contact us at info@truthentrygard.com,,"{""Color"": ""Beige, Black, Bronze, Chestnut Bronze, Clay, Coppertone, Gold, Satin Taupe, White""}",PEOFP-HC-2,28.88,"{""attribute_pa_color"": ""clay""}"
Truth® EntryGard® Window Hardware(110),CARADCO CONTOUR HANDLE AND COVER,https://truthentrygard.com/product/caradco-contour-handle-and-cover/,PEOFP-HC-2,$ 28.88 – $ 32.88 Price range: $28.88 through $32.88,GOT QUESTIONS?! Contact us at info@truthentrygard.com,,"{""Color"": ""Beige, Black, Bronze, Chestnut Bronze, Clay, Coppertone, Gold, Satin Taupe, White""}",PEOFP-HC-2,29.88,"{""attribute_pa_color"": ""coppertone""}"
Truth® EntryGard® Window Hardware(110),CARADCO CONTOUR HANDLE AND COVER,https://truthentrygard.com/product/caradco-contour-handle-and-cover/,PEOFP-HC-2,$ 28.88 – $ 32.88 Price range: $28.88 through $32.88,GOT QUESTIONS?! Contact us at info@truthentrygard.com,,"{""Color"": ""Beige, Black, Bronze, Chestnut Bronze, Clay, Coppertone, Gold, Satin Taupe, White""}",PEOFP-HC-2,32.88,"{""attribute_pa_color"": ""gold""}"
Truth® EntryGard® Window Hardware(110),CARADCO CONTOUR HANDLE AND COVER,https://truthentrygard.com/product/caradco-contour-handle-and-cover/,PEOFP-HC-2,$ 28.88 – $ 32.88 Price range: $28.88 through $32.88,GOT QUESTIONS?! Contact us at info@truthentrygard.com,,"{""Color"": ""Beige, Black, Bronze, Chestnut Bronze, Clay, Coppertone, Gold, Satin Taupe, White""}",PEOFP-HC-2,28.88,"{""attribute_pa_color"": ""bronze""}"
Truth® EntryGard® Window Hardware(110),CARADCO CONTOUR HANDLE AND COVER,https://truthentrygard.com/product/caradco-contour-handle-and-cover/,PEOFP-HC-2,$ 28.88 – $ 32.88 Price range: $28.88 through $32.88,GOT QUESTIONS?! Contact us at info@truthentrygard.com,,"{""Color"": ""Beige, Black, Bronze, Chestnut Bronze, Clay, Coppertone, Gold, Satin Taupe, White""}",PEOFP-HC-2,28.88,"{""attribute_pa_color"": ""satin-taupe""}"
Truth® EntryGard® Window Hardware(110),CARADCO CONTOUR HANDLE AND COVER,https://truthentrygard.com/product/caradco-contour-handle-and-cover/,PEOFP-HC-2,$ 28.88 – $ 32.88 Price range: $28.88 through $32.88,GOT QUESTIONS?! Contact us at info@truthentrygard.com,,"{""Color"": ""Beige, Black, Bronze, Chestnut Bronze, Clay, Coppertone, Gold, Satin Taupe, White""}",PEOFP-HC-2,28.88,"{""attribute_pa_color"": ""white""}"
Truth® EntryGard® Window Hardware(110),"Casement & Awning Window Replacement Parts | Operators, Cranks, Handles | Norco NorClad Jeld-Wen, Pozzi and Others",https://truthentrygard.com/product/casement-awning-window-replacement-parts-operators-cranks-handles-norco-norclad-jeld-wen-pozzi-and-others/,All Window Door Parts Group USA,$ 130.27,,,{},,,
Truth® EntryGard® Window Hardware(110),Casement and Awning Window Styles – Narrow Sash Leaf Seals | Beige Tan | Home Owner Contractor Packs Available,https://truthentrygard.com/product/casement-and-awning-window-styles-narrow-sash-leaf-seals-beige-tan-home-owner-contractor-packs-available/,TEG-bbrp-00025,$ 37.51,"For questions or concerns, please contact info@truthentrygard.com",,{},,,
Truth® EntryGard® Window Hardware(110),Casement Awning Window Parts | Foam Seal Weatherstrip,https://truthentrygard.com/product/casement-awning-window-parts-foam-seal-weatherstrip/,TOOLP-WHT,"$ 1,063.22",HAVE QUESTIONS??? CONTACT INFO@TRUTHENTRYGARD.COM,,{},,,
Truth® EntryGard® Window Hardware(110),Casement Window Complete Weather Strip Seal Kit #1672,https://truthentrygard.com/product/casement-window-complete-weather-strip-seal-kit-1672/,TEG-bbrp-SPK1672,$ 124.17,"For questions or concerns, please contact info@truthentrygard.com",,{},,,
Truth Skylight Systems(100),.300 Kerf Insert Weather-Strip Seal,https://truthentrygard.com/product/300-kerf-insert-weather-strip-seal/,TEG-LPB-713.,$ 0.00,Got Questions? Not sure what you need? Feel free to email: info@truthentrygard.com NOT SURE WHAT YOU NEED?!? EMAIL PICTURES AND WE WILL GET YOU TAKEN CARE OF!,,{},,,
Truth Skylight Systems(100),1 3/8″ Aluminum Divided Lite Muntin Bar with Tape,https://truthentrygard.com/product/1-3-8-aluminum-divided-lite-muntin-bar-with-tape/,TEG-bbrp-00055,$ 23.88,"**For questions or concerns, please contact info@truthentrygard.com",,"{""Length"": ""1', 2', 3', 4', 5', 6'"", ""Color"": ""White, Dark Bronze, Sandstone""}",TEG-bbrp-00055,23.88,"{""attribute_length"": ""1'"", ""attribute_color"": ""White""}"
Truth Skylight Systems(100),1 3/8″ Aluminum Divided Lite Muntin Bar with Tape,https://truthentrygard.com/product/1-3-8-aluminum-divided-lite-muntin-bar-with-tape/,TEG-bbrp-00055,$ 23.88,"**For questions or concerns, please contact info@truthentrygard.com",,"{""Length"": ""1', 2', 3', 4', 5', 6'"", ""Color"": ""White, Dark Bronze, Sandstone""}",TEG-bbrp-00055,23.88,"{""attribute_length"": ""1'"", ""attribute_color"": ""Dark Bronze""}"
Truth Skylight Systems(100),1 3/8″ Aluminum Divided Lite Muntin Bar with Tape,https://truthentrygard.com/product/1-3-8-aluminum-divided-lite-muntin-bar-with-tape/,TEG-bbrp-00055,$ 23.88,"**For questions or concerns, please contact info@truthentrygard.com",,"{""Length"": ""1', 2', 3', 4', 5', 6'"", ""Color"": ""White, Dark Bronze, Sandstone""}",TEG-bbrp-00055,23.88,"{""attribute_length"": ""1'"", ""attribute_color"": ""Sandstone""}"
Truth Skylight Systems(100),1 3/8″ Aluminum Divided Lite Muntin Bar with Tape,https://truthentrygard.com/product/1-3-8-aluminum-divided-lite-muntin-bar-with-tape/,TEG-bbrp-00055,$ 23.88,"**For questions or concerns, please contact info@truthentrygard.com",,"{""Length"": ""1', 2', 3', 4', 5', 6'"", ""Color"": ""White, Dark Bronze, Sandstone""}",TEG-bbrp-00055,23.88,"{""attribute_length"": ""2'"", ""attribute_color"": ""White""}"
Truth Skylight Systems(100),1 3/8″ Aluminum Divided Lite Muntin Bar with Tape,https://truthentrygard.com/product/1-3-8-aluminum-divided-lite-muntin-bar-with-tape/,TEG-bbrp-00055,$ 23.88,"**For questions or concerns, please contact info@truthentrygard.com",,"{""Length"": ""1', 2', 3', 4', 5', 6'"", ""Color"": ""White, Dark Bronze, Sandstone""}",TEG-bbrp-00055,23.88,"{""attribute_length"": ""2'"", ""attribute_color"": ""Dark Bronze""}"
Truth Skylight Systems(100),1 3/8″ Aluminum Divided Lite Muntin Bar with Tape,https://truthentrygard.com/product/1-3-8-aluminum-divided-lite-muntin-bar-with-tape/,TEG-bbrp-00055,$ 23.88,"**For questions or concerns, please contact info@truthentrygard.com",,"{""Length"": ""1', 2', 3', 4', 5', 6'"", ""Color"": ""White, Dark Bronze, Sandstone""}",TEG-bbrp-00055,23.88,"{""attribute_length"": ""2'"", ""attribute_color"": ""Sandstone""}"
Truth Skylight Systems(100),1 3/8″ Aluminum Divided Lite Muntin Bar with Tape,https://truthentrygard.com/product/1-3-8-aluminum-divided-lite-muntin-bar-with-tape/,TEG-bbrp-00055,$ 23.88,"**For questions or concerns, please contact info@truthentrygard.com",,"{""Length"": ""1', 2', 3', 4', 5', 6'"", ""Color"": ""White, Dark Bronze, Sandstone""}",TEG-bbrp-00055,23.88,"{""attribute_length"": ""3'"", ""attribute_color"": ""White""}"
Truth Skylight Systems(100),1 3/8″ Aluminum Divided Lite Muntin Bar with Tape,https://truthentrygard.com/product/1-3-8-aluminum-divided-lite-muntin-bar-with-tape/,TEG-bbrp-00055,$ 23.88,"**For questions or concerns, please contact info@truthentrygard.com",,"{""Length"": ""1', 2', 3', 4', 5', 6'"", ""Color"": ""White, Dark Bronze, Sandstone""}",TEG-bbrp-00055,23.88,"{""attribute_length"": ""3'"", ""attribute_color"": ""Dark Bronze""}"
Truth Skylight Systems(100),1 3/8″ Aluminum Divided Lite Muntin Bar with Tape,https://truthentrygard.com/product/1-3-8-aluminum-divided-lite-muntin-bar-with-tape/,TEG-bbrp-00055,$ 23.88,"**For questions or concerns, please contact info@truthentrygard.com",,"{""Length"": ""1', 2', 3', 4', 5', 6'"", ""Color"": ""White, Dark Bronze, Sandstone""}",TEG-bbrp-00055,23.88,"{""attribute_length"": ""3'"", ""attribute_color"": ""Sandstone""}"
Truth Skylight Systems(100),1 3/8″ Aluminum Divided Lite Muntin Bar with Tape,https://truthentrygard.com/product/1-3-8-aluminum-divided-lite-muntin-bar-with-tape/,TEG-bbrp-00055,$ 23.88,"**For questions or concerns, please contact info@truthentrygard.com",,"{""Length"": ""1', 2', 3', 4', 5', 6'"", ""Color"": ""White, Dark Bronze, Sandstone""}",TEG-bbrp-00055,23.88,"{""attribute_length"": ""4'"", ""attribute_color"": ""White""}"
Truth Skylight Systems(100),1 3/8″ Aluminum Divided Lite Muntin Bar with Tape,https://truthentrygard.com/product/1-3-8-aluminum-divided-lite-muntin-bar-with-tape/,TEG-bbrp-00055,$ 23.88,"**For questions or concerns, please contact info@truthentrygard.com",,"{""Length"": ""1', 2', 3', 4', 5', 6'"", ""Color"": ""White, Dark Bronze, Sandstone""}",TEG-bbrp-00055,23.88,"{""attribute_length"": ""4'"", ""attribute_color"": ""Dark Bronze""}"
Truth Skylight Systems(100),1 3/8″ Aluminum Divided Lite Muntin Bar with Tape,https://truthentrygard.com/product/1-3-8-aluminum-divided-lite-muntin-bar-with-tape/,TEG-bbrp-00055,$ 23.88,"**For questions or concerns, please contact info@truthentrygard.com",,"{""Length"": ""1', 2', 3', 4', 5', 6'"", ""Color"": ""White, Dark Bronze, Sandstone""}",TEG-bbrp-00055,23.88,"{""attribute_length"": ""4'"", ""attribute_color"": ""Sandstone""}"
Truth Skylight Systems(100),1 3/8″ Aluminum Divided Lite Muntin Bar with Tape,https://truthentrygard.com/product/1-3-8-aluminum-divided-lite-muntin-bar-with-tape/,TEG-bbrp-00055,$ 23.88,"**For questions or concerns, please contact info@truthentrygard.com",,"{""Length"": ""1', 2', 3', 4', 5', 6'"", ""Color"": ""White, Dark Bronze, Sandstone""}",TEG-bbrp-00055,23.88,"{""attribute_length"": ""5'"", ""attribute_color"": ""White""}"
Truth Skylight Systems(100),1 3/8″ Aluminum Divided Lite Muntin Bar with Tape,https://truthentrygard.com/product/1-3-8-aluminum-divided-lite-muntin-bar-with-tape/,TEG-bbrp-00055,$ 23.88,"**For questions or concerns, please contact info@truthentrygard.com",,"{""Length"": ""1', 2', 3', 4', 5', 6'"", ""Color"": ""White, Dark Bronze, Sandstone""}",TEG-bbrp-00055,23.88,"{""attribute_length"": ""5'"", ""attribute_color"": ""Dark Bronze""}"
Truth Skylight Systems(100),1 3/8″ Aluminum Divided Lite Muntin Bar with Tape,https://truthentrygard.com/product/1-3-8-aluminum-divided-lite-muntin-bar-with-tape/,TEG-bbrp-00055,$ 23.88,"**For questions or concerns, please contact info@truthentrygard.com",,"{""Length"": ""1', 2', 3', 4', 5', 6'"", ""Color"": ""White, Dark Bronze, Sandstone""}",TEG-bbrp-00055,23.88,"{""attribute_length"": ""5'"", ""attribute_color"": ""Sandstone""}"
Truth Skylight Systems(100),1 3/8″ Aluminum Divided Lite Muntin Bar with Tape,https://truthentrygard.com/product/1-3-8-aluminum-divided-lite-muntin-bar-with-tape/,TEG-bbrp-00055,$ 23.88,"**For questions or concerns, please contact info@truthentrygard.com",,"{""Length"": ""1', 2', 3', 4', 5', 6'"", ""Color"": ""White, Dark Bronze, Sandstone""}",TEG-bbrp-00055,23.88,"{""attribute_length"": ""6'"", ""attribute_color"": ""White""}"
Truth Skylight Systems(100),1 3/8″ Aluminum Divided Lite Muntin Bar with Tape,https://truthentrygard.com/product/1-3-8-aluminum-divided-lite-muntin-bar-with-tape/,TEG-bbrp-00055,$ 23.88,"**For questions or concerns, please contact info@truthentrygard.com",,"{""Length"": ""1', 2', 3', 4', 5', 6'"", ""Color"": ""White, Dark Bronze, Sandstone""}",TEG-bbrp-00055,23.88,"{""attribute_length"": ""6'"", ""attribute_color"": ""Dark Bronze""}"
Truth Skylight Systems(100),1 3/8″ Aluminum Divided Lite Muntin Bar with Tape,https://truthentrygard.com/product/1-3-8-aluminum-divided-lite-muntin-bar-with-tape/,TEG-bbrp-00055,$ 23.88,"**For questions or concerns, please contact info@truthentrygard.com",,"{""Length"": ""1', 2', 3', 4', 5', 6'"", ""Color"": ""White, Dark Bronze, Sandstone""}",TEG-bbrp-00055,23.88,"{""attribute_length"": ""6'"", ""attribute_color"": ""Sandstone""}"
Truth Skylight Systems(100),1 3/8″ Wood Divided Lite Muntin Bar with Tape,https://truthentrygard.com/product/1-3-8-wood-divided-lite-muntin-bar-with-tape/,TEG-bbrp-00054,$ 5.95 – $ 35.71 Price range: $5.95 through $35.71,"**For questions or concerns, please contact info@truthentrygard.com",,"{""Length"": ""1', 2', 3', 4', 5', 6'""}",TEG-bbrp-00054,5.95,"{""attribute_length"": ""1'""}"
Truth Skylight Systems(100),1 3/8″ Wood Divided Lite Muntin Bar with Tape,https://truthentrygard.com/product/1-3-8-wood-divided-lite-muntin-bar-with-tape/,TEG-bbrp-00054,$ 5.95 – $ 35.71 Price range: $5.95 through $35.71,"**For questions or concerns, please contact info@truthentrygard.com",,"{""Length"": ""1', 2', 3', 4', 5', 6'""}",TEG-bbrp-00054,11.9,"{""attribute_length"": ""2'""}"
Truth Skylight Systems(100),1 3/8″ Wood Divided Lite Muntin Bar with Tape,https://truthentrygard.com/product/1-3-8-wood-divided-lite-muntin-bar-with-tape/,TEG-bbrp-00054,$ 5.95 – $ 35.71 Price range: $5.95 through $35.71,"**For questions or concerns, please contact info@truthentrygard.com",,"{""Length"": ""1', 2', 3', 4', 5', 6'""}",TEG-bbrp-00054,17.85,"{""attribute_length"": ""3'""}"
Truth Skylight Systems(100),1 3/8″ Wood Divided Lite Muntin Bar with Tape,https://truthentrygard.com/product/1-3-8-wood-divided-lite-muntin-bar-with-tape/,TEG-bbrp-00054,$ 5.95 – $ 35.71 Price range: $5.95 through $35.71,"**For questions or concerns, please contact info@truthentrygard.com",,"{""Length"": ""1', 2', 3', 4', 5', 6'""}",TEG-bbrp-00054,23.81,"{""attribute_length"": ""4'""}"
Truth Skylight Systems(100),1 3/8″ Wood Divided Lite Muntin Bar with Tape,https://truthentrygard.com/product/1-3-8-wood-divided-lite-muntin-bar-with-tape/,TEG-bbrp-00054,$ 5.95 – $ 35.71 Price range: $5.95 through $35.71,"**For questions or concerns, please contact info@truthentrygard.com",,"{""Length"": ""1', 2', 3', 4', 5', 6'""}",TEG-bbrp-00054,29.75,"{""attribute_length"": ""5'""}"
Truth Skylight Systems(100),1 3/8″ Wood Divided Lite Muntin Bar with Tape,https://truthentrygard.com/product/1-3-8-wood-divided-lite-muntin-bar-with-tape/,TEG-bbrp-00054,$ 5.95 – $ 35.71 Price range: $5.95 through $35.71,"**For questions or concerns, please contact info@truthentrygard.com",,"{""Length"": ""1', 2', 3', 4', 5', 6'""}",TEG-bbrp-00054,35.71,"{""attribute_length"": ""6'""}"
Truth Skylight Systems(100),1″ Aluminum Divided Lite Muntin Bar with Tape,https://truthentrygard.com/product/1-aluminum-divided-lite-muntin-bar-with-tape/,TEG-bbrp-00056,$ 17.66 – $ 99.29 Price range: $17.66 through $99.29,,,"{""Length"": ""1', 2', 3', 4', 5', 6'"", ""Color"": ""White, Dark Bronze, Sandstone""}",TEG-bbrp-00056,17.66,"{""attribute_length"": ""1'"", ""attribute_color"": ""White""}"
Truth Skylight Systems(100),1″ Aluminum Divided Lite Muntin Bar with Tape,https://truthentrygard.com/product/1-aluminum-divided-lite-muntin-bar-with-tape/,TEG-bbrp-00056,$ 17.66 – $ 99.29 Price range: $17.66 through $99.29,,,"{""Length"": ""1', 2', 3', 4', 5', 6'"", ""Color"": ""White, Dark Bronze, Sandstone""}",TEG-bbrp-00056,17.66,"{""attribute_length"": ""1'"", ""attribute_color"": ""Dark Bronze""}"
Truth Skylight Systems(100),1″ Aluminum Divided Lite Muntin Bar with Tape,https://truthentrygard.com/product/1-aluminum-divided-lite-muntin-bar-with-tape/,TEG-bbrp-00056,$ 17.66 – $ 99.29 Price range: $17.66 through $99.29,,,"{""Length"": ""1', 2', 3', 4', 5', 6'"", ""Color"": ""White, Dark Bronze, Sandstone""}",TEG-bbrp-00056,17.66,"{""attribute_length"": ""1'"", ""attribute_color"": ""Sandstone""}"
Truth Skylight Systems(100),1″ Aluminum Divided Lite Muntin Bar with Tape,https://truthentrygard.com/product/1-aluminum-divided-lite-muntin-bar-with-tape/,TEG-bbrp-00056,$ 17.66 – $ 99.29 Price range: $17.66 through $99.29,,,"{""Length"": ""1', 2', 3', 4', 5', 6'"", ""Color"": ""White, Dark Bronze, Sandstone""}",TEG-bbrp-00056,33.58,"{""attribute_length"": ""2'"", ""attribute_color"": ""White""}"
Truth Skylight Systems(100),1″ Aluminum Divided Lite Muntin Bar with Tape,https://truthentrygard.com/product/1-aluminum-divided-lite-muntin-bar-with-tape/,TEG-bbrp-00056,$ 17.66 – $ 99.29 Price range: $17.66 through $99.29,,,"{""Length"": ""1', 2', 3', 4', 5', 6'"", ""Color"": ""White, Dark Bronze, Sandstone""}",TEG-bbrp-00056,33.58,"{""attribute_length"": ""2'"", ""attribute_color"": ""Dark Bronze""}"
Truth Skylight Systems(100),1″ Aluminum Divided Lite Muntin Bar with Tape,https://truthentrygard.com/product/1-aluminum-divided-lite-muntin-bar-with-tape/,TEG-bbrp-00056,$ 17.66 – $ 99.29 Price range: $17.66 through $99.29,,,"{""Length"": ""1', 2', 3', 4', 5', 6'"", ""Color"": ""White, Dark Bronze, Sandstone""}",TEG-bbrp-00056,33.58,"{""attribute_length"": ""2'"", ""attribute_color"": ""Sandstone""}"
Truth Skylight Systems(100),1″ Aluminum Divided Lite Muntin Bar with Tape,https://truthentrygard.com/product/1-aluminum-divided-lite-muntin-bar-with-tape/,TEG-bbrp-00056,$ 17.66 – $ 99.29 Price range: $17.66 through $99.29,,,"{""Length"": ""1', 2', 3', 4', 5', 6'"", ""Color"": ""White, Dark Bronze, Sandstone""}",TEG-bbrp-00056,50.79,"{""attribute_length"": ""3'"", ""attribute_color"": ""White""}"
Truth Skylight Systems(100),1″ Aluminum Divided Lite Muntin Bar with Tape,https://truthentrygard.com/product/1-aluminum-divided-lite-muntin-bar-with-tape/,TEG-bbrp-00056,$ 17.66 – $ 99.29 Price range: $17.66 through $99.29,,,"{""Length"": ""1', 2', 3', 4', 5', 6'"", ""Color"": ""White, Dark Bronze, Sandstone""}",TEG-bbrp-00056,50.79,"{""attribute_length"": ""3'"", ""attribute_color"": ""Dark Bronze""}"
Truth Skylight Systems(100),1″ Aluminum Divided Lite Muntin Bar with Tape,https://truthentrygard.com/product/1-aluminum-divided-lite-muntin-bar-with-tape/,TEG-bbrp-00056,$ 17.66 – $ 99.29 Price range: $17.66 through $99.29,,,"{""Length"": ""1', 2', 3', 4', 5', 6'"", ""Color"": ""White, Dark Bronze, Sandstone""}",TEG-bbrp-00056,50.79,"{""attribute_length"": ""3'"", ""attribute_color"": ""Sandstone""}"
Truth Skylight Systems(100),1″ Aluminum Divided Lite Muntin Bar with Tape,https://truthentrygard.com/product/1-aluminum-divided-lite-muntin-bar-with-tape/,TEG-bbrp-00056,$ 17.66 – $ 99.29 Price range: $17.66 through $99.29,,,"{""Length"": ""1', 2', 3', 4', 5', 6'"", ""Color"": ""White, Dark Bronze, Sandstone""}",TEG-bbrp-00056,70.18,"{""attribute_length"": ""4'"", ""attribute_color"": ""White""}"
Truth Skylight Systems(100),1″ Aluminum Divided Lite Muntin Bar with Tape,https://truthentrygard.com/product/1-aluminum-divided-lite-muntin-bar-with-tape/,TEG-bbrp-00056,$ 17.66 – $ 99.29 Price range: $17.66 through $99.29,,,"{""Length"": ""1', 2', 3', 4', 5', 6'"", ""Color"": ""White, Dark Bronze, Sandstone""}",TEG-bbrp-00056,70.18,"{""attribute_length"": ""4'"", ""attribute_color"": ""Dark Bronze""}"
Truth Skylight Systems(100),1″ Aluminum Divided Lite Muntin Bar with Tape,https://truthentrygard.com/product/1-aluminum-divided-lite-muntin-bar-with-tape/,TEG-bbrp-00056,$ 17.66 – $ 99.29 Price range: $17.66 through $99.29,,,"{""Length"": ""1', 2', 3', 4', 5', 6'"", ""Color"": ""White, Dark Bronze, Sandstone""}",TEG-bbrp-00056,70.18,"{""attribute_length"": ""4'"", ""attribute_color"": ""Sandstone""}"
Truth Skylight Systems(100),1″ Aluminum Divided Lite Muntin Bar with Tape,https://truthentrygard.com/product/1-aluminum-divided-lite-muntin-bar-with-tape/,TEG-bbrp-00056,$ 17.66 – $ 99.29 Price range: $17.66 through $99.29,,,"{""Length"": ""1', 2', 3', 4', 5', 6'"", ""Color"": ""White, Dark Bronze, Sandstone""}",TEG-bbrp-00056,88.35,"{""attribute_length"": ""5'"", ""attribute_color"": ""White""}"
Truth Skylight Systems(100),1″ Aluminum Divided Lite Muntin Bar with Tape,https://truthentrygard.com/product/1-aluminum-divided-lite-muntin-bar-with-tape/,TEG-bbrp-00056,$ 17.66 – $ 99.29 Price range: $17.66 through $99.29,,,"{""Length"": ""1', 2', 3', 4', 5', 6'"", ""Color"": ""White, Dark Bronze, Sandstone""}",TEG-bbrp-00056,88.35,"{""attribute_length"": ""5'"", ""attribute_color"": ""Dark Bronze""}"
Truth Skylight Systems(100),1″ Aluminum Divided Lite Muntin Bar with Tape,https://truthentrygard.com/product/1-aluminum-divided-lite-muntin-bar-with-tape/,TEG-bbrp-00056,$ 17.66 – $ 99.29 Price range: $17.66 through $99.29,,,"{""Length"": ""1', 2', 3', 4', 5', 6'"", ""Color"": ""White, Dark Bronze, Sandstone""}",TEG-bbrp-00056,88.35,"{""attribute_length"": ""5'"", ""attribute_color"": ""Sandstone""}"
Truth Skylight Systems(100),1″ Aluminum Divided Lite Muntin Bar with Tape,https://truthentrygard.com/product/1-aluminum-divided-lite-muntin-bar-with-tape/,TEG-bbrp-00056,$ 17.66 – $ 99.29 Price range: $17.66 through $99.29,,,"{""Length"": ""1', 2', 3', 4', 5', 6'"", ""Color"": ""White, Dark Bronze, Sandstone""}",TEG-bbrp-00056,99.29,"{""attribute_length"": ""6'"", ""attribute_color"": ""White""}"
Truth Skylight Systems(100),1″ Aluminum Divided Lite Muntin Bar with Tape,https://truthentrygard.com/product/1-aluminum-divided-lite-muntin-bar-with-tape/,TEG-bbrp-00056,$ 17.66 – $ 99.29 Price range: $17.66 through $99.29,,,"{""Length"": ""1', 2', 3', 4', 5', 6'"", ""Color"": ""White, Dark Bronze, Sandstone""}",TEG-bbrp-00056,99.29,"{""attribute_length"": ""6'"", ""attribute_color"": ""Dark Bronze""}"
Truth Skylight Systems(100),1″ Aluminum Divided Lite Muntin Bar with Tape,https://truthentrygard.com/product/1-aluminum-divided-lite-muntin-bar-with-tape/,TEG-bbrp-00056,$ 17.66 – $ 99.29 Price range: $17.66 through $99.29,,,"{""Length"": ""1', 2', 3', 4', 5', 6'"", ""Color"": ""White, Dark Bronze, Sandstone""}",TEG-bbrp-00056,99.29,"{""attribute_length"": ""6'"", ""attribute_color"": ""Sandstone""}"
Truth Skylight Systems(100),2R Window Limit Device,https://truthentrygard.com/product/2r-window-limit-device/,N/A,$ 135.88,GOT QUESTIONS?! Contact us: info@truthentrygard.com,,"{""Handing"": ""Left, Right""}",,135.88,"{""attribute_handing"": ""Left""}"
Truth Skylight Systems(100),7/8″ Aluminum Divided Lite Muntin Bar with Tape,https://truthentrygard.com/product/7-8-aluminum-divided-lite-muntin-bar-with-tape/,TEG-bbrp-00057,$ 13.99 – $ 78.38 Price range: $13.99 through $78.38,"**For questions or concerns, please contact info@truthentrygard.com",,"{""Length"": ""1', 2', 3', 4', 5', 6'"", ""Color"": ""White, Dark Bronze, Sandstone""}",TEG-bbrp-00057,13.99,"{""attribute_length"": ""1'"", ""attribute_color"": ""White""}"
Truth Skylight Systems(100),7/8″ Aluminum Divided Lite Muntin Bar with Tape,https://truthentrygard.com/product/7-8-aluminum-divided-lite-muntin-bar-with-tape/,TEG-bbrp-00057,$ 13.99 – $ 78.38 Price range: $13.99 through $78.38,"**For questions or concerns, please contact info@truthentrygard.com",,"{""Length"": ""1', 2', 3', 4', 5', 6'"", ""Color"": ""White, Dark Bronze, Sandstone""}",TEG-bbrp-00057,13.99,"{""attribute_length"": ""1'"", ""attribute_color"": ""Dark Bronze""}"
Truth Skylight Systems(100),7/8″ Aluminum Divided Lite Muntin Bar with Tape,https://truthentrygard.com/product/7-8-aluminum-divided-lite-muntin-bar-with-tape/,TEG-bbrp-00057,$ 13.99 – $ 78.38 Price range: $13.99 through $78.38,"**For questions or concerns, please contact info@truthentrygard.com",,"{""Length"": ""1', 2', 3', 4', 5', 6'"", ""Color"": ""White, Dark Bronze, Sandstone""}",TEG-bbrp-00057,13.99,"{""attribute_length"": ""1'"", ""attribute_color"": ""Sandstone""}"
Truth Skylight Systems(100),7/8″ Aluminum Divided Lite Muntin Bar with Tape,https://truthentrygard.com/product/7-8-aluminum-divided-lite-muntin-bar-with-tape/,TEG-bbrp-00057,$ 13.99 – $ 78.38 Price range: $13.99 through $78.38,"**For questions or concerns, please contact info@truthentrygard.com",,"{""Length"": ""1', 2', 3', 4', 5', 6'"", ""Color"": ""White, Dark Bronze, Sandstone""}",TEG-bbrp-00057,28.55,"{""attribute_length"": ""2'"", ""attribute_color"": ""White""}"
Truth Skylight Systems(100),7/8″ Aluminum Divided Lite Muntin Bar with Tape,https://truthentrygard.com/product/7-8-aluminum-divided-lite-muntin-bar-with-tape/,TEG-bbrp-00057,$ 13.99 – $ 78.38 Price range: $13.99 through $78.38,"**For questions or concerns, please contact info@truthentrygard.com",,"{""Length"": ""1', 2', 3', 4', 5', 6'"", ""Color"": ""White, Dark Bronze, Sandstone""}",TEG-bbrp-00057,28.55,"{""attribute_length"": ""2'"", ""attribute_color"": ""Dark Bronze""}"
Truth Skylight Systems(100),7/8″ Aluminum Divided Lite Muntin Bar with Tape,https://truthentrygard.com/product/7-8-aluminum-divided-lite-muntin-bar-with-tape/,TEG-bbrp-00057,$ 13.99 – $ 78.38 Price range: $13.99 through $78.38,"**For questions or concerns, please contact info@truthentrygard.com",,"{""Length"": ""1', 2', 3', 4', 5', 6'"", ""Color"": ""White, Dark Bronze, Sandstone""}",TEG-bbrp-00057,28.55,"{""attribute_length"": ""2'"", ""attribute_color"": ""Sandstone""}"
Truth Skylight Systems(100),7/8″ Aluminum Divided Lite Muntin Bar with Tape,https://truthentrygard.com/product/7-8-aluminum-divided-lite-muntin-bar-with-tape/,TEG-bbrp-00057,$ 13.99 – $ 78.38 Price range: $13.99 through $78.38,"**For questions or concerns, please contact info@truthentrygard.com",,"{""Length"": ""1', 2', 3', 4', 5', 6'"", ""Color"": ""White, Dark Bronze, Sandstone""}",TEG-bbrp-00057,45.44,"{""attribute_length"": ""3'"", ""attribute_color"": ""White""}"
Truth Skylight Systems(100),7/8″ Aluminum Divided Lite Muntin Bar with Tape,https://truthentrygard.com/product/7-8-aluminum-divided-lite-muntin-bar-with-tape/,TEG-bbrp-00057,$ 13.99 – $ 78.38 Price range: $13.99 through $78.38,"**For questions or concerns, please contact info@truthentrygard.com",,"{""Length"": ""1', 2', 3', 4', 5', 6'"", ""Color"": ""White, Dark Bronze, Sandstone""}",TEG-bbrp-00057,45.44,"{""attribute_length"": ""3'"", ""attribute_color"": ""Dark Bronze""}"
Truth Skylight Systems(100),7/8″ Aluminum Divided Lite Muntin Bar with Tape,https://truthentrygard.com/product/7-8-aluminum-divided-lite-muntin-bar-with-tape/,TEG-bbrp-00057,$ 13.99 – $ 78.38 Price range: $13.99 through $78.38,"**For questions or concerns, please contact info@truthentrygard.com",,"{""Length"": ""1', 2', 3', 4', 5', 6'"", ""Color"": ""White, Dark Bronze, Sandstone""}",TEG-bbrp-00057,45.44,"{""attribute_length"": ""3'"", ""attribute_color"": ""Sandstone""}"
Truth Skylight Systems(100),7/8″ Aluminum Divided Lite Muntin Bar with Tape,https://truthentrygard.com/product/7-8-aluminum-divided-lite-muntin-bar-with-tape/,TEG-bbrp-00057,$ 13.99 – $ 78.38 Price range: $13.99 through $78.38,"**For questions or concerns, please contact info@truthentrygard.com",,"{""Length"": ""1', 2', 3', 4', 5', 6'"", ""Color"": ""White, Dark Bronze, Sandstone""}",TEG-bbrp-00057,52.22,"{""attribute_length"": ""4'"", ""attribute_color"": ""White""}"
Truth Skylight Systems(100),7/8″ Aluminum Divided Lite Muntin Bar with Tape,https://truthentrygard.com/product/7-8-aluminum-divided-lite-muntin-bar-with-tape/,TEG-bbrp-00057,$ 13.99 – $ 78.38 Price range: $13.99 through $78.38,"**For questions or concerns, please contact info@truthentrygard.com",,"{""Length"": ""1', 2', 3', 4', 5', 6'"", ""Color"": ""White, Dark Bronze, Sandstone""}",TEG-bbrp-00057,52.22,"{""attribute_length"": ""4'"", ""attribute_color"": ""Dark Bronze""}"
Truth Skylight Systems(100),7/8″ Aluminum Divided Lite Muntin Bar with Tape,https://truthentrygard.com/product/7-8-aluminum-divided-lite-muntin-bar-with-tape/,TEG-bbrp-00057,$ 13.99 – $ 78.38 Price range: $13.99 through $78.38,"**For questions or concerns, please contact info@truthentrygard.com",,"{""Length"": ""1', 2', 3', 4', 5', 6'"", ""Color"": ""White, Dark Bronze, Sandstone""}",TEG-bbrp-00057,52.22,"{""attribute_length"": ""4'"", ""attribute_color"": ""Sandstone""}"
Truth Skylight Systems(100),7/8″ Aluminum Divided Lite Muntin Bar with Tape,https://truthentrygard.com/product/7-8-aluminum-divided-lite-muntin-bar-with-tape/,TEG-bbrp-00057,$ 13.99 – $ 78.38 Price range: $13.99 through $78.38,"**For questions or concerns, please contact info@truthentrygard.com",,"{""Length"": ""1', 2', 3', 4', 5', 6'"", ""Color"": ""White, Dark Bronze, Sandstone""}",TEG-bbrp-00057,71.44,"{""attribute_length"": ""5'"", ""attribute_color"": ""White""}"
Truth Skylight Systems(100),7/8″ Aluminum Divided Lite Muntin Bar with Tape,https://truthentrygard.com/product/7-8-aluminum-divided-lite-muntin-bar-with-tape/,TEG-bbrp-00057,$ 13.99 – $ 78.38 Price range: $13.99 through $78.38,"**For questions or concerns, please contact info@truthentrygard.com",,"{""Length"": ""1', 2', 3', 4', 5', 6'"", ""Color"": ""White, Dark Bronze, Sandstone""}",TEG-bbrp-00057,71.44,"{""attribute_length"": ""5'"", ""attribute_color"": ""Dark Bronze""}"
Truth Skylight Systems(100),7/8″ Aluminum Divided Lite Muntin Bar with Tape,https://truthentrygard.com/product/7-8-aluminum-divided-lite-muntin-bar-with-tape/,TEG-bbrp-00057,$ 13.99 – $ 78.38 Price range: $13.99 through $78.38,"**For questions or concerns, please contact info@truthentrygard.com",,"{""Length"": ""1', 2', 3', 4', 5', 6'"", ""Color"": ""White, Dark Bronze, Sandstone""}",TEG-bbrp-00057,71.44,"{""attribute_length"": ""5'"", ""attribute_color"": ""Sandstone""}"
Truth Skylight Systems(100),7/8″ Aluminum Divided Lite Muntin Bar with Tape,https://truthentrygard.com/product/7-8-aluminum-divided-lite-muntin-bar-with-tape/,TEG-bbrp-00057,$ 13.99 – $ 78.38 Price range: $13.99 through $78.38,"**For questions or concerns, please contact info@truthentrygard.com",,"{""Length"": ""1', 2', 3', 4', 5', 6'"", ""Color"": ""White, Dark Bronze, Sandstone""}",TEG-bbrp-00057,78.38,"{""attribute_length"": ""6'"", ""attribute_color"": ""White""}"
Truth Skylight Systems(100),7/8″ Aluminum Divided Lite Muntin Bar with Tape,https://truthentrygard.com/product/7-8-aluminum-divided-lite-muntin-bar-with-tape/,TEG-bbrp-00057,$ 13.99 – $ 78.38 Price range: $13.99 through $78.38,"**For questions or concerns, please contact info@truthentrygard.com",,"{""Length"": ""1', 2', 3', 4', 5', 6'"", ""Color"": ""White, Dark Bronze, Sandstone""}",TEG-bbrp-00057,78.38,"{""attribute_length"": ""6'"", ""attribute_color"": ""Dark Bronze""}"
Truth Skylight Systems(100),7/8″ Aluminum Divided Lite Muntin Bar with Tape,https://truthentrygard.com/product/7-8-aluminum-divided-lite-muntin-bar-with-tape/,TEG-bbrp-00057,$ 13.99 – $ 78.38 Price range: $13.99 through $78.38,"**For questions or concerns, please contact info@truthentrygard.com",,"{""Length"": ""1', 2', 3', 4', 5', 6'"", ""Color"": ""White, Dark Bronze, Sandstone""}",TEG-bbrp-00057,78.38,"{""attribute_length"": ""6'"", ""attribute_color"": ""Sandstone""}"
Truth Skylight Systems(100),7/8″ Wood Divided Lite Muntin,https://truthentrygard.com/product/7-8-wood-divided-lite-muntin/,TEG-bbrp-00058,$ 5.16 – $ 30.97 Price range: $5.16 through $30.97,"**For questions or concerns, please contact info@truthentrygard.com",,"{""Length"": ""1', 2', 3', 4', 5', 6'""}",TEG-bbrp-00058,5.16,"{""attribute_length"": ""1'""}"
Truth Skylight Systems(100),7/8″ Wood Divided Lite Muntin,https://truthentrygard.com/product/7-8-wood-divided-lite-muntin/,TEG-bbrp-00058,$ 5.16 – $ 30.97 Price range: $5.16 through $30.97,"**For questions or concerns, please contact info@truthentrygard.com",,"{""Length"": ""1', 2', 3', 4', 5', 6'""}",TEG-bbrp-00058,10.33,"{""attribute_length"": ""2'""}"
Truth Skylight Systems(100),7/8″ Wood Divided Lite Muntin,https://truthentrygard.com/product/7-8-wood-divided-lite-muntin/,TEG-bbrp-00058,$ 5.16 – $ 30.97 Price range: $5.16 through $30.97,"**For questions or concerns, please contact info@truthentrygard.com",,"{""Length"": ""1', 2', 3', 4', 5', 6'""}",TEG-bbrp-00058,15.48,"{""attribute_length"": ""3'""}"
Truth Skylight Systems(100),7/8″ Wood Divided Lite Muntin,https://truthentrygard.com/product/7-8-wood-divided-lite-muntin/,TEG-bbrp-00058,$ 5.16 – $ 30.97 Price range: $5.16 through $30.97,"**For questions or concerns, please contact info@truthentrygard.com",,"{""Length"": ""1', 2', 3', 4', 5', 6'""}",TEG-bbrp-00058,20.65,"{""attribute_length"": ""4'""}"
Truth Skylight Systems(100),7/8″ Wood Divided Lite Muntin,https://truthentrygard.com/product/7-8-wood-divided-lite-muntin/,TEG-bbrp-00058,$ 5.16 – $ 30.97 Price range: $5.16 through $30.97,"**For questions or concerns, please contact info@truthentrygard.com",,"{""Length"": ""1', 2', 3', 4', 5', 6'""}",TEG-bbrp-00058,25.81,"{""attribute_length"": ""5'""}"
Truth Skylight Systems(100),7/8″ Wood Divided Lite Muntin,https://truthentrygard.com/product/7-8-wood-divided-lite-muntin/,TEG-bbrp-00058,$ 5.16 – $ 30.97 Price range: $5.16 through $30.97,"**For questions or concerns, please contact info@truthentrygard.com",,"{""Length"": ""1', 2', 3', 4', 5', 6'""}",TEG-bbrp-00058,30.97,"{""attribute_length"": ""6'""}"
Truth Skylight Systems(100),Anderson Andersen Window Door Replacement Hardware Parts Free ID Help,https://truthentrygard.com/product/anderson-andersen-window-door-replacement-hardware-parts-free-id-help/,TEG- 2573517 1274104,$ 16.92,,,{},,,
Truth Skylight Systems(100),Ashland Dual Arm Casement Window Operator Components,https://truthentrygard.com/product/ashland-dual-arm-casement-window-operator-components/,TEG-OT-565SS,$ 80.88,Got Questions? Not sure what you need? Feel free to email: info@truthentrygard.com NOT SURE WHAT YOU NEED?!? EMAIL PICTURES AND WE WILL GET YOU TAKEN CARE OF!,,"{""Handing"": ""Left, Right""}",TEG-OT-565SS,80.88,"{""attribute_pa_handing"": ""left""}"
Truth Skylight Systems(100),Ashland Dual Arm Casement Window Operator Components,https://truthentrygard.com/product/ashland-dual-arm-casement-window-operator-components/,TEG-OT-565SS,$ 80.88,Got Questions? Not sure what you need? Feel free to email: info@truthentrygard.com NOT SURE WHAT YOU NEED?!? EMAIL PICTURES AND WE WILL GET YOU TAKEN CARE OF!,,"{""Handing"": ""Left, Right""}",TEG-OT-565SS,80.88,"{""attribute_pa_handing"": ""right""}"
Truth Skylight Systems(100),Awning Window Operator Parts | 29168 AWNING UNIT ASSEMBLY 28.75″,https://truthentrygard.com/product/awning-window-operator-parts-29168-awning-unit-assembly-28-75/,TEG-29-168,$ 207.91,"For questions or concerns, please contact info@truthentrygard.com",,{},,,
Truth Skylight Systems(100),CAM SASH LOCK | ENTRYGARD | TRUTH HARDWARE,https://truthentrygard.com/product/cam-sash-lock-entrygard/,TEG-,$ 32.22,GOT QUESTIONS?! Contact us at info@truthentrygard.com,,"{""Color"": ""Bronze, White""}",TEG-,32.22,"{""attribute_pa_color"": ""bronze""}"
Truth Skylight Systems(100),CAM SASH LOCK | ENTRYGARD | TRUTH HARDWARE,https://truthentrygard.com/product/cam-sash-lock-entrygard/,TEG-,$ 32.22,GOT QUESTIONS?! Contact us at info@truthentrygard.com,,"{""Color"": ""Bronze, White""}",TEG-,32.22,"{""attribute_pa_color"": ""white""}"
Truth Skylight Systems(100),CARADCO CONTOUR HANDLE AND COVER,https://truthentrygard.com/product/caradco-contour-handle-and-cover/,PEOFP-HC-2,$ 28.88 – $ 32.88 Price range: $28.88 through $32.88,GOT QUESTIONS?! Contact us at info@truthentrygard.com,,"{""Color"": ""Beige, Black, Bronze, Chestnut Bronze, Clay, Coppertone, Gold, Satin Taupe, White""}",PEOFP-HC-2,28.88,"{""attribute_pa_color"": ""beige""}"
Truth Skylight Systems(100),CARADCO CONTOUR HANDLE AND COVER,https://truthentrygard.com/product/caradco-contour-handle-and-cover/,PEOFP-HC-2,$ 28.88 – $ 32.88 Price range: $28.88 through $32.88,GOT QUESTIONS?! Contact us at info@truthentrygard.com,,"{""Color"": ""Beige, Black, Bronze, Chestnut Bronze, Clay, Coppertone, Gold, Satin Taupe, White""}",PEOFP-HC-2,28.88,"{""attribute_pa_color"": ""black""}"
Truth Skylight Systems(100),CARADCO CONTOUR HANDLE AND COVER,https://truthentrygard.com/product/caradco-contour-handle-and-cover/,PEOFP-HC-2,$ 28.88 – $ 32.88 Price range: $28.88 through $32.88,GOT QUESTIONS?! Contact us at info@truthentrygard.com,,"{""Color"": ""Beige, Black, Bronze, Chestnut Bronze, Clay, Coppertone, Gold, Satin Taupe, White""}",PEOFP-HC-2,28.88,"{""attribute_pa_color"": ""chestnut-bronze""}"
Truth Skylight Systems(100),CARADCO CONTOUR HANDLE AND COVER,https://truthentrygard.com/product/caradco-contour-handle-and-cover/,PEOFP-HC-2,$ 28.88 – $ 32.88 Price range: $28.88 through $32.88,GOT QUESTIONS?! Contact us at info@truthentrygard.com,,"{""Color"": ""Beige, Black, Bronze, Chestnut Bronze, Clay, Coppertone, Gold, Satin Taupe, White""}",PEOFP-HC-2,28.88,"{""attribute_pa_color"": ""clay""}"
Truth Skylight Systems(100),CARADCO CONTOUR HANDLE AND COVER,https://truthentrygard.com/product/caradco-contour-handle-and-cover/,PEOFP-HC-2,$ 28.88 – $ 32.88 Price range: $28.88 through $32.88,GOT QUESTIONS?! Contact us at info@truthentrygard.com,,"{""Color"": ""Beige, Black, Bronze, Chestnut Bronze, Clay, Coppertone, Gold, Satin Taupe, White""}",PEOFP-HC-2,29.88,"{""attribute_pa_color"": ""coppertone""}"
Truth Skylight Systems(100),CARADCO CONTOUR HANDLE AND COVER,https://truthentrygard.com/product/caradco-contour-handle-and-cover/,PEOFP-HC-2,$ 28.88 – $ 32.88 Price range: $28.88 through $32.88,GOT QUESTIONS?! Contact us at info@truthentrygard.com,,"{""Color"": ""Beige, Black, Bronze, Chestnut Bronze, Clay, Coppertone, Gold, Satin Taupe, White""}",PEOFP-HC-2,32.88,"{""attribute_pa_color"": ""gold""}"
Truth Skylight Systems(100),CARADCO CONTOUR HANDLE AND COVER,https://truthentrygard.com/product/caradco-contour-handle-and-cover/,PEOFP-HC-2,$ 28.88 – $ 32.88 Price range: $28.88 through $32.88,GOT QUESTIONS?! Contact us at info@truthentrygard.com,,"{""Color"": ""Beige, Black, Bronze, Chestnut Bronze, Clay, Coppertone, Gold, Satin Taupe, White""}",PEOFP-HC-2,28.88,"{""attribute_pa_color"": ""bronze""}"
Truth Skylight Systems(100),CARADCO CONTOUR HANDLE AND COVER,https://truthentrygard.com/product/caradco-contour-handle-and-cover/,PEOFP-HC-2,$ 28.88 – $ 32.88 Price range: $28.88 through $32.88,GOT QUESTIONS?! Contact us at info@truthentrygard.com,,"{""Color"": ""Beige, Black, Bronze, Chestnut Bronze, Clay, Coppertone, Gold, Satin Taupe, White""}",PEOFP-HC-2,28.88,"{""attribute_pa_color"": ""satin-taupe""}"
Truth Skylight Systems(100),CARADCO CONTOUR HANDLE AND COVER,https://truthentrygard.com/product/caradco-contour-handle-and-cover/,PEOFP-HC-2,$ 28.88 – $ 32.88 Price range: $28.88 through $32.88,GOT QUESTIONS?! Contact us at info@truthentrygard.com,,"{""Color"": ""Beige, Black, Bronze, Chestnut Bronze, Clay, Coppertone, Gold, Satin Taupe, White""}",PEOFP-HC-2,28.88,"{""attribute_pa_color"": ""white""}"
Truth Skylight Systems(100),"Casement & Awning Window Replacement Parts | Operators, Cranks, Handles | Norco NorClad Jeld-Wen, Pozzi and Others",https://truthentrygard.com/product/casement-awning-window-replacement-parts-operators-cranks-handles-norco-norclad-jeld-wen-pozzi-and-others/,All Window Door Parts Group USA,$ 130.27,,,{},,,
Truth Skylight Systems(100),Casement and Awning Window Styles – Narrow Sash Leaf Seals | Beige Tan | Home Owner Contractor Packs Available,https://truthentrygard.com/product/casement-and-awning-window-styles-narrow-sash-leaf-seals-beige-tan-home-owner-contractor-packs-available/,TEG-bbrp-00025,$ 37.51,"For questions or concerns, please contact info@truthentrygard.com",,{},,,
Truth Skylight Systems(100),Casement Awning Window Parts | Foam Seal Weatherstrip,https://truthentrygard.com/product/casement-awning-window-parts-foam-seal-weatherstrip/,TOOLP-WHT,"$ 1,063.22",HAVE QUESTIONS??? CONTACT INFO@TRUTHENTRYGARD.COM,,{},,,
Truth Skylight Systems(100),Casement Window Complete Weather Strip Seal Kit #1672,https://truthentrygard.com/product/casement-window-complete-weather-strip-seal-kit-1672/,TEG-bbrp-SPK1672,$ 124.17,"For questions or concerns, please contact info@truthentrygard.com",,{},,,
Sash Locks and Keepers(107),.300 Kerf Insert Weather-Strip Seal,https://truthentrygard.com/product/300-kerf-insert-weather-strip-seal/,TEG-LPB-713.,$ 0.00,Got Questions? Not sure what you need? Feel free to email: info@truthentrygard.com NOT SURE WHAT YOU NEED?!? EMAIL PICTURES AND WE WILL GET YOU TAKEN CARE OF!,,{},,,
Sash Locks and Keepers(107),1 3/8″ Aluminum Divided Lite Muntin Bar with Tape,https://truthentrygard.com/product/1-3-8-aluminum-divided-lite-muntin-bar-with-tape/,TEG-bbrp-00055,$ 23.88,"**For questions or concerns, please contact info@truthentrygard.com",,"{""Length"": ""1', 2', 3', 4', 5', 6'"", ""Color"": ""White, Dark Bronze, Sandstone""}",TEG-bbrp-00055,23.88,"{""attribute_length"": ""1'"", ""attribute_color"": ""White""}"
Sash Locks and Keepers(107),1 3/8″ Aluminum Divided Lite Muntin Bar with Tape,https://truthentrygard.com/product/1-3-8-aluminum-divided-lite-muntin-bar-with-tape/,TEG-bbrp-00055,$ 23.88,"**For questions or concerns, please contact info@truthentrygard.com",,"{""Length"": ""1', 2', 3', 4', 5', 6'"", ""Color"": ""White, Dark Bronze, Sandstone""}",TEG-bbrp-00055,23.88,"{""attribute_length"": ""1'"", ""attribute_color"": ""Dark Bronze""}"
Sash Locks and Keepers(107),1 3/8″ Aluminum Divided Lite Muntin Bar with Tape,https://truthentrygard.com/product/1-3-8-aluminum-divided-lite-muntin-bar-with-tape/,TEG-bbrp-00055,$ 23.88,"**For questions or concerns, please contact info@truthentrygard.com",,"{""Length"": ""1', 2', 3', 4', 5', 6'"", ""Color"": ""White, Dark Bronze, Sandstone""}",TEG-bbrp-00055,23.88,"{""attribute_length"": ""1'"", ""attribute_color"": ""Sandstone""}"
Sash Locks and Keepers(107),1 3/8″ Aluminum Divided Lite Muntin Bar with Tape,https://truthentrygard.com/product/1-3-8-aluminum-divided-lite-muntin-bar-with-tape/,TEG-bbrp-00055,$ 23.88,"**For questions or concerns, please contact info@truthentrygard.com",,"{""Length"": ""1', 2', 3', 4', 5', 6'"", ""Color"": ""White, Dark Bronze, Sandstone""}",TEG-bbrp-00055,23.88,"{""attribute_length"": ""2'"", ""attribute_color"": ""White""}"
Sash Locks and Keepers(107),1 3/8″ Aluminum Divided Lite Muntin Bar with Tape,https://truthentrygard.com/product/1-3-8-aluminum-divided-lite-muntin-bar-with-tape/,TEG-bbrp-00055,$ 23.88,"**For questions or concerns, please contact info@truthentrygard.com",,"{""Length"": ""1', 2', 3', 4', 5', 6'"", ""Color"": ""White, Dark Bronze, Sandstone""}",TEG-bbrp-00055,23.88,"{""attribute_length"": ""2'"", ""attribute_color"": ""Dark Bronze""}"
Sash Locks and Keepers(107),1 3/8″ Aluminum Divided Lite Muntin Bar with Tape,https://truthentrygard.com/product/1-3-8-aluminum-divided-lite-muntin-bar-with-tape/,TEG-bbrp-00055,$ 23.88,"**For questions or concerns, please contact info@truthentrygard.com",,"{""Length"": ""1', 2', 3', 4', 5', 6'"", ""Color"": ""White, Dark Bronze, Sandstone""}",TEG-bbrp-00055,23.88,"{""attribute_length"": ""2'"", ""attribute_color"": ""Sandstone""}"
Sash Locks and Keepers(107),1 3/8″ Aluminum Divided Lite Muntin Bar with Tape,https://truthentrygard.com/product/1-3-8-aluminum-divided-lite-muntin-bar-with-tape/,TEG-bbrp-00055,$ 23.88,"**For questions or concerns, please contact info@truthentrygard.com",,"{""Length"": ""1', 2', 3', 4', 5', 6'"", ""Color"": ""White, Dark Bronze, Sandstone""}",TEG-bbrp-00055,23.88,"{""attribute_length"": ""3'"", ""attribute_color"": ""White""}"
Sash Locks and Keepers(107),1 3/8″ Aluminum Divided Lite Muntin Bar with Tape,https://truthentrygard.com/product/1-3-8-aluminum-divided-lite-muntin-bar-with-tape/,TEG-bbrp-00055,$ 23.88,"**For questions or concerns, please contact info@truthentrygard.com",,"{""Length"": ""1', 2', 3', 4', 5', 6'"", ""Color"": ""White, Dark Bronze, Sandstone""}",TEG-bbrp-00055,23.88,"{""attribute_length"": ""3'"", ""attribute_color"": ""Dark Bronze""}"
Sash Locks and Keepers(107),1 3/8″ Aluminum Divided Lite Muntin Bar with Tape,https://truthentrygard.com/product/1-3-8-aluminum-divided-lite-muntin-bar-with-tape/,TEG-bbrp-00055,$ 23.88,"**For questions or concerns, please contact info@truthentrygard.com",,"{""Length"": ""1', 2', 3', 4', 5', 6'"", ""Color"": ""White, Dark Bronze, Sandstone""}",TEG-bbrp-00055,23.88,"{""attribute_length"": ""3'"", ""attribute_color"": ""Sandstone""}"
Sash Locks and Keepers(107),1 3/8″ Aluminum Divided Lite Muntin Bar with Tape,https://truthentrygard.com/product/1-3-8-aluminum-divided-lite-muntin-bar-with-tape/,TEG-bbrp-00055,$ 23.88,"**For questions or concerns, please contact info@truthentrygard.com",,"{""Length"": ""1', 2', 3', 4', 5', 6'"", ""Color"": ""White, Dark Bronze, Sandstone""}",TEG-bbrp-00055,23.88,"{""attribute_length"": ""4'"", ""attribute_color"": ""White""}"
Sash Locks and Keepers(107),1 3/8″ Aluminum Divided Lite Muntin Bar with Tape,https://truthentrygard.com/product/1-3-8-aluminum-divided-lite-muntin-bar-with-tape/,TEG-bbrp-00055,$ 23.88,"**For questions or concerns, please contact info@truthentrygard.com",,"{""Length"": ""1', 2', 3', 4', 5', 6'"", ""Color"": ""White, Dark Bronze, Sandstone""}",TEG-bbrp-00055,23.88,"{""attribute_length"": ""4'"", ""attribute_color"": ""Dark Bronze""}"
Sash Locks and Keepers(107),1 3/8″ Aluminum Divided Lite Muntin Bar with Tape,https://truthentrygard.com/product/1-3-8-aluminum-divided-lite-muntin-bar-with-tape/,TEG-bbrp-00055,$ 23.88,"**For questions or concerns, please contact info@truthentrygard.com",,"{""Length"": ""1', 2', 3', 4', 5', 6'"", ""Color"": ""White, Dark Bronze, Sandstone""}",TEG-bbrp-00055,23.88,"{""attribute_length"": ""4'"", ""attribute_color"": ""Sandstone""}"
Sash Locks and Keepers(107),1 3/8″ Aluminum Divided Lite Muntin Bar with Tape,https://truthentrygard.com/product/1-3-8-aluminum-divided-lite-muntin-bar-with-tape/,TEG-bbrp-00055,$ 23.88,"**For questions or concerns, please contact info@truthentrygard.com",,"{""Length"": ""1', 2', 3', 4', 5', 6'"", ""Color"": ""White, Dark Bronze, Sandstone""}",TEG-bbrp-00055,23.88,"{""attribute_length"": ""5'"", ""attribute_color"": ""White""}"
Sash Locks and Keepers(107),1 3/8″ Aluminum Divided Lite Muntin Bar with Tape,https://truthentrygard.com/product/1-3-8-aluminum-divided-lite-muntin-bar-with-tape/,TEG-bbrp-00055,$ 23.88,"**For questions or concerns, please contact info@truthentrygard.com",,"{""Length"": ""1', 2', 3', 4', 5', 6'"", ""Color"": ""White, Dark Bronze, Sandstone""}",TEG-bbrp-00055,23.88,"{""attribute_length"": ""5'"", ""attribute_color"": ""Dark Bronze""}"
Sash Locks and Keepers(107),1 3/8″ Aluminum Divided Lite Muntin Bar with Tape,https://truthentrygard.com/product/1-3-8-aluminum-divided-lite-muntin-bar-with-tape/,TEG-bbrp-00055,$ 23.88,"**For questions or concerns, please contact info@truthentrygard.com",,"{""Length"": ""1', 2', 3', 4', 5', 6'"", ""Color"": ""White, Dark Bronze, Sandstone""}",TEG-bbrp-00055,23.88,"{""attribute_length"": ""5'"", ""attribute_color"": ""Sandstone""}"
Sash Locks and Keepers(107),1 3/8″ Aluminum Divided Lite Muntin Bar with Tape,https://truthentrygard.com/product/1-3-8-aluminum-divided-lite-muntin-bar-with-tape/,TEG-bbrp-00055,$ 23.88,"**For questions or concerns, please contact info@truthentrygard.com",,"{""Length"": ""1', 2', 3', 4', 5', 6'"", ""Color"": ""White, Dark Bronze, Sandstone""}",TEG-bbrp-00055,23.88,"{""attribute_length"": ""6'"", ""attribute_color"": ""White""}"
Sash Locks and Keepers(107),1 3/8″ Aluminum Divided Lite Muntin Bar with Tape,https://truthentrygard.com/product/1-3-8-aluminum-divided-lite-muntin-bar-with-tape/,TEG-bbrp-00055,$ 23.88,"**For questions or concerns, please contact info@truthentrygard.com",,"{""Length"": ""1', 2', 3', 4', 5', 6'"", ""Color"": ""White, Dark Bronze, Sandstone""}",TEG-bbrp-00055,23.88,"{""attribute_length"": ""6'"", ""attribute_color"": ""Dark Bronze""}"
Sash Locks and Keepers(107),1 3/8″ Aluminum Divided Lite Muntin Bar with Tape,https://truthentrygard.com/product/1-3-8-aluminum-divided-lite-muntin-bar-with-tape/,TEG-bbrp-00055,$ 23.88,"**For questions or concerns, please contact info@truthentrygard.com",,"{""Length"": ""1', 2', 3', 4', 5', 6'"", ""Color"": ""White, Dark Bronze, Sandstone""}",TEG-bbrp-00055,23.88,"{""attribute_length"": ""6'"", ""attribute_color"": ""Sandstone""}"
Sash Locks and Keepers(107),1 3/8″ Wood Divided Lite Muntin Bar with Tape,https://truthentrygard.com/product/1-3-8-wood-divided-lite-muntin-bar-with-tape/,TEG-bbrp-00054,$ 5.95 – $ 35.71 Price range: $5.95 through $35.71,"**For questions or concerns, please contact info@truthentrygard.com",,"{""Length"": ""1', 2', 3', 4', 5', 6'""}",TEG-bbrp-00054,5.95,"{""attribute_length"": ""1'""}"
Sash Locks and Keepers(107),1 3/8″ Wood Divided Lite Muntin Bar with Tape,https://truthentrygard.com/product/1-3-8-wood-divided-lite-muntin-bar-with-tape/,TEG-bbrp-00054,$ 5.95 – $ 35.71 Price range: $5.95 through $35.71,"**For questions or concerns, please contact info@truthentrygard.com",,"{""Length"": ""1', 2', 3', 4', 5', 6'""}",TEG-bbrp-00054,11.9,"{""attribute_length"": ""2'""}"
Sash Locks and Keepers(107),1 3/8″ Wood Divided Lite Muntin Bar with Tape,https://truthentrygard.com/product/1-3-8-wood-divided-lite-muntin-bar-with-tape/,TEG-bbrp-00054,$ 5.95 – $ 35.71 Price range: $5.95 through $35.71,"**For questions or concerns, please contact info@truthentrygard.com",,"{""Length"": ""1', 2', 3', 4', 5', 6'""}",TEG-bbrp-00054,17.85,"{""attribute_length"": ""3'""}"
Sash Locks and Keepers(107),1 3/8″ Wood Divided Lite Muntin Bar with Tape,https://truthentrygard.com/product/1-3-8-wood-divided-lite-muntin-bar-with-tape/,TEG-bbrp-00054,$ 5.95 – $ 35.71 Price range: $5.95 through $35.71,"**For questions or concerns, please contact info@truthentrygard.com",,"{""Length"": ""1', 2', 3', 4', 5', 6'""}",TEG-bbrp-00054,23.81,"{""attribute_length"": ""4'""}"
Sash Locks and Keepers(107),1 3/8″ Wood Divided Lite Muntin Bar with Tape,https://truthentrygard.com/product/1-3-8-wood-divided-lite-muntin-bar-with-tape/,TEG-bbrp-00054,$ 5.95 – $ 35.71 Price range: $5.95 through $35.71,"**For questions or concerns, please contact info@truthentrygard.com",,"{""Length"": ""1', 2', 3', 4', 5', 6'""}",TEG-bbrp-00054,29.75,"{""attribute_length"": ""5'""}"
Sash Locks and Keepers(107),1 3/8″ Wood Divided Lite Muntin Bar with Tape,https://truthentrygard.com/product/1-3-8-wood-divided-lite-muntin-bar-with-tape/,TEG-bbrp-00054,$ 5.95 – $ 35.71 Price range: $5.95 through $35.71,"**For questions or concerns, please contact info@truthentrygard.com",,"{""Length"": ""1', 2', 3', 4', 5', 6'""}",TEG-bbrp-00054,35.71,"{""attribute_length"": ""6'""}"
Sash Locks and Keepers(107),1″ Aluminum Divided Lite Muntin Bar with Tape,https://truthentrygard.com/product/1-aluminum-divided-lite-muntin-bar-with-tape/,TEG-bbrp-00056,$ 17.66 – $ 99.29 Price range: $17.66 through $99.29,,,"{""Length"": ""1', 2', 3', 4', 5', 6'"", ""Color"": ""White, Dark Bronze, Sandstone""}",TEG-bbrp-00056,17.66,"{""attribute_length"": ""1'"", ""attribute_color"": ""White""}"
Sash Locks and Keepers(107),1″ Aluminum Divided Lite Muntin Bar with Tape,https://truthentrygard.com/product/1-aluminum-divided-lite-muntin-bar-with-tape/,TEG-bbrp-00056,$ 17.66 – $ 99.29 Price range: $17.66 through $99.29,,,"{""Length"": ""1', 2', 3', 4', 5', 6'"", ""Color"": ""White, Dark Bronze, Sandstone""}",TEG-bbrp-00056,17.66,"{""attribute_length"": ""1'"", ""attribute_color"": ""Dark Bronze""}"
Sash Locks and Keepers(107),1″ Aluminum Divided Lite Muntin Bar with Tape,https://truthentrygard.com/product/1-aluminum-divided-lite-muntin-bar-with-tape/,TEG-bbrp-00056,$ 17.66 – $ 99.29 Price range: $17.66 through $99.29,,,"{""Length"": ""1', 2', 3', 4', 5', 6'"", ""Color"": ""White, Dark Bronze, Sandstone""}",TEG-bbrp-00056,17.66,"{""attribute_length"": ""1'"", ""attribute_color"": ""Sandstone""}"
Sash Locks and Keepers(107),1″ Aluminum Divided Lite Muntin Bar with Tape,https://truthentrygard.com/product/1-aluminum-divided-lite-muntin-bar-with-tape/,TEG-bbrp-00056,$ 17.66 – $ 99.29 Price range: $17.66 through $99.29,,,"{""Length"": ""1', 2', 3', 4', 5', 6'"", ""Color"": ""White, Dark Bronze, Sandstone""}",TEG-bbrp-00056,33.58,"{""attribute_length"": ""2'"", ""attribute_color"": ""White""}"
Sash Locks and Keepers(107),1″ Aluminum Divided Lite Muntin Bar with Tape,https://truthentrygard.com/product/1-aluminum-divided-lite-muntin-bar-with-tape/,TEG-bbrp-00056,$ 17.66 – $ 99.29 Price range: $17.66 through $99.29,,,"{""Length"": ""1', 2', 3', 4', 5', 6'"", ""Color"": ""White, Dark Bronze, Sandstone""}",TEG-bbrp-00056,33.58,"{""attribute_length"": ""2'"", ""attribute_color"": ""Dark Bronze""}"
Sash Locks and Keepers(107),1″ Aluminum Divided Lite Muntin Bar with Tape,https://truthentrygard.com/product/1-aluminum-divided-lite-muntin-bar-with-tape/,TEG-bbrp-00056,$ 17.66 – $ 99.29 Price range: $17.66 through $99.29,,,"{""Length"": ""1', 2', 3', 4', 5', 6'"", ""Color"": ""White, Dark Bronze, Sandstone""}",TEG-bbrp-00056,33.58,"{""attribute_length"": ""2'"", ""attribute_color"": ""Sandstone""}"
Sash Locks and Keepers(107),1″ Aluminum Divided Lite Muntin Bar with Tape,https://truthentrygard.com/product/1-aluminum-divided-lite-muntin-bar-with-tape/,TEG-bbrp-00056,$ 17.66 – $ 99.29 Price range: $17.66 through $99.29,,,"{""Length"": ""1', 2', 3', 4', 5', 6'"", ""Color"": ""White, Dark Bronze, Sandstone""}",TEG-bbrp-00056,50.79,"{""attribute_length"": ""3'"", ""attribute_color"": ""White""}"
Sash Locks and Keepers(107),1″ Aluminum Divided Lite Muntin Bar with Tape,https://truthentrygard.com/product/1-aluminum-divided-lite-muntin-bar-with-tape/,TEG-bbrp-00056,$ 17.66 – $ 99.29 Price range: $17.66 through $99.29,,,"{""Length"": ""1', 2', 3', 4', 5', 6'"", ""Color"": ""White, Dark Bronze, Sandstone""}",TEG-bbrp-00056,50.79,"{""attribute_length"": ""3'"", ""attribute_color"": ""Dark Bronze""}"
Sash Locks and Keepers(107),1″ Aluminum Divided Lite Muntin Bar with Tape,https://truthentrygard.com/product/1-aluminum-divided-lite-muntin-bar-with-tape/,TEG-bbrp-00056,$ 17.66 – $ 99.29 Price range: $17.66 through $99.29,,,"{""Length"": ""1', 2', 3', 4', 5', 6'"", ""Color"": ""White, Dark Bronze, Sandstone""}",TEG-bbrp-00056,50.79,"{""attribute_length"": ""3'"", ""attribute_color"": ""Sandstone""}"
Sash Locks and Keepers(107),1″ Aluminum Divided Lite Muntin Bar with Tape,https://truthentrygard.com/product/1-aluminum-divided-lite-muntin-bar-with-tape/,TEG-bbrp-00056,$ 17.66 – $ 99.29 Price range: $17.66 through $99.29,,,"{""Length"": ""1', 2', 3', 4', 5', 6'"", ""Color"": ""White, Dark Bronze, Sandstone""}",TEG-bbrp-00056,70.18,"{""attribute_length"": ""4'"", ""attribute_color"": ""White""}"
Sash Locks and Keepers(107),1″ Aluminum Divided Lite Muntin Bar with Tape,https://truthentrygard.com/product/1-aluminum-divided-lite-muntin-bar-with-tape/,TEG-bbrp-00056,$ 17.66 – $ 99.29 Price range: $17.66 through $99.29,,,"{""Length"": ""1', 2', 3', 4', 5', 6'"", ""Color"": ""White, Dark Bronze, Sandstone""}",TEG-bbrp-00056,70.18,"{""attribute_length"": ""4'"", ""attribute_color"": ""Dark Bronze""}"
Sash Locks and Keepers(107),1″ Aluminum Divided Lite Muntin Bar with Tape,https://truthentrygard.com/product/1-aluminum-divided-lite-muntin-bar-with-tape/,TEG-bbrp-00056,$ 17.66 – $ 99.29 Price range: $17.66 through $99.29,,,"{""Length"": ""1', 2', 3', 4', 5', 6'"", ""Color"": ""White, Dark Bronze, Sandstone""}",TEG-bbrp-00056,70.18,"{""attribute_length"": ""4'"", ""attribute_color"": ""Sandstone""}"
Sash Locks and Keepers(107),1″ Aluminum Divided Lite Muntin Bar with Tape,https://truthentrygard.com/product/1-aluminum-divided-lite-muntin-bar-with-tape/,TEG-bbrp-00056,$ 17.66 – $ 99.29 Price range: $17.66 through $99.29,,,"{""Length"": ""1', 2', 3', 4', 5', 6'"", ""Color"": ""White, Dark Bronze, Sandstone""}",TEG-bbrp-00056,88.35,"{""attribute_length"": ""5'"", ""attribute_color"": ""White""}"
Sash Locks and Keepers(107),1″ Aluminum Divided Lite Muntin Bar with Tape,https://truthentrygard.com/product/1-aluminum-divided-lite-muntin-bar-with-tape/,TEG-bbrp-00056,$ 17.66 – $ 99.29 Price range: $17.66 through $99.29,,,"{""Length"": ""1', 2', 3', 4', 5', 6'"", ""Color"": ""White, Dark Bronze, Sandstone""}",TEG-bbrp-00056,88.35,"{""attribute_length"": ""5'"", ""attribute_color"": ""Dark Bronze""}"
Sash Locks and Keepers(107),1″ Aluminum Divided Lite Muntin Bar with Tape,https://truthentrygard.com/product/1-aluminum-divided-lite-muntin-bar-with-tape/,TEG-bbrp-00056,$ 17.66 – $ 99.29 Price range: $17.66 through $99.29,,,"{""Length"": ""1', 2', 3', 4', 5', 6'"", ""Color"": ""White, Dark Bronze, Sandstone""}",TEG-bbrp-00056,88.35,"{""attribute_length"": ""5'"", ""attribute_color"": ""Sandstone""}"
Sash Locks and Keepers(107),1″ Aluminum Divided Lite Muntin Bar with Tape,https://truthentrygard.com/product/1-aluminum-divided-lite-muntin-bar-with-tape/,TEG-bbrp-00056,$ 17.66 – $ 99.29 Price range: $17.66 through $99.29,,,"{""Length"": ""1', 2', 3', 4', 5', 6'"", ""Color"": ""White, Dark Bronze, Sandstone""}",TEG-bbrp-00056,99.29,"{""attribute_length"": ""6'"", ""attribute_color"": ""White""}"
Sash Locks and Keepers(107),1″ Aluminum Divided Lite Muntin Bar with Tape,https://truthentrygard.com/product/1-aluminum-divided-lite-muntin-bar-with-tape/,TEG-bbrp-00056,$ 17.66 – $ 99.29 Price range: $17.66 through $99.29,,,"{""Length"": ""1', 2', 3', 4', 5', 6'"", ""Color"": ""White, Dark Bronze, Sandstone""}",TEG-bbrp-00056,99.29,"{""attribute_length"": ""6'"", ""attribute_color"": ""Dark Bronze""}"
Sash Locks and Keepers(107),1″ Aluminum Divided Lite Muntin Bar with Tape,https://truthentrygard.com/product/1-aluminum-divided-lite-muntin-bar-with-tape/,TEG-bbrp-00056,$ 17.66 – $ 99.29 Price range: $17.66 through $99.29,,,"{""Length"": ""1', 2', 3', 4', 5', 6'"", ""Color"": ""White, Dark Bronze, Sandstone""}",TEG-bbrp-00056,99.29,"{""attribute_length"": ""6'"", ""attribute_color"": ""Sandstone""}"
Sash Locks and Keepers(107),2R Window Limit Device,https://truthentrygard.com/product/2r-window-limit-device/,N/A,$ 135.88,GOT QUESTIONS?! Contact us: info@truthentrygard.com,,"{""Handing"": ""Left, Right""}",,135.88,"{""attribute_handing"": ""Left""}"
Sash Locks and Keepers(107),7/8″ Aluminum Divided Lite Muntin Bar with Tape,https://truthentrygard.com/product/7-8-aluminum-divided-lite-muntin-bar-with-tape/,TEG-bbrp-00057,$ 13.99 – $ 78.38 Price range: $13.99 through $78.38,"**For questions or concerns, please contact info@truthentrygard.com",,"{""Length"": ""1', 2', 3', 4', 5', 6'"", ""Color"": ""White, Dark Bronze, Sandstone""}",TEG-bbrp-00057,13.99,"{""attribute_length"": ""1'"", ""attribute_color"": ""White""}"
Sash Locks and Keepers(107),7/8″ Aluminum Divided Lite Muntin Bar with Tape,https://truthentrygard.com/product/7-8-aluminum-divided-lite-muntin-bar-with-tape/,TEG-bbrp-00057,$ 13.99 – $ 78.38 Price range: $13.99 through $78.38,"**For questions or concerns, please contact info@truthentrygard.com",,"{""Length"": ""1', 2', 3', 4', 5', 6'"", ""Color"": ""White, Dark Bronze, Sandstone""}",TEG-bbrp-00057,13.99,"{""attribute_length"": ""1'"", ""attribute_color"": ""Dark Bronze""}"
Sash Locks and Keepers(107),7/8″ Aluminum Divided Lite Muntin Bar with Tape,https://truthentrygard.com/product/7-8-aluminum-divided-lite-muntin-bar-with-tape/,TEG-bbrp-00057,$ 13.99 – $ 78.38 Price range: $13.99 through $78.38,"**For questions or concerns, please contact info@truthentrygard.com",,"{""Length"": ""1', 2', 3', 4', 5', 6'"", ""Color"": ""White, Dark Bronze, Sandstone""}",TEG-bbrp-00057,13.99,"{""attribute_length"": ""1'"", ""attribute_color"": ""Sandstone""}"
Sash Locks and Keepers(107),7/8″ Aluminum Divided Lite Muntin Bar with Tape,https://truthentrygard.com/product/7-8-aluminum-divided-lite-muntin-bar-with-tape/,TEG-bbrp-00057,$ 13.99 – $ 78.38 Price range: $13.99 through $78.38,"**For questions or concerns, please contact info@truthentrygard.com",,"{""Length"": ""1', 2', 3', 4', 5', 6'"", ""Color"": ""White, Dark Bronze, Sandstone""}",TEG-bbrp-00057,28.55,"{""attribute_length"": ""2'"", ""attribute_color"": ""White""}"
Sash Locks and Keepers(107),7/8″ Aluminum Divided Lite Muntin Bar with Tape,https://truthentrygard.com/product/7-8-aluminum-divided-lite-muntin-bar-with-tape/,TEG-bbrp-00057,$ 13.99 – $ 78.38 Price range: $13.99 through $78.38,"**For questions or concerns, please contact info@truthentrygard.com",,"{""Length"": ""1', 2', 3', 4', 5', 6'"", ""Color"": ""White, Dark Bronze, Sandstone""}",TEG-bbrp-00057,28.55,"{""attribute_length"": ""2'"", ""attribute_color"": ""Dark Bronze""}"
Sash Locks and Keepers(107),7/8″ Aluminum Divided Lite Muntin Bar with Tape,https://truthentrygard.com/product/7-8-aluminum-divided-lite-muntin-bar-with-tape/,TEG-bbrp-00057,$ 13.99 – $ 78.38 Price range: $13.99 through $78.38,"**For questions or concerns, please contact info@truthentrygard.com",,"{""Length"": ""1', 2', 3', 4', 5', 6'"", ""Color"": ""White, Dark Bronze, Sandstone""}",TEG-bbrp-00057,28.55,"{""attribute_length"": ""2'"", ""attribute_color"": ""Sandstone""}"
Sash Locks and Keepers(107),7/8″ Aluminum Divided Lite Muntin Bar with Tape,https://truthentrygard.com/product/7-8-aluminum-divided-lite-muntin-bar-with-tape/,TEG-bbrp-00057,$ 13.99 – $ 78.38 Price range: $13.99 through $78.38,"**For questions or concerns, please contact info@truthentrygard.com",,"{""Length"": ""1', 2', 3', 4', 5', 6'"", ""Color"": ""White, Dark Bronze, Sandstone""}",TEG-bbrp-00057,45.44,"{""attribute_length"": ""3'"", ""attribute_color"": ""White""}"
Sash Locks and Keepers(107),7/8″ Aluminum Divided Lite Muntin Bar with Tape,https://truthentrygard.com/product/7-8-aluminum-divided-lite-muntin-bar-with-tape/,TEG-bbrp-00057,$ 13.99 – $ 78.38 Price range: $13.99 through $78.38,"**For questions or concerns, please contact info@truthentrygard.com",,"{""Length"": ""1', 2', 3', 4', 5', 6'"", ""Color"": ""White, Dark Bronze, Sandstone""}",TEG-bbrp-00057,45.44,"{""attribute_length"": ""3'"", ""attribute_color"": ""Dark Bronze""}"
Sash Locks and Keepers(107),7/8″ Aluminum Divided Lite Muntin Bar with Tape,https://truthentrygard.com/product/7-8-aluminum-divided-lite-muntin-bar-with-tape/,TEG-bbrp-00057,$ 13.99 – $ 78.38 Price range: $13.99 through $78.38,"**For questions or concerns, please contact info@truthentrygard.com",,"{""Length"": ""1', 2', 3', 4', 5', 6'"", ""Color"": ""White, Dark Bronze, Sandstone""}",TEG-bbrp-00057,45.44,"{""attribute_length"": ""3'"", ""attribute_color"": ""Sandstone""}"
Sash Locks and Keepers(107),7/8″ Aluminum Divided Lite Muntin Bar with Tape,https://truthentrygard.com/product/7-8-aluminum-divided-lite-muntin-bar-with-tape/,TEG-bbrp-00057,$ 13.99 – $ 78.38 Price range: $13.99 through $78.38,"**For questions or concerns, please contact info@truthentrygard.com",,"{""Length"": ""1', 2', 3', 4', 5', 6'"", ""Color"": ""White, Dark Bronze, Sandstone""}",TEG-bbrp-00057,52.22,"{""attribute_length"": ""4'"", ""attribute_color"": ""White""}"
Sash Locks and Keepers(107),7/8″ Aluminum Divided Lite Muntin Bar with Tape,https://truthentrygard.com/product/7-8-aluminum-divided-lite-muntin-bar-with-tape/,TEG-bbrp-00057,$ 13.99 – $ 78.38 Price range: $13.99 through $78.38,"**For questions or concerns, please contact info@truthentrygard.com",,"{""Length"": ""1', 2', 3', 4', 5', 6'"", ""Color"": ""White, Dark Bronze, Sandstone""}",TEG-bbrp-00057,52.22,"{""attribute_length"": ""4'"", ""attribute_color"": ""Dark Bronze""}"
Sash Locks and Keepers(107),7/8″ Aluminum Divided Lite Muntin Bar with Tape,https://truthentrygard.com/product/7-8-aluminum-divided-lite-muntin-bar-with-tape/,TEG-bbrp-00057,$ 13.99 – $ 78.38 Price range: $13.99 through $78.38,"**For questions or concerns, please contact info@truthentrygard.com",,"{""Length"": ""1', 2', 3', 4', 5', 6'"", ""Color"": ""White, Dark Bronze, Sandstone""}",TEG-bbrp-00057,52.22,"{""attribute_length"": ""4'"", ""attribute_color"": ""Sandstone""}"
Sash Locks and Keepers(107),7/8″ Aluminum Divided Lite Muntin Bar with Tape,https://truthentrygard.com/product/7-8-aluminum-divided-lite-muntin-bar-with-tape/,TEG-bbrp-00057,$ 13.99 – $ 78.38 Price range: $13.99 through $78.38,"**For questions or concerns, please contact info@truthentrygard.com",,"{""Length"": ""1', 2', 3', 4', 5', 6'"", ""Color"": ""White, Dark Bronze, Sandstone""}",TEG-bbrp-00057,71.44,"{""attribute_length"": ""5'"", ""attribute_color"": ""White""}"
Sash Locks and Keepers(107),7/8″ Aluminum Divided Lite Muntin Bar with Tape,https://truthentrygard.com/product/7-8-aluminum-divided-lite-muntin-bar-with-tape/,TEG-bbrp-00057,$ 13.99 – $ 78.38 Price range: $13.99 through $78.38,"**For questions or concerns, please contact info@truthentrygard.com",,"{""Length"": ""1', 2', 3', 4', 5', 6'"", ""Color"": ""White, Dark Bronze, Sandstone""}",TEG-bbrp-00057,71.44,"{""attribute_length"": ""5'"", ""attribute_color"": ""Dark Bronze""}"
Sash Locks and Keepers(107),7/8″ Aluminum Divided Lite Muntin Bar with Tape,https://truthentrygard.com/product/7-8-aluminum-divided-lite-muntin-bar-with-tape/,TEG-bbrp-00057,$ 13.99 – $ 78.38 Price range: $13.99 through $78.38,"**For questions or concerns, please contact info@truthentrygard.com",,"{""Length"": ""1', 2', 3', 4', 5', 6'"", ""Color"": ""White, Dark Bronze, Sandstone""}",TEG-bbrp-00057,71.44,"{""attribute_length"": ""5'"", ""attribute_color"": ""Sandstone""}"
Sash Locks and Keepers(107),7/8″ Aluminum Divided Lite Muntin Bar with Tape,https://truthentrygard.com/product/7-8-aluminum-divided-lite-muntin-bar-with-tape/,TEG-bbrp-00057,$ 13.99 – $ 78.38 Price range: $13.99 through $78.38,"**For questions or concerns, please contact info@truthentrygard.com",,"{""Length"": ""1', 2', 3', 4', 5', 6'"", ""Color"": ""White, Dark Bronze, Sandstone""}",TEG-bbrp-00057,78.38,"{""attribute_length"": ""6'"", ""attribute_color"": ""White""}"
Sash Locks and Keepers(107),7/8″ Aluminum Divided Lite Muntin Bar with Tape,https://truthentrygard.com/product/7-8-aluminum-divided-lite-muntin-bar-with-tape/,TEG-bbrp-00057,$ 13.99 – $ 78.38 Price range: $13.99 through $78.38,"**For questions or concerns, please contact info@truthentrygard.com",,"{""Length"": ""1', 2', 3', 4', 5', 6'"", ""Color"": ""White, Dark Bronze, Sandstone""}",TEG-bbrp-00057,78.38,"{""attribute_length"": ""6'"", ""attribute_color"": ""Dark Bronze""}"
Sash Locks and Keepers(107),7/8″ Aluminum Divided Lite Muntin Bar with Tape,https://truthentrygard.com/product/7-8-aluminum-divided-lite-muntin-bar-with-tape/,TEG-bbrp-00057,$ 13.99 – $ 78.38 Price range: $13.99 through $78.38,"**For questions or concerns, please contact info@truthentrygard.com",,"{""Length"": ""1', 2', 3', 4', 5', 6'"", ""Color"": ""White, Dark Bronze, Sandstone""}",TEG-bbrp-00057,78.38,"{""attribute_length"": ""6'"", ""attribute_color"": ""Sandstone""}"
Sash Locks and Keepers(107),7/8″ Wood Divided Lite Muntin,https://truthentrygard.com/product/7-8-wood-divided-lite-muntin/,TEG-bbrp-00058,$ 5.16 – $ 30.97 Price range: $5.16 through $30.97,"**For questions or concerns, please contact info@truthentrygard.com",,"{""Length"": ""1', 2', 3', 4', 5', 6'""}",TEG-bbrp-00058,5.16,"{""attribute_length"": ""1'""}"
Sash Locks and Keepers(107),7/8″ Wood Divided Lite Muntin,https://truthentrygard.com/product/7-8-wood-divided-lite-muntin/,TEG-bbrp-00058,$ 5.16 – $ 30.97 Price range: $5.16 through $30.97,"**For questions or concerns, please contact info@truthentrygard.com",,"{""Length"": ""1', 2', 3', 4', 5', 6'""}",TEG-bbrp-00058,10.33,"{""attribute_length"": ""2'""}"
Sash Locks and Keepers(107),7/8″ Wood Divided Lite Muntin,https://truthentrygard.com/product/7-8-wood-divided-lite-muntin/,TEG-bbrp-00058,$ 5.16 – $ 30.97 Price range: $5.16 through $30.97,"**For questions or concerns, please contact info@truthentrygard.com",,"{""Length"": ""1', 2', 3', 4', 5', 6'""}",TEG-bbrp-00058,15.48,"{""attribute_length"": ""3'""}"
Sash Locks and Keepers(107),7/8″ Wood Divided Lite Muntin,https://truthentrygard.com/product/7-8-wood-divided-lite-muntin/,TEG-bbrp-00058,$ 5.16 – $ 30.97 Price range: $5.16 through $30.97,"**For questions or concerns, please contact info@truthentrygard.com",,"{""Length"": ""1', 2', 3', 4', 5', 6'""}",TEG-bbrp-00058,20.65,"{""attribute_length"": ""4'""}"
Sash Locks and Keepers(107),7/8″ Wood Divided Lite Muntin,https://truthentrygard.com/product/7-8-wood-divided-lite-muntin/,TEG-bbrp-00058,$ 5.16 – $ 30.97 Price range: $5.16 through $30.97,"**For questions or concerns, please contact info@truthentrygard.com",,"{""Length"": ""1', 2', 3', 4', 5', 6'""}",TEG-bbrp-00058,25.81,"{""attribute_length"": ""5'""}"
Sash Locks and Keepers(107),7/8″ Wood Divided Lite Muntin,https://truthentrygard.com/product/7-8-wood-divided-lite-muntin/,TEG-bbrp-00058,$ 5.16 – $ 30.97 Price range: $5.16 through $30.97,"**For questions or concerns, please contact info@truthentrygard.com",,"{""Length"": ""1', 2', 3', 4', 5', 6'""}",TEG-bbrp-00058,30.97,"{""attribute_length"": ""6'""}"
Sash Locks and Keepers(107),Andersen Window Sash Parts – Locks and Keepers,https://truthentrygard.com/product/andersen-window-sash-parts-locks-and-keepers/,TEG-BB-PF08-1,$ 93.51,**EMAIL US For Current Pricing / Availability: Info@truthentrygard.com**,,"{""Handing"": ""Left, Right""}",TEG-BB-PF08-1,93.51,"{""attribute_handing"": ""Left""}"
Sash Locks and Keepers(107),Andersen Window Sash Parts – Locks and Keepers,https://truthentrygard.com/product/andersen-window-sash-parts-locks-and-keepers/,TEG-BB-PF08-1,$ 93.51,**EMAIL US For Current Pricing / Availability: Info@truthentrygard.com**,,"{""Handing"": ""Left, Right""}",TEG-BB-PF08-1,93.51,"{""attribute_handing"": ""Right""}"
Sash Locks and Keepers(107),Anderson Andersen Window Door Replacement Hardware Parts Free ID Help,https://truthentrygard.com/product/anderson-andersen-window-door-replacement-hardware-parts-free-id-help/,TEG- 2573517 1274104,$ 16.92,,,{},,,
Sash Locks and Keepers(107),Ashland Dual Arm Casement Window Operator Components,https://truthentrygard.com/product/ashland-dual-arm-casement-window-operator-components/,TEG-OT-565SS,$ 80.88,Got Questions? Not sure what you need? Feel free to email: info@truthentrygard.com NOT SURE WHAT YOU NEED?!? EMAIL PICTURES AND WE WILL GET YOU TAKEN CARE OF!,,"{""Handing"": ""Left, Right""}",TEG-OT-565SS,80.88,"{""attribute_pa_handing"": ""left""}"
Sash Locks and Keepers(107),Ashland Dual Arm Casement Window Operator Components,https://truthentrygard.com/product/ashland-dual-arm-casement-window-operator-components/,TEG-OT-565SS,$ 80.88,Got Questions? Not sure what you need? Feel free to email: info@truthentrygard.com NOT SURE WHAT YOU NEED?!? EMAIL PICTURES AND WE WILL GET YOU TAKEN CARE OF!,,"{""Handing"": ""Left, Right""}",TEG-OT-565SS,80.88,"{""attribute_pa_handing"": ""right""}"
Sash Locks and Keepers(107),Awning Window Operator Parts | 29168 AWNING UNIT ASSEMBLY 28.75″,https://truthentrygard.com/product/awning-window-operator-parts-29168-awning-unit-assembly-28-75/,TEG-29-168,$ 207.91,"For questions or concerns, please contact info@truthentrygard.com",,{},,,
Sash Locks and Keepers(107),CAM SASH LOCK | ENTRYGARD | TRUTH HARDWARE,https://truthentrygard.com/product/cam-sash-lock-entrygard/,TEG-,$ 32.22,GOT QUESTIONS?! Contact us at info@truthentrygard.com,,"{""Color"": ""Bronze, White""}",TEG-,32.22,"{""attribute_pa_color"": ""bronze""}"
Sash Locks and Keepers(107),CAM SASH LOCK | ENTRYGARD | TRUTH HARDWARE,https://truthentrygard.com/product/cam-sash-lock-entrygard/,TEG-,$ 32.22,GOT QUESTIONS?! Contact us at info@truthentrygard.com,,"{""Color"": ""Bronze, White""}",TEG-,32.22,"{""attribute_pa_color"": ""white""}"
Sash Locks and Keepers(107),CARADCO CONTOUR HANDLE AND COVER,https://truthentrygard.com/product/caradco-contour-handle-and-cover/,PEOFP-HC-2,$ 28.88 – $ 32.88 Price range: $28.88 through $32.88,GOT QUESTIONS?! Contact us at info@truthentrygard.com,,"{""Color"": ""Beige, Black, Bronze, Chestnut Bronze, Clay, Coppertone, Gold, Satin Taupe, White""}",PEOFP-HC-2,28.88,"{""attribute_pa_color"": ""beige""}"
Sash Locks and Keepers(107),CARADCO CONTOUR HANDLE AND COVER,https://truthentrygard.com/product/caradco-contour-handle-and-cover/,PEOFP-HC-2,$ 28.88 – $ 32.88 Price range: $28.88 through $32.88,GOT QUESTIONS?! Contact us at info@truthentrygard.com,,"{""Color"": ""Beige, Black, Bronze, Chestnut Bronze, Clay, Coppertone, Gold, Satin Taupe, White""}",PEOFP-HC-2,28.88,"{""attribute_pa_color"": ""black""}"
Sash Locks and Keepers(107),CARADCO CONTOUR HANDLE AND COVER,https://truthentrygard.com/product/caradco-contour-handle-and-cover/,PEOFP-HC-2,$ 28.88 – $ 32.88 Price range: $28.88 through $32.88,GOT QUESTIONS?! Contact us at info@truthentrygard.com,,"{""Color"": ""Beige, Black, Bronze, Chestnut Bronze, Clay, Coppertone, Gold, Satin Taupe, White""}",PEOFP-HC-2,28.88,"{""attribute_pa_color"": ""chestnut-bronze""}"
Sash Locks and Keepers(107),CARADCO CONTOUR HANDLE AND COVER,https://truthentrygard.com/product/caradco-contour-handle-and-cover/,PEOFP-HC-2,$ 28.88 – $ 32.88 Price range: $28.88 through $32.88,GOT QUESTIONS?! Contact us at info@truthentrygard.com,,"{""Color"": ""Beige, Black, Bronze, Chestnut Bronze, Clay, Coppertone, Gold, Satin Taupe, White""}",PEOFP-HC-2,28.88,"{""attribute_pa_color"": ""clay""}"
Sash Locks and Keepers(107),CARADCO CONTOUR HANDLE AND COVER,https://truthentrygard.com/product/caradco-contour-handle-and-cover/,PEOFP-HC-2,$ 28.88 – $ 32.88 Price range: $28.88 through $32.88,GOT QUESTIONS?! Contact us at info@truthentrygard.com,,"{""Color"": ""Beige, Black, Bronze, Chestnut Bronze, Clay, Coppertone, Gold, Satin Taupe, White""}",PEOFP-HC-2,29.88,"{""attribute_pa_color"": ""coppertone""}"
Sash Locks and Keepers(107),CARADCO CONTOUR HANDLE AND COVER,https://truthentrygard.com/product/caradco-contour-handle-and-cover/,PEOFP-HC-2,$ 28.88 – $ 32.88 Price range: $28.88 through $32.88,GOT QUESTIONS?! Contact us at info@truthentrygard.com,,"{""Color"": ""Beige, Black, Bronze, Chestnut Bronze, Clay, Coppertone, Gold, Satin Taupe, White""}",PEOFP-HC-2,32.88,"{""attribute_pa_color"": ""gold""}"
Sash Locks and Keepers(107),CARADCO CONTOUR HANDLE AND COVER,https://truthentrygard.com/product/caradco-contour-handle-and-cover/,PEOFP-HC-2,$ 28.88 – $ 32.88 Price range: $28.88 through $32.88,GOT QUESTIONS?! Contact us at info@truthentrygard.com,,"{""Color"": ""Beige, Black, Bronze, Chestnut Bronze, Clay, Coppertone, Gold, Satin Taupe, White""}",PEOFP-HC-2,28.88,"{""attribute_pa_color"": ""bronze""}"
Sash Locks and Keepers(107),CARADCO CONTOUR HANDLE AND COVER,https://truthentrygard.com/product/caradco-contour-handle-and-cover/,PEOFP-HC-2,$ 28.88 – $ 32.88 Price range: $28.88 through $32.88,GOT QUESTIONS?! Contact us at info@truthentrygard.com,,"{""Color"": ""Beige, Black, Bronze, Chestnut Bronze, Clay, Coppertone, Gold, Satin Taupe, White""}",PEOFP-HC-2,28.88,"{""attribute_pa_color"": ""satin-taupe""}"
Sash Locks and Keepers(107),CARADCO CONTOUR HANDLE AND COVER,https://truthentrygard.com/product/caradco-contour-handle-and-cover/,PEOFP-HC-2,$ 28.88 – $ 32.88 Price range: $28.88 through $32.88,GOT QUESTIONS?! Contact us at info@truthentrygard.com,,"{""Color"": ""Beige, Black, Bronze, Chestnut Bronze, Clay, Coppertone, Gold, Satin Taupe, White""}",PEOFP-HC-2,28.88,"{""attribute_pa_color"": ""white""}"
Sash Locks and Keepers(107),"Casement & Awning Window Replacement Parts | Operators, Cranks, Handles | Norco NorClad Jeld-Wen, Pozzi and Others",https://truthentrygard.com/product/casement-awning-window-replacement-parts-operators-cranks-handles-norco-norclad-jeld-wen-pozzi-and-others/,All Window Door Parts Group USA,$ 130.27,,,{},,,
Sash Locks and Keepers(107),Casement and Awning Window Styles – Narrow Sash Leaf Seals | Beige Tan | Home Owner Contractor Packs Available,https://truthentrygard.com/product/casement-and-awning-window-styles-narrow-sash-leaf-seals-beige-tan-home-owner-contractor-packs-available/,TEG-bbrp-00025,$ 37.51,"For questions or concerns, please contact info@truthentrygard.com",,{},,,
Sash Locks and Keepers(107),Casement Awning Window Parts | Foam Seal Weatherstrip,https://truthentrygard.com/product/casement-awning-window-parts-foam-seal-weatherstrip/,TOOLP-WHT,"$ 1,063.22",HAVE QUESTIONS??? CONTACT INFO@TRUTHENTRYGARD.COM,,{},,,
Patio Door Parts(102),.300 Kerf Insert Weather-Strip Seal,https://truthentrygard.com/product/300-kerf-insert-weather-strip-seal/,TEG-LPB-713.,$ 0.00,Got Questions? Not sure what you need? Feel free to email: info@truthentrygard.com NOT SURE WHAT YOU NEED?!? EMAIL PICTURES AND WE WILL GET YOU TAKEN CARE OF!,,{},,,
Patio Door Parts(102),1 3/8″ Aluminum Divided Lite Muntin Bar with Tape,https://truthentrygard.com/product/1-3-8-aluminum-divided-lite-muntin-bar-with-tape/,TEG-bbrp-00055,$ 23.88,"**For questions or concerns, please contact info@truthentrygard.com",,"{""Length"": ""1', 2', 3', 4', 5', 6'"", ""Color"": ""White, Dark Bronze, Sandstone""}",TEG-bbrp-00055,23.88,"{""attribute_length"": ""1'"", ""attribute_color"": ""White""}"
Patio Door Parts(102),1 3/8″ Aluminum Divided Lite Muntin Bar with Tape,https://truthentrygard.com/product/1-3-8-aluminum-divided-lite-muntin-bar-with-tape/,TEG-bbrp-00055,$ 23.88,"**For questions or concerns, please contact info@truthentrygard.com",,"{""Length"": ""1', 2', 3', 4', 5', 6'"", ""Color"": ""White, Dark Bronze, Sandstone""}",TEG-bbrp-00055,23.88,"{""attribute_length"": ""1'"", ""attribute_color"": ""Dark Bronze""}"
Patio Door Parts(102),1 3/8″ Aluminum Divided Lite Muntin Bar with Tape,https://truthentrygard.com/product/1-3-8-aluminum-divided-lite-muntin-bar-with-tape/,TEG-bbrp-00055,$ 23.88,"**For questions or concerns, please contact info@truthentrygard.com",,"{""Length"": ""1', 2', 3', 4', 5', 6'"", ""Color"": ""White, Dark Bronze, Sandstone""}",TEG-bbrp-00055,23.88,"{""attribute_length"": ""1'"", ""attribute_color"": ""Sandstone""}"
Patio Door Parts(102),1 3/8″ Aluminum Divided Lite Muntin Bar with Tape,https://truthentrygard.com/product/1-3-8-aluminum-divided-lite-muntin-bar-with-tape/,TEG-bbrp-00055,$ 23.88,"**For questions or concerns, please contact info@truthentrygard.com",,"{""Length"": ""1', 2', 3', 4', 5', 6'"", ""Color"": ""White, Dark Bronze, Sandstone""}",TEG-bbrp-00055,23.88,"{""attribute_length"": ""2'"", ""attribute_color"": ""White""}"
Patio Door Parts(102),1 3/8″ Aluminum Divided Lite Muntin Bar with Tape,https://truthentrygard.com/product/1-3-8-aluminum-divided-lite-muntin-bar-with-tape/,TEG-bbrp-00055,$ 23.88,"**For questions or concerns, please contact info@truthentrygard.com",,"{""Length"": ""1', 2', 3', 4', 5', 6'"", ""Color"": ""White, Dark Bronze, Sandstone""}",TEG-bbrp-00055,23.88,"{""attribute_length"": ""2'"", ""attribute_color"": ""Dark Bronze""}"
Patio Door Parts(102),1 3/8″ Aluminum Divided Lite Muntin Bar with Tape,https://truthentrygard.com/product/1-3-8-aluminum-divided-lite-muntin-bar-with-tape/,TEG-bbrp-00055,$ 23.88,"**For questions or concerns, please contact info@truthentrygard.com",,"{""Length"": ""1', 2', 3', 4', 5', 6'"", ""Color"": ""White, Dark Bronze, Sandstone""}",TEG-bbrp-00055,23.88,"{""attribute_length"": ""2'"", ""attribute_color"": ""Sandstone""}"
Patio Door Parts(102),1 3/8″ Aluminum Divided Lite Muntin Bar with Tape,https://truthentrygard.com/product/1-3-8-aluminum-divided-lite-muntin-bar-with-tape/,TEG-bbrp-00055,$ 23.88,"**For questions or concerns, please contact info@truthentrygard.com",,"{""Length"": ""1', 2', 3', 4', 5', 6'"", ""Color"": ""White, Dark Bronze, Sandstone""}",TEG-bbrp-00055,23.88,"{""attribute_length"": ""3'"", ""attribute_color"": ""White""}"
Patio Door Parts(102),1 3/8″ Aluminum Divided Lite Muntin Bar with Tape,https://truthentrygard.com/product/1-3-8-aluminum-divided-lite-muntin-bar-with-tape/,TEG-bbrp-00055,$ 23.88,"**For questions or concerns, please contact info@truthentrygard.com",,"{""Length"": ""1', 2', 3', 4', 5', 6'"", ""Color"": ""White, Dark Bronze, Sandstone""}",TEG-bbrp-00055,23.88,"{""attribute_length"": ""3'"", ""attribute_color"": ""Dark Bronze""}"
Patio Door Parts(102),1 3/8″ Aluminum Divided Lite Muntin Bar with Tape,https://truthentrygard.com/product/1-3-8-aluminum-divided-lite-muntin-bar-with-tape/,TEG-bbrp-00055,$ 23.88,"**For questions or concerns, please contact info@truthentrygard.com",,"{""Length"": ""1', 2', 3', 4', 5', 6'"", ""Color"": ""White, Dark Bronze, Sandstone""}",TEG-bbrp-00055,23.88,"{""attribute_length"": ""3'"", ""attribute_color"": ""Sandstone""}"
Patio Door Parts(102),1 3/8″ Aluminum Divided Lite Muntin Bar with Tape,https://truthentrygard.com/product/1-3-8-aluminum-divided-lite-muntin-bar-with-tape/,TEG-bbrp-00055,$ 23.88,"**For questions or concerns, please contact info@truthentrygard.com",,"{""Length"": ""1', 2', 3', 4', 5', 6'"", ""Color"": ""White, Dark Bronze, Sandstone""}",TEG-bbrp-00055,23.88,"{""attribute_length"": ""4'"", ""attribute_color"": ""White""}"
Patio Door Parts(102),1 3/8″ Aluminum Divided Lite Muntin Bar with Tape,https://truthentrygard.com/product/1-3-8-aluminum-divided-lite-muntin-bar-with-tape/,TEG-bbrp-00055,$ 23.88,"**For questions or concerns, please contact info@truthentrygard.com",,"{""Length"": ""1', 2', 3', 4', 5', 6'"", ""Color"": ""White, Dark Bronze, Sandstone""}",TEG-bbrp-00055,23.88,"{""attribute_length"": ""4'"", ""attribute_color"": ""Dark Bronze""}"
Patio Door Parts(102),1 3/8″ Aluminum Divided Lite Muntin Bar with Tape,https://truthentrygard.com/product/1-3-8-aluminum-divided-lite-muntin-bar-with-tape/,TEG-bbrp-00055,$ 23.88,"**For questions or concerns, please contact info@truthentrygard.com",,"{""Length"": ""1', 2', 3', 4', 5', 6'"", ""Color"": ""White, Dark Bronze, Sandstone""}",TEG-bbrp-00055,23.88,"{""attribute_length"": ""4'"", ""attribute_color"": ""Sandstone""}"
Patio Door Parts(102),1 3/8″ Aluminum Divided Lite Muntin Bar with Tape,https://truthentrygard.com/product/1-3-8-aluminum-divided-lite-muntin-bar-with-tape/,TEG-bbrp-00055,$ 23.88,"**For questions or concerns, please contact info@truthentrygard.com",,"{""Length"": ""1', 2', 3', 4', 5', 6'"", ""Color"": ""White, Dark Bronze, Sandstone""}",TEG-bbrp-00055,23.88,"{""attribute_length"": ""5'"", ""attribute_color"": ""White""}"
Patio Door Parts(102),1 3/8″ Aluminum Divided Lite Muntin Bar with Tape,https://truthentrygard.com/product/1-3-8-aluminum-divided-lite-muntin-bar-with-tape/,TEG-bbrp-00055,$ 23.88,"**For questions or concerns, please contact info@truthentrygard.com",,"{""Length"": ""1', 2', 3', 4', 5', 6'"", ""Color"": ""White, Dark Bronze, Sandstone""}",TEG-bbrp-00055,23.88,"{""attribute_length"": ""5'"", ""attribute_color"": ""Dark Bronze""}"
Patio Door Parts(102),1 3/8″ Aluminum Divided Lite Muntin Bar with Tape,https://truthentrygard.com/product/1-3-8-aluminum-divided-lite-muntin-bar-with-tape/,TEG-bbrp-00055,$ 23.88,"**For questions or concerns, please contact info@truthentrygard.com",,"{""Length"": ""1', 2', 3', 4', 5', 6'"", ""Color"": ""White, Dark Bronze, Sandstone""}",TEG-bbrp-00055,23.88,"{""attribute_length"": ""5'"", ""attribute_color"": ""Sandstone""}"
Patio Door Parts(102),1 3/8″ Aluminum Divided Lite Muntin Bar with Tape,https://truthentrygard.com/product/1-3-8-aluminum-divided-lite-muntin-bar-with-tape/,TEG-bbrp-00055,$ 23.88,"**For questions or concerns, please contact info@truthentrygard.com",,"{""Length"": ""1', 2', 3', 4', 5', 6'"", ""Color"": ""White, Dark Bronze, Sandstone""}",TEG-bbrp-00055,23.88,"{""attribute_length"": ""6'"", ""attribute_color"": ""White""}"
Patio Door Parts(102),1 3/8″ Aluminum Divided Lite Muntin Bar with Tape,https://truthentrygard.com/product/1-3-8-aluminum-divided-lite-muntin-bar-with-tape/,TEG-bbrp-00055,$ 23.88,"**For questions or concerns, please contact info@truthentrygard.com",,"{""Length"": ""1', 2', 3', 4', 5', 6'"", ""Color"": ""White, Dark Bronze, Sandstone""}",TEG-bbrp-00055,23.88,"{""attribute_length"": ""6'"", ""attribute_color"": ""Dark Bronze""}"
Patio Door Parts(102),1 3/8″ Aluminum Divided Lite Muntin Bar with Tape,https://truthentrygard.com/product/1-3-8-aluminum-divided-lite-muntin-bar-with-tape/,TEG-bbrp-00055,$ 23.88,"**For questions or concerns, please contact info@truthentrygard.com",,"{""Length"": ""1', 2', 3', 4', 5', 6'"", ""Color"": ""White, Dark Bronze, Sandstone""}",TEG-bbrp-00055,23.88,"{""attribute_length"": ""6'"", ""attribute_color"": ""Sandstone""}"
Patio Door Parts(102),1 3/8″ Wood Divided Lite Muntin Bar with Tape,https://truthentrygard.com/product/1-3-8-wood-divided-lite-muntin-bar-with-tape/,TEG-bbrp-00054,$ 5.95 – $ 35.71 Price range: $5.95 through $35.71,"**For questions or concerns, please contact info@truthentrygard.com",,"{""Length"": ""1', 2', 3', 4', 5', 6'""}",TEG-bbrp-00054,5.95,"{""attribute_length"": ""1'""}"
Patio Door Parts(102),1 3/8″ Wood Divided Lite Muntin Bar with Tape,https://truthentrygard.com/product/1-3-8-wood-divided-lite-muntin-bar-with-tape/,TEG-bbrp-00054,$ 5.95 – $ 35.71 Price range: $5.95 through $35.71,"**For questions or concerns, please contact info@truthentrygard.com",,"{""Length"": ""1', 2', 3', 4', 5', 6'""}",TEG-bbrp-00054,11.9,"{""attribute_length"": ""2'""}"
Patio Door Parts(102),1 3/8″ Wood Divided Lite Muntin Bar with Tape,https://truthentrygard.com/product/1-3-8-wood-divided-lite-muntin-bar-with-tape/,TEG-bbrp-00054,$ 5.95 – $ 35.71 Price range: $5.95 through $35.71,"**For questions or concerns, please contact info@truthentrygard.com",,"{""Length"": ""1', 2', 3', 4', 5', 6'""}",TEG-bbrp-00054,17.85,"{""attribute_length"": ""3'""}"
Patio Door Parts(102),1 3/8″ Wood Divided Lite Muntin Bar with Tape,https://truthentrygard.com/product/1-3-8-wood-divided-lite-muntin-bar-with-tape/,TEG-bbrp-00054,$ 5.95 – $ 35.71 Price range: $5.95 through $35.71,"**For questions or concerns, please contact info@truthentrygard.com",,"{""Length"": ""1', 2', 3', 4', 5', 6'""}",TEG-bbrp-00054,23.81,"{""attribute_length"": ""4'""}"
Patio Door Parts(102),1 3/8″ Wood Divided Lite Muntin Bar with Tape,https://truthentrygard.com/product/1-3-8-wood-divided-lite-muntin-bar-with-tape/,TEG-bbrp-00054,$ 5.95 – $ 35.71 Price range: $5.95 through $35.71,"**For questions or concerns, please contact info@truthentrygard.com",,"{""Length"": ""1', 2', 3', 4', 5', 6'""}",TEG-bbrp-00054,29.75,"{""attribute_length"": ""5'""}"
Patio Door Parts(102),1 3/8″ Wood Divided Lite Muntin Bar with Tape,https://truthentrygard.com/product/1-3-8-wood-divided-lite-muntin-bar-with-tape/,TEG-bbrp-00054,$ 5.95 – $ 35.71 Price range: $5.95 through $35.71,"**For questions or concerns, please contact info@truthentrygard.com",,"{""Length"": ""1', 2', 3', 4', 5', 6'""}",TEG-bbrp-00054,35.71,"{""attribute_length"": ""6'""}"
Patio Door Parts(102),1″ Aluminum Divided Lite Muntin Bar with Tape,https://truthentrygard.com/product/1-aluminum-divided-lite-muntin-bar-with-tape/,TEG-bbrp-00056,$ 17.66 – $ 99.29 Price range: $17.66 through $99.29,,,"{""Length"": ""1', 2', 3', 4', 5', 6'"", ""Color"": ""White, Dark Bronze, Sandstone""}",TEG-bbrp-00056,17.66,"{""attribute_length"": ""1'"", ""attribute_color"": ""White""}"
Patio Door Parts(102),1″ Aluminum Divided Lite Muntin Bar with Tape,https://truthentrygard.com/product/1-aluminum-divided-lite-muntin-bar-with-tape/,TEG-bbrp-00056,$ 17.66 – $ 99.29 Price range: $17.66 through $99.29,,,"{""Length"": ""1', 2', 3', 4', 5', 6'"", ""Color"": ""White, Dark Bronze, Sandstone""}",TEG-bbrp-00056,17.66,"{""attribute_length"": ""1'"", ""attribute_color"": ""Dark Bronze""}"
Patio Door Parts(102),1″ Aluminum Divided Lite Muntin Bar with Tape,https://truthentrygard.com/product/1-aluminum-divided-lite-muntin-bar-with-tape/,TEG-bbrp-00056,$ 17.66 – $ 99.29 Price range: $17.66 through $99.29,,,"{""Length"": ""1', 2', 3', 4', 5', 6'"", ""Color"": ""White, Dark Bronze, Sandstone""}",TEG-bbrp-00056,17.66,"{""attribute_length"": ""1'"", ""attribute_color"": ""Sandstone""}"
Patio Door Parts(102),1″ Aluminum Divided Lite Muntin Bar with Tape,https://truthentrygard.com/product/1-aluminum-divided-lite-muntin-bar-with-tape/,TEG-bbrp-00056,$ 17.66 – $ 99.29 Price range: $17.66 through $99.29,,,"{""Length"": ""1', 2', 3', 4', 5', 6'"", ""Color"": ""White, Dark Bronze, Sandstone""}",TEG-bbrp-00056,33.58,"{""attribute_length"": ""2'"", ""attribute_color"": ""White""}"
Patio Door Parts(102),1″ Aluminum Divided Lite Muntin Bar with Tape,https://truthentrygard.com/product/1-aluminum-divided-lite-muntin-bar-with-tape/,TEG-bbrp-00056,$ 17.66 – $ 99.29 Price range: $17.66 through $99.29,,,"{""Length"": ""1', 2', 3', 4', 5', 6'"", ""Color"": ""White, Dark Bronze, Sandstone""}",TEG-bbrp-00056,33.58,"{""attribute_length"": ""2'"", ""attribute_color"": ""Dark Bronze""}"
Patio Door Parts(102),1″ Aluminum Divided Lite Muntin Bar with Tape,https://truthentrygard.com/product/1-aluminum-divided-lite-muntin-bar-with-tape/,TEG-bbrp-00056,$ 17.66 – $ 99.29 Price range: $17.66 through $99.29,,,"{""Length"": ""1', 2', 3', 4', 5', 6'"", ""Color"": ""White, Dark Bronze, Sandstone""}",TEG-bbrp-00056,33.58,"{""attribute_length"": ""2'"", ""attribute_color"": ""Sandstone""}"
Patio Door Parts(102),1″ Aluminum Divided Lite Muntin Bar with Tape,https://truthentrygard.com/product/1-aluminum-divided-lite-muntin-bar-with-tape/,TEG-bbrp-00056,$ 17.66 – $ 99.29 Price range: $17.66 through $99.29,,,"{""Length"": ""1', 2', 3', 4', 5', 6'"", ""Color"": ""White, Dark Bronze, Sandstone""}",TEG-bbrp-00056,50.79,"{""attribute_length"": ""3'"", ""attribute_color"": ""White""}"
Patio Door Parts(102),1″ Aluminum Divided Lite Muntin Bar with Tape,https://truthentrygard.com/product/1-aluminum-divided-lite-muntin-bar-with-tape/,TEG-bbrp-00056,$ 17.66 – $ 99.29 Price range: $17.66 through $99.29,,,"{""Length"": ""1', 2', 3', 4', 5', 6'"", ""Color"": ""White, Dark Bronze, Sandstone""}",TEG-bbrp-00056,50.79,"{""attribute_length"": ""3'"", ""attribute_color"": ""Dark Bronze""}"
Patio Door Parts(102),1″ Aluminum Divided Lite Muntin Bar with Tape,https://truthentrygard.com/product/1-aluminum-divided-lite-muntin-bar-with-tape/,TEG-bbrp-00056,$ 17.66 – $ 99.29 Price range: $17.66 through $99.29,,,"{""Length"": ""1', 2', 3', 4', 5', 6'"", ""Color"": ""White, Dark Bronze, Sandstone""}",TEG-bbrp-00056,50.79,"{""attribute_length"": ""3'"", ""attribute_color"": ""Sandstone""}"
Patio Door Parts(102),1″ Aluminum Divided Lite Muntin Bar with Tape,https://truthentrygard.com/product/1-aluminum-divided-lite-muntin-bar-with-tape/,TEG-bbrp-00056,$ 17.66 – $ 99.29 Price range: $17.66 through $99.29,,,"{""Length"": ""1', 2', 3', 4', 5', 6'"", ""Color"": ""White, Dark Bronze, Sandstone""}",TEG-bbrp-00056,70.18,"{""attribute_length"": ""4'"", ""attribute_color"": ""White""}"
Patio Door Parts(102),1″ Aluminum Divided Lite Muntin Bar with Tape,https://truthentrygard.com/product/1-aluminum-divided-lite-muntin-bar-with-tape/,TEG-bbrp-00056,$ 17.66 – $ 99.29 Price range: $17.66 through $99.29,,,"{""Length"": ""1', 2', 3', 4', 5', 6'"", ""Color"": ""White, Dark Bronze, Sandstone""}",TEG-bbrp-00056,70.18,"{""attribute_length"": ""4'"", ""attribute_color"": ""Dark Bronze""}"
Patio Door Parts(102),1″ Aluminum Divided Lite Muntin Bar with Tape,https://truthentrygard.com/product/1-aluminum-divided-lite-muntin-bar-with-tape/,TEG-bbrp-00056,$ 17.66 – $ 99.29 Price range: $17.66 through $99.29,,,"{""Length"": ""1', 2', 3', 4', 5', 6'"", ""Color"": ""White, Dark Bronze, Sandstone""}",TEG-bbrp-00056,70.18,"{""attribute_length"": ""4'"", ""attribute_color"": ""Sandstone""}"
Patio Door Parts(102),1″ Aluminum Divided Lite Muntin Bar with Tape,https://truthentrygard.com/product/1-aluminum-divided-lite-muntin-bar-with-tape/,TEG-bbrp-00056,$ 17.66 – $ 99.29 Price range: $17.66 through $99.29,,,"{""Length"": ""1', 2', 3', 4', 5', 6'"", ""Color"": ""White, Dark Bronze, Sandstone""}",TEG-bbrp-00056,88.35,"{""attribute_length"": ""5'"", ""attribute_color"": ""White""}"
Patio Door Parts(102),1″ Aluminum Divided Lite Muntin Bar with Tape,https://truthentrygard.com/product/1-aluminum-divided-lite-muntin-bar-with-tape/,TEG-bbrp-00056,$ 17.66 – $ 99.29 Price range: $17.66 through $99.29,,,"{""Length"": ""1', 2', 3', 4', 5', 6'"", ""Color"": ""White, Dark Bronze, Sandstone""}",TEG-bbrp-00056,88.35,"{""attribute_length"": ""5'"", ""attribute_color"": ""Dark Bronze""}"
Patio Door Parts(102),1″ Aluminum Divided Lite Muntin Bar with Tape,https://truthentrygard.com/product/1-aluminum-divided-lite-muntin-bar-with-tape/,TEG-bbrp-00056,$ 17.66 – $ 99.29 Price range: $17.66 through $99.29,,,"{""Length"": ""1', 2', 3', 4', 5', 6'"", ""Color"": ""White, Dark Bronze, Sandstone""}",TEG-bbrp-00056,88.35,"{""attribute_length"": ""5'"", ""attribute_color"": ""Sandstone""}"
Patio Door Parts(102),1″ Aluminum Divided Lite Muntin Bar with Tape,https://truthentrygard.com/product/1-aluminum-divided-lite-muntin-bar-with-tape/,TEG-bbrp-00056,$ 17.66 – $ 99.29 Price range: $17.66 through $99.29,,,"{""Length"": ""1', 2', 3', 4', 5', 6'"", ""Color"": ""White, Dark Bronze, Sandstone""}",TEG-bbrp-00056,99.29,"{""attribute_length"": ""6'"", ""attribute_color"": ""White""}"
Patio Door Parts(102),1″ Aluminum Divided Lite Muntin Bar with Tape,https://truthentrygard.com/product/1-aluminum-divided-lite-muntin-bar-with-tape/,TEG-bbrp-00056,$ 17.66 – $ 99.29 Price range: $17.66 through $99.29,,,"{""Length"": ""1', 2', 3', 4', 5', 6'"", ""Color"": ""White, Dark Bronze, Sandstone""}",TEG-bbrp-00056,99.29,"{""attribute_length"": ""6'"", ""attribute_color"": ""Dark Bronze""}"
Patio Door Parts(102),1″ Aluminum Divided Lite Muntin Bar with Tape,https://truthentrygard.com/product/1-aluminum-divided-lite-muntin-bar-with-tape/,TEG-bbrp-00056,$ 17.66 – $ 99.29 Price range: $17.66 through $99.29,,,"{""Length"": ""1', 2', 3', 4', 5', 6'"", ""Color"": ""White, Dark Bronze, Sandstone""}",TEG-bbrp-00056,99.29,"{""attribute_length"": ""6'"", ""attribute_color"": ""Sandstone""}"
Patio Door Parts(102),2R Window Limit Device,https://truthentrygard.com/product/2r-window-limit-device/,N/A,$ 135.88,GOT QUESTIONS?! Contact us: info@truthentrygard.com,,"{""Handing"": ""Left, Right""}",,135.88,"{""attribute_handing"": ""Left""}"
Patio Door Parts(102),7/8″ Aluminum Divided Lite Muntin Bar with Tape,https://truthentrygard.com/product/7-8-aluminum-divided-lite-muntin-bar-with-tape/,TEG-bbrp-00057,$ 13.99 – $ 78.38 Price range: $13.99 through $78.38,"**For questions or concerns, please contact info@truthentrygard.com",,"{""Length"": ""1', 2', 3', 4', 5', 6'"", ""Color"": ""White, Dark Bronze, Sandstone""}",TEG-bbrp-00057,13.99,"{""attribute_length"": ""1'"", ""attribute_color"": ""White""}"
Patio Door Parts(102),7/8″ Aluminum Divided Lite Muntin Bar with Tape,https://truthentrygard.com/product/7-8-aluminum-divided-lite-muntin-bar-with-tape/,TEG-bbrp-00057,$ 13.99 – $ 78.38 Price range: $13.99 through $78.38,"**For questions or concerns, please contact info@truthentrygard.com",,"{""Length"": ""1', 2', 3', 4', 5', 6'"", ""Color"": ""White, Dark Bronze, Sandstone""}",TEG-bbrp-00057,13.99,"{""attribute_length"": ""1'"", ""attribute_color"": ""Dark Bronze""}"
Patio Door Parts(102),7/8″ Aluminum Divided Lite Muntin Bar with Tape,https://truthentrygard.com/product/7-8-aluminum-divided-lite-muntin-bar-with-tape/,TEG-bbrp-00057,$ 13.99 – $ 78.38 Price range: $13.99 through $78.38,"**For questions or concerns, please contact info@truthentrygard.com",,"{""Length"": ""1', 2', 3', 4', 5', 6'"", ""Color"": ""White, Dark Bronze, Sandstone""}",TEG-bbrp-00057,13.99,"{""attribute_length"": ""1'"", ""attribute_color"": ""Sandstone""}"
Patio Door Parts(102),7/8″ Aluminum Divided Lite Muntin Bar with Tape,https://truthentrygard.com/product/7-8-aluminum-divided-lite-muntin-bar-with-tape/,TEG-bbrp-00057,$ 13.99 – $ 78.38 Price range: $13.99 through $78.38,"**For questions or concerns, please contact info@truthentrygard.com",,"{""Length"": ""1', 2', 3', 4', 5', 6'"", ""Color"": ""White, Dark Bronze, Sandstone""}",TEG-bbrp-00057,28.55,"{""attribute_length"": ""2'"", ""attribute_color"": ""White""}"
Patio Door Parts(102),7/8″ Aluminum Divided Lite Muntin Bar with Tape,https://truthentrygard.com/product/7-8-aluminum-divided-lite-muntin-bar-with-tape/,TEG-bbrp-00057,$ 13.99 – $ 78.38 Price range: $13.99 through $78.38,"**For questions or concerns, please contact info@truthentrygard.com",,"{""Length"": ""1', 2', 3', 4', 5', 6'"", ""Color"": ""White, Dark Bronze, Sandstone""}",TEG-bbrp-00057,28.55,"{""attribute_length"": ""2'"", ""attribute_color"": ""Dark Bronze""}"
Patio Door Parts(102),7/8″ Aluminum Divided Lite Muntin Bar with Tape,https://truthentrygard.com/product/7-8-aluminum-divided-lite-muntin-bar-with-tape/,TEG-bbrp-00057,$ 13.99 – $ 78.38 Price range: $13.99 through $78.38,"**For questions or concerns, please contact info@truthentrygard.com",,"{""Length"": ""1', 2', 3', 4', 5', 6'"", ""Color"": ""White, Dark Bronze, Sandstone""}",TEG-bbrp-00057,28.55,"{""attribute_length"": ""2'"", ""attribute_color"": ""Sandstone""}"
Patio Door Parts(102),7/8″ Aluminum Divided Lite Muntin Bar with Tape,https://truthentrygard.com/product/7-8-aluminum-divided-lite-muntin-bar-with-tape/,TEG-bbrp-00057,$ 13.99 – $ 78.38 Price range: $13.99 through $78.38,"**For questions or concerns, please contact info@truthentrygard.com",,"{""Length"": ""1', 2', 3', 4', 5', 6'"", ""Color"": ""White, Dark Bronze, Sandstone""}",TEG-bbrp-00057,45.44,"{""attribute_length"": ""3'"", ""attribute_color"": ""White""}"
Patio Door Parts(102),7/8″ Aluminum Divided Lite Muntin Bar with Tape,https://truthentrygard.com/product/7-8-aluminum-divided-lite-muntin-bar-with-tape/,TEG-bbrp-00057,$ 13.99 – $ 78.38 Price range: $13.99 through $78.38,"**For questions or concerns, please contact info@truthentrygard.com",,"{""Length"": ""1', 2', 3', 4', 5', 6'"", ""Color"": ""White, Dark Bronze, Sandstone""}",TEG-bbrp-00057,45.44,"{""attribute_length"": ""3'"", ""attribute_color"": ""Dark Bronze""}"
Patio Door Parts(102),7/8″ Aluminum Divided Lite Muntin Bar with Tape,https://truthentrygard.com/product/7-8-aluminum-divided-lite-muntin-bar-with-tape/,TEG-bbrp-00057,$ 13.99 – $ 78.38 Price range: $13.99 through $78.38,"**For questions or concerns, please contact info@truthentrygard.com",,"{""Length"": ""1', 2', 3', 4', 5', 6'"", ""Color"": ""White, Dark Bronze, Sandstone""}",TEG-bbrp-00057,45.44,"{""attribute_length"": ""3'"", ""attribute_color"": ""Sandstone""}"
Patio Door Parts(102),7/8″ Aluminum Divided Lite Muntin Bar with Tape,https://truthentrygard.com/product/7-8-aluminum-divided-lite-muntin-bar-with-tape/,TEG-bbrp-00057,$ 13.99 – $ 78.38 Price range: $13.99 through $78.38,"**For questions or concerns, please contact info@truthentrygard.com",,"{""Length"": ""1', 2', 3', 4', 5', 6'"", ""Color"": ""White, Dark Bronze, Sandstone""}",TEG-bbrp-00057,52.22,"{""attribute_length"": ""4'"", ""attribute_color"": ""White""}"
Patio Door Parts(102),7/8″ Aluminum Divided Lite Muntin Bar with Tape,https://truthentrygard.com/product/7-8-aluminum-divided-lite-muntin-bar-with-tape/,TEG-bbrp-00057,$ 13.99 – $ 78.38 Price range: $13.99 through $78.38,"**For questions or concerns, please contact info@truthentrygard.com",,"{""Length"": ""1', 2', 3', 4', 5', 6'"", ""Color"": ""White, Dark Bronze, Sandstone""}",TEG-bbrp-00057,52.22,"{""attribute_length"": ""4'"", ""attribute_color"": ""Dark Bronze""}"
Patio Door Parts(102),7/8″ Aluminum Divided Lite Muntin Bar with Tape,https://truthentrygard.com/product/7-8-aluminum-divided-lite-muntin-bar-with-tape/,TEG-bbrp-00057,$ 13.99 – $ 78.38 Price range: $13.99 through $78.38,"**For questions or concerns, please contact info@truthentrygard.com",,"{""Length"": ""1', 2', 3', 4', 5', 6'"", ""Color"": ""White, Dark Bronze, Sandstone""}",TEG-bbrp-00057,52.22,"{""attribute_length"": ""4'"", ""attribute_color"": ""Sandstone""}"
Patio Door Parts(102),7/8″ Aluminum Divided Lite Muntin Bar with Tape,https://truthentrygard.com/product/7-8-aluminum-divided-lite-muntin-bar-with-tape/,TEG-bbrp-00057,$ 13.99 – $ 78.38 Price range: $13.99 through $78.38,"**For questions or concerns, please contact info@truthentrygard.com",,"{""Length"": ""1', 2', 3', 4', 5', 6'"", ""Color"": ""White, Dark Bronze, Sandstone""}",TEG-bbrp-00057,71.44,"{""attribute_length"": ""5'"", ""attribute_color"": ""White""}"
Patio Door Parts(102),7/8″ Aluminum Divided Lite Muntin Bar with Tape,https://truthentrygard.com/product/7-8-aluminum-divided-lite-muntin-bar-with-tape/,TEG-bbrp-00057,$ 13.99 – $ 78.38 Price range: $13.99 through $78.38,"**For questions or concerns, please contact info@truthentrygard.com",,"{""Length"": ""1', 2', 3', 4', 5', 6'"", ""Color"": ""White, Dark Bronze, Sandstone""}",TEG-bbrp-00057,71.44,"{""attribute_length"": ""5'"", ""attribute_color"": ""Dark Bronze""}"
Patio Door Parts(102),7/8″ Aluminum Divided Lite Muntin Bar with Tape,https://truthentrygard.com/product/7-8-aluminum-divided-lite-muntin-bar-with-tape/,TEG-bbrp-00057,$ 13.99 – $ 78.38 Price range: $13.99 through $78.38,"**For questions or concerns, please contact info@truthentrygard.com",,"{""Length"": ""1', 2', 3', 4', 5', 6'"", ""Color"": ""White, Dark Bronze, Sandstone""}",TEG-bbrp-00057,71.44,"{""attribute_length"": ""5'"", ""attribute_color"": ""Sandstone""}"
Patio Door Parts(102),7/8″ Aluminum Divided Lite Muntin Bar with Tape,https://truthentrygard.com/product/7-8-aluminum-divided-lite-muntin-bar-with-tape/,TEG-bbrp-00057,$ 13.99 – $ 78.38 Price range: $13.99 through $78.38,"**For questions or concerns, please contact info@truthentrygard.com",,"{""Length"": ""1', 2', 3', 4', 5', 6'"", ""Color"": ""White, Dark Bronze, Sandstone""}",TEG-bbrp-00057,78.38,"{""attribute_length"": ""6'"", ""attribute_color"": ""White""}"
Patio Door Parts(102),7/8″ Aluminum Divided Lite Muntin Bar with Tape,https://truthentrygard.com/product/7-8-aluminum-divided-lite-muntin-bar-with-tape/,TEG-bbrp-00057,$ 13.99 – $ 78.38 Price range: $13.99 through $78.38,"**For questions or concerns, please contact info@truthentrygard.com",,"{""Length"": ""1', 2', 3', 4', 5', 6'"", ""Color"": ""White, Dark Bronze, Sandstone""}",TEG-bbrp-00057,78.38,"{""attribute_length"": ""6'"", ""attribute_color"": ""Dark Bronze""}"
Patio Door Parts(102),7/8″ Aluminum Divided Lite Muntin Bar with Tape,https://truthentrygard.com/product/7-8-aluminum-divided-lite-muntin-bar-with-tape/,TEG-bbrp-00057,$ 13.99 – $ 78.38 Price range: $13.99 through $78.38,"**For questions or concerns, please contact info@truthentrygard.com",,"{""Length"": ""1', 2', 3', 4', 5', 6'"", ""Color"": ""White, Dark Bronze, Sandstone""}",TEG-bbrp-00057,78.38,"{""attribute_length"": ""6'"", ""attribute_color"": ""Sandstone""}"
Patio Door Parts(102),7/8″ Wood Divided Lite Muntin,https://truthentrygard.com/product/7-8-wood-divided-lite-muntin/,TEG-bbrp-00058,$ 5.16 – $ 30.97 Price range: $5.16 through $30.97,"**For questions or concerns, please contact info@truthentrygard.com",,"{""Length"": ""1', 2', 3', 4', 5', 6'""}",TEG-bbrp-00058,5.16,"{""attribute_length"": ""1'""}"
Patio Door Parts(102),7/8″ Wood Divided Lite Muntin,https://truthentrygard.com/product/7-8-wood-divided-lite-muntin/,TEG-bbrp-00058,$ 5.16 – $ 30.97 Price range: $5.16 through $30.97,"**For questions or concerns, please contact info@truthentrygard.com",,"{""Length"": ""1', 2', 3', 4', 5', 6'""}",TEG-bbrp-00058,10.33,"{""attribute_length"": ""2'""}"
Patio Door Parts(102),7/8″ Wood Divided Lite Muntin,https://truthentrygard.com/product/7-8-wood-divided-lite-muntin/,TEG-bbrp-00058,$ 5.16 – $ 30.97 Price range: $5.16 through $30.97,"**For questions or concerns, please contact info@truthentrygard.com",,"{""Length"": ""1', 2', 3', 4', 5', 6'""}",TEG-bbrp-00058,15.48,"{""attribute_length"": ""3'""}"
Patio Door Parts(102),7/8″ Wood Divided Lite Muntin,https://truthentrygard.com/product/7-8-wood-divided-lite-muntin/,TEG-bbrp-00058,$ 5.16 – $ 30.97 Price range: $5.16 through $30.97,"**For questions or concerns, please contact info@truthentrygard.com",,"{""Length"": ""1', 2', 3', 4', 5', 6'""}",TEG-bbrp-00058,20.65,"{""attribute_length"": ""4'""}"
Patio Door Parts(102),7/8″ Wood Divided Lite Muntin,https://truthentrygard.com/product/7-8-wood-divided-lite-muntin/,TEG-bbrp-00058,$ 5.16 – $ 30.97 Price range: $5.16 through $30.97,"**For questions or concerns, please contact info@truthentrygard.com",,"{""Length"": ""1', 2', 3', 4', 5', 6'""}",TEG-bbrp-00058,25.81,"{""attribute_length"": ""5'""}"
Patio Door Parts(102),7/8″ Wood Divided Lite Muntin,https://truthentrygard.com/product/7-8-wood-divided-lite-muntin/,TEG-bbrp-00058,$ 5.16 – $ 30.97 Price range: $5.16 through $30.97,"**For questions or concerns, please contact info@truthentrygard.com",,"{""Length"": ""1', 2', 3', 4', 5', 6'""}",TEG-bbrp-00058,30.97,"{""attribute_length"": ""6'""}"
Patio Door Parts(102),Anderson Andersen Window Door Replacement Hardware Parts Free ID Help,https://truthentrygard.com/product/anderson-andersen-window-door-replacement-hardware-parts-free-id-help/,TEG- 2573517 1274104,$ 16.92,,,{},,,
Patio Door Parts(102),Ashland Dual Arm Casement Window Operator Components,https://truthentrygard.com/product/ashland-dual-arm-casement-window-operator-components/,TEG-OT-565SS,$ 80.88,Got Questions? Not sure what you need? Feel free to email: info@truthentrygard.com NOT SURE WHAT YOU NEED?!? EMAIL PICTURES AND WE WILL GET YOU TAKEN CARE OF!,,"{""Handing"": ""Left, Right""}",TEG-OT-565SS,80.88,"{""attribute_pa_handing"": ""left""}"
Patio Door Parts(102),Ashland Dual Arm Casement Window Operator Components,https://truthentrygard.com/product/ashland-dual-arm-casement-window-operator-components/,TEG-OT-565SS,$ 80.88,Got Questions? Not sure what you need? Feel free to email: info@truthentrygard.com NOT SURE WHAT YOU NEED?!? EMAIL PICTURES AND WE WILL GET YOU TAKEN CARE OF!,,"{""Handing"": ""Left, Right""}",TEG-OT-565SS,80.88,"{""attribute_pa_handing"": ""right""}"
Patio Door Parts(102),Awning Window Operator Parts | 29168 AWNING UNIT ASSEMBLY 28.75″,https://truthentrygard.com/product/awning-window-operator-parts-29168-awning-unit-assembly-28-75/,TEG-29-168,$ 207.91,"For questions or concerns, please contact info@truthentrygard.com",,{},,,
Patio Door Parts(102),CAM SASH LOCK | ENTRYGARD | TRUTH HARDWARE,https://truthentrygard.com/product/cam-sash-lock-entrygard/,TEG-,$ 32.22,GOT QUESTIONS?! Contact us at info@truthentrygard.com,,"{""Color"": ""Bronze, White""}",TEG-,32.22,"{""attribute_pa_color"": ""bronze""}"
Patio Door Parts(102),CAM SASH LOCK | ENTRYGARD | TRUTH HARDWARE,https://truthentrygard.com/product/cam-sash-lock-entrygard/,TEG-,$ 32.22,GOT QUESTIONS?! Contact us at info@truthentrygard.com,,"{""Color"": ""Bronze, White""}",TEG-,32.22,"{""attribute_pa_color"": ""white""}"
Patio Door Parts(102),CARADCO CONTOUR HANDLE AND COVER,https://truthentrygard.com/product/caradco-contour-handle-and-cover/,PEOFP-HC-2,$ 28.88 – $ 32.88 Price range: $28.88 through $32.88,GOT QUESTIONS?! Contact us at info@truthentrygard.com,,"{""Color"": ""Beige, Black, Bronze, Chestnut Bronze, Clay, Coppertone, Gold, Satin Taupe, White""}",PEOFP-HC-2,28.88,"{""attribute_pa_color"": ""beige""}"
Patio Door Parts(102),CARADCO CONTOUR HANDLE AND COVER,https://truthentrygard.com/product/caradco-contour-handle-and-cover/,PEOFP-HC-2,$ 28.88 – $ 32.88 Price range: $28.88 through $32.88,GOT QUESTIONS?! Contact us at info@truthentrygard.com,,"{""Color"": ""Beige, Black, Bronze, Chestnut Bronze, Clay, Coppertone, Gold, Satin Taupe, White""}",PEOFP-HC-2,28.88,"{""attribute_pa_color"": ""black""}"
Patio Door Parts(102),CARADCO CONTOUR HANDLE AND COVER,https://truthentrygard.com/product/caradco-contour-handle-and-cover/,PEOFP-HC-2,$ 28.88 – $ 32.88 Price range: $28.88 through $32.88,GOT QUESTIONS?! Contact us at info@truthentrygard.com,,"{""Color"": ""Beige, Black, Bronze, Chestnut Bronze, Clay, Coppertone, Gold, Satin Taupe, White""}",PEOFP-HC-2,28.88,"{""attribute_pa_color"": ""chestnut-bronze""}"
Patio Door Parts(102),CARADCO CONTOUR HANDLE AND COVER,https://truthentrygard.com/product/caradco-contour-handle-and-cover/,PEOFP-HC-2,$ 28.88 – $ 32.88 Price range: $28.88 through $32.88,GOT QUESTIONS?! Contact us at info@truthentrygard.com,,"{""Color"": ""Beige, Black, Bronze, Chestnut Bronze, Clay, Coppertone, Gold, Satin Taupe, White""}",PEOFP-HC-2,28.88,"{""attribute_pa_color"": ""clay""}"
Patio Door Parts(102),CARADCO CONTOUR HANDLE AND COVER,https://truthentrygard.com/product/caradco-contour-handle-and-cover/,PEOFP-HC-2,$ 28.88 – $ 32.88 Price range: $28.88 through $32.88,GOT QUESTIONS?! Contact us at info@truthentrygard.com,,"{""Color"": ""Beige, Black, Bronze, Chestnut Bronze, Clay, Coppertone, Gold, Satin Taupe, White""}",PEOFP-HC-2,29.88,"{""attribute_pa_color"": ""coppertone""}"
Patio Door Parts(102),CARADCO CONTOUR HANDLE AND COVER,https://truthentrygard.com/product/caradco-contour-handle-and-cover/,PEOFP-HC-2,$ 28.88 – $ 32.88 Price range: $28.88 through $32.88,GOT QUESTIONS?! Contact us at info@truthentrygard.com,,"{""Color"": ""Beige, Black, Bronze, Chestnut Bronze, Clay, Coppertone, Gold, Satin Taupe, White""}",PEOFP-HC-2,32.88,"{""attribute_pa_color"": ""gold""}"
Patio Door Parts(102),CARADCO CONTOUR HANDLE AND COVER,https://truthentrygard.com/product/caradco-contour-handle-and-cover/,PEOFP-HC-2,$ 28.88 – $ 32.88 Price range: $28.88 through $32.88,GOT QUESTIONS?! Contact us at info@truthentrygard.com,,"{""Color"": ""Beige, Black, Bronze, Chestnut Bronze, Clay, Coppertone, Gold, Satin Taupe, White""}",PEOFP-HC-2,28.88,"{""attribute_pa_color"": ""bronze""}"
Patio Door Parts(102),CARADCO CONTOUR HANDLE AND COVER,https://truthentrygard.com/product/caradco-contour-handle-and-cover/,PEOFP-HC-2,$ 28.88 – $ 32.88 Price range: $28.88 through $32.88,GOT QUESTIONS?! Contact us at info@truthentrygard.com,,"{""Color"": ""Beige, Black, Bronze, Chestnut Bronze, Clay, Coppertone, Gold, Satin Taupe, White""}",PEOFP-HC-2,28.88,"{""attribute_pa_color"": ""satin-taupe""}"
Patio Door Parts(102),CARADCO CONTOUR HANDLE AND COVER,https://truthentrygard.com/product/caradco-contour-handle-and-cover/,PEOFP-HC-2,$ 28.88 – $ 32.88 Price range: $28.88 through $32.88,GOT QUESTIONS?! Contact us at info@truthentrygard.com,,"{""Color"": ""Beige, Black, Bronze, Chestnut Bronze, Clay, Coppertone, Gold, Satin Taupe, White""}",PEOFP-HC-2,28.88,"{""attribute_pa_color"": ""white""}"
Patio Door Parts(102),"Casement & Awning Window Replacement Parts | Operators, Cranks, Handles | Norco NorClad Jeld-Wen, Pozzi and Others",https://truthentrygard.com/product/casement-awning-window-replacement-parts-operators-cranks-handles-norco-norclad-jeld-wen-pozzi-and-others/,All Window Door Parts Group USA,$ 130.27,,,{},,,
Patio Door Parts(102),Casement and Awning Window Styles – Narrow Sash Leaf Seals | Beige Tan | Home Owner Contractor Packs Available,https://truthentrygard.com/product/casement-and-awning-window-styles-narrow-sash-leaf-seals-beige-tan-home-owner-contractor-packs-available/,TEG-bbrp-00025,$ 37.51,"For questions or concerns, please contact info@truthentrygard.com",,{},,,
Patio Door Parts(102),Casement Awning Window Parts | Foam Seal Weatherstrip,https://truthentrygard.com/product/casement-awning-window-parts-foam-seal-weatherstrip/,TOOLP-WHT,"$ 1,063.22",HAVE QUESTIONS??? CONTACT INFO@TRUTHENTRYGARD.COM,,{},,,
Patio Door Parts(102),Casement Window Complete Weather Strip Seal Kit #1672,https://truthentrygard.com/product/casement-window-complete-weather-strip-seal-kit-1672/,TEG-bbrp-SPK1672,$ 124.17,"For questions or concerns, please contact info@truthentrygard.com",,{},,,
Operators(104),.300 Kerf Insert Weather-Strip Seal,https://truthentrygard.com/product/300-kerf-insert-weather-strip-seal/,TEG-LPB-713.,$ 0.00,Got Questions? Not sure what you need? Feel free to email: info@truthentrygard.com NOT SURE WHAT YOU NEED?!? EMAIL PICTURES AND WE WILL GET YOU TAKEN CARE OF!,,{},,,
Operators(104),1 3/8″ Aluminum Divided Lite Muntin Bar with Tape,https://truthentrygard.com/product/1-3-8-aluminum-divided-lite-muntin-bar-with-tape/,TEG-bbrp-00055,$ 23.88,"**For questions or concerns, please contact info@truthentrygard.com",,"{""Length"": ""1', 2', 3', 4', 5', 6'"", ""Color"": ""White, Dark Bronze, Sandstone""}",TEG-bbrp-00055,23.88,"{""attribute_length"": ""1'"", ""attribute_color"": ""White""}"
Operators(104),1 3/8″ Aluminum Divided Lite Muntin Bar with Tape,https://truthentrygard.com/product/1-3-8-aluminum-divided-lite-muntin-bar-with-tape/,TEG-bbrp-00055,$ 23.88,"**For questions or concerns, please contact info@truthentrygard.com",,"{""Length"": ""1', 2', 3', 4', 5', 6'"", ""Color"": ""White, Dark Bronze, Sandstone""}",TEG-bbrp-00055,23.88,"{""attribute_length"": ""1'"", ""attribute_color"": ""Dark Bronze""}"
Operators(104),1 3/8″ Aluminum Divided Lite Muntin Bar with Tape,https://truthentrygard.com/product/1-3-8-aluminum-divided-lite-muntin-bar-with-tape/,TEG-bbrp-00055,$ 23.88,"**For questions or concerns, please contact info@truthentrygard.com",,"{""Length"": ""1', 2', 3', 4', 5', 6'"", ""Color"": ""White, Dark Bronze, Sandstone""}",TEG-bbrp-00055,23.88,"{""attribute_length"": ""1'"", ""attribute_color"": ""Sandstone""}"
Operators(104),1 3/8″ Aluminum Divided Lite Muntin Bar with Tape,https://truthentrygard.com/product/1-3-8-aluminum-divided-lite-muntin-bar-with-tape/,TEG-bbrp-00055,$ 23.88,"**For questions or concerns, please contact info@truthentrygard.com",,"{""Length"": ""1', 2', 3', 4', 5', 6'"", ""Color"": ""White, Dark Bronze, Sandstone""}",TEG-bbrp-00055,23.88,"{""attribute_length"": ""2'"", ""attribute_color"": ""White""}"
Operators(104),1 3/8″ Aluminum Divided Lite Muntin Bar with Tape,https://truthentrygard.com/product/1-3-8-aluminum-divided-lite-muntin-bar-with-tape/,TEG-bbrp-00055,$ 23.88,"**For questions or concerns, please contact info@truthentrygard.com",,"{""Length"": ""1', 2', 3', 4', 5', 6'"", ""Color"": ""White, Dark Bronze, Sandstone""}",TEG-bbrp-00055,23.88,"{""attribute_length"": ""2'"", ""attribute_color"": ""Dark Bronze""}"
Operators(104),1 3/8″ Aluminum Divided Lite Muntin Bar with Tape,https://truthentrygard.com/product/1-3-8-aluminum-divided-lite-muntin-bar-with-tape/,TEG-bbrp-00055,$ 23.88,"**For questions or concerns, please contact info@truthentrygard.com",,"{""Length"": ""1', 2', 3', 4', 5', 6'"", ""Color"": ""White, Dark Bronze, Sandstone""}",TEG-bbrp-00055,23.88,"{""attribute_length"": ""2'"", ""attribute_color"": ""Sandstone""}"
Operators(104),1 3/8″ Aluminum Divided Lite Muntin Bar with Tape,https://truthentrygard.com/product/1-3-8-aluminum-divided-lite-muntin-bar-with-tape/,TEG-bbrp-00055,$ 23.88,"**For questions or concerns, please contact info@truthentrygard.com",,"{""Length"": ""1', 2', 3', 4', 5', 6'"", ""Color"": ""White, Dark Bronze, Sandstone""}",TEG-bbrp-00055,23.88,"{""attribute_length"": ""3'"", ""attribute_color"": ""White""}"
Operators(104),1 3/8″ Aluminum Divided Lite Muntin Bar with Tape,https://truthentrygard.com/product/1-3-8-aluminum-divided-lite-muntin-bar-with-tape/,TEG-bbrp-00055,$ 23.88,"**For questions or concerns, please contact info@truthentrygard.com",,"{""Length"": ""1', 2', 3', 4', 5', 6'"", ""Color"": ""White, Dark Bronze, Sandstone""}",TEG-bbrp-00055,23.88,"{""attribute_length"": ""3'"", ""attribute_color"": ""Dark Bronze""}"
Operators(104),1 3/8″ Aluminum Divided Lite Muntin Bar with Tape,https://truthentrygard.com/product/1-3-8-aluminum-divided-lite-muntin-bar-with-tape/,TEG-bbrp-00055,$ 23.88,"**For questions or concerns, please contact info@truthentrygard.com",,"{""Length"": ""1', 2', 3', 4', 5', 6'"", ""Color"": ""White, Dark Bronze, Sandstone""}",TEG-bbrp-00055,23.88,"{""attribute_length"": ""3'"", ""attribute_color"": ""Sandstone""}"
Operators(104),1 3/8″ Aluminum Divided Lite Muntin Bar with Tape,https://truthentrygard.com/product/1-3-8-aluminum-divided-lite-muntin-bar-with-tape/,TEG-bbrp-00055,$ 23.88,"**For questions or concerns, please contact info@truthentrygard.com",,"{""Length"": ""1', 2', 3', 4', 5', 6'"", ""Color"": ""White, Dark Bronze, Sandstone""}",TEG-bbrp-00055,23.88,"{""attribute_length"": ""4'"", ""attribute_color"": ""White""}"
Operators(104),1 3/8″ Aluminum Divided Lite Muntin Bar with Tape,https://truthentrygard.com/product/1-3-8-aluminum-divided-lite-muntin-bar-with-tape/,TEG-bbrp-00055,$ 23.88,"**For questions or concerns, please contact info@truthentrygard.com",,"{""Length"": ""1', 2', 3', 4', 5', 6'"", ""Color"": ""White, Dark Bronze, Sandstone""}",TEG-bbrp-00055,23.88,"{""attribute_length"": ""4'"", ""attribute_color"": ""Dark Bronze""}"
Operators(104),1 3/8″ Aluminum Divided Lite Muntin Bar with Tape,https://truthentrygard.com/product/1-3-8-aluminum-divided-lite-muntin-bar-with-tape/,TEG-bbrp-00055,$ 23.88,"**For questions or concerns, please contact info@truthentrygard.com",,"{""Length"": ""1', 2', 3', 4', 5', 6'"", ""Color"": ""White, Dark Bronze, Sandstone""}",TEG-bbrp-00055,23.88,"{""attribute_length"": ""4'"", ""attribute_color"": ""Sandstone""}"
Operators(104),1 3/8″ Aluminum Divided Lite Muntin Bar with Tape,https://truthentrygard.com/product/1-3-8-aluminum-divided-lite-muntin-bar-with-tape/,TEG-bbrp-00055,$ 23.88,"**For questions or concerns, please contact info@truthentrygard.com",,"{""Length"": ""1', 2', 3', 4', 5', 6'"", ""Color"": ""White, Dark Bronze, Sandstone""}",TEG-bbrp-00055,23.88,"{""attribute_length"": ""5'"", ""attribute_color"": ""White""}"
Operators(104),1 3/8″ Aluminum Divided Lite Muntin Bar with Tape,https://truthentrygard.com/product/1-3-8-aluminum-divided-lite-muntin-bar-with-tape/,TEG-bbrp-00055,$ 23.88,"**For questions or concerns, please contact info@truthentrygard.com",,"{""Length"": ""1', 2', 3', 4', 5', 6'"", ""Color"": ""White, Dark Bronze, Sandstone""}",TEG-bbrp-00055,23.88,"{""attribute_length"": ""5'"", ""attribute_color"": ""Dark Bronze""}"
Operators(104),1 3/8″ Aluminum Divided Lite Muntin Bar with Tape,https://truthentrygard.com/product/1-3-8-aluminum-divided-lite-muntin-bar-with-tape/,TEG-bbrp-00055,$ 23.88,"**For questions or concerns, please contact info@truthentrygard.com",,"{""Length"": ""1', 2', 3', 4', 5', 6'"", ""Color"": ""White, Dark Bronze, Sandstone""}",TEG-bbrp-00055,23.88,"{""attribute_length"": ""5'"", ""attribute_color"": ""Sandstone""}"
Operators(104),1 3/8″ Aluminum Divided Lite Muntin Bar with Tape,https://truthentrygard.com/product/1-3-8-aluminum-divided-lite-muntin-bar-with-tape/,TEG-bbrp-00055,$ 23.88,"**For questions or concerns, please contact info@truthentrygard.com",,"{""Length"": ""1', 2', 3', 4', 5', 6'"", ""Color"": ""White, Dark Bronze, Sandstone""}",TEG-bbrp-00055,23.88,"{""attribute_length"": ""6'"", ""attribute_color"": ""White""}"
Operators(104),1 3/8″ Aluminum Divided Lite Muntin Bar with Tape,https://truthentrygard.com/product/1-3-8-aluminum-divided-lite-muntin-bar-with-tape/,TEG-bbrp-00055,$ 23.88,"**For questions or concerns, please contact info@truthentrygard.com",,"{""Length"": ""1', 2', 3', 4', 5', 6'"", ""Color"": ""White, Dark Bronze, Sandstone""}",TEG-bbrp-00055,23.88,"{""attribute_length"": ""6'"", ""attribute_color"": ""Dark Bronze""}"
Operators(104),1 3/8″ Aluminum Divided Lite Muntin Bar with Tape,https://truthentrygard.com/product/1-3-8-aluminum-divided-lite-muntin-bar-with-tape/,TEG-bbrp-00055,$ 23.88,"**For questions or concerns, please contact info@truthentrygard.com",,"{""Length"": ""1', 2', 3', 4', 5', 6'"", ""Color"": ""White, Dark Bronze, Sandstone""}",TEG-bbrp-00055,23.88,"{""attribute_length"": ""6'"", ""attribute_color"": ""Sandstone""}"
Operators(104),1 3/8″ Wood Divided Lite Muntin Bar with Tape,https://truthentrygard.com/product/1-3-8-wood-divided-lite-muntin-bar-with-tape/,TEG-bbrp-00054,$ 5.95 – $ 35.71 Price range: $5.95 through $35.71,"**For questions or concerns, please contact info@truthentrygard.com",,"{""Length"": ""1', 2', 3', 4', 5', 6'""}",TEG-bbrp-00054,5.95,"{""attribute_length"": ""1'""}"
Operators(104),1 3/8″ Wood Divided Lite Muntin Bar with Tape,https://truthentrygard.com/product/1-3-8-wood-divided-lite-muntin-bar-with-tape/,TEG-bbrp-00054,$ 5.95 – $ 35.71 Price range: $5.95 through $35.71,"**For questions or concerns, please contact info@truthentrygard.com",,"{""Length"": ""1', 2', 3', 4', 5', 6'""}",TEG-bbrp-00054,11.9,"{""attribute_length"": ""2'""}"
Operators(104),1 3/8″ Wood Divided Lite Muntin Bar with Tape,https://truthentrygard.com/product/1-3-8-wood-divided-lite-muntin-bar-with-tape/,TEG-bbrp-00054,$ 5.95 – $ 35.71 Price range: $5.95 through $35.71,"**For questions or concerns, please contact info@truthentrygard.com",,"{""Length"": ""1', 2', 3', 4', 5', 6'""}",TEG-bbrp-00054,17.85,"{""attribute_length"": ""3'""}"
Operators(104),1 3/8″ Wood Divided Lite Muntin Bar with Tape,https://truthentrygard.com/product/1-3-8-wood-divided-lite-muntin-bar-with-tape/,TEG-bbrp-00054,$ 5.95 – $ 35.71 Price range: $5.95 through $35.71,"**For questions or concerns, please contact info@truthentrygard.com",,"{""Length"": ""1', 2', 3', 4', 5', 6'""}",TEG-bbrp-00054,23.81,"{""attribute_length"": ""4'""}"
Operators(104),1 3/8″ Wood Divided Lite Muntin Bar with Tape,https://truthentrygard.com/product/1-3-8-wood-divided-lite-muntin-bar-with-tape/,TEG-bbrp-00054,$ 5.95 – $ 35.71 Price range: $5.95 through $35.71,"**For questions or concerns, please contact info@truthentrygard.com",,"{""Length"": ""1', 2', 3', 4', 5', 6'""}",TEG-bbrp-00054,29.75,"{""attribute_length"": ""5'""}"
Operators(104),1 3/8″ Wood Divided Lite Muntin Bar with Tape,https://truthentrygard.com/product/1-3-8-wood-divided-lite-muntin-bar-with-tape/,TEG-bbrp-00054,$ 5.95 – $ 35.71 Price range: $5.95 through $35.71,"**For questions or concerns, please contact info@truthentrygard.com",,"{""Length"": ""1', 2', 3', 4', 5', 6'""}",TEG-bbrp-00054,35.71,"{""attribute_length"": ""6'""}"
Operators(104),1″ Aluminum Divided Lite Muntin Bar with Tape,https://truthentrygard.com/product/1-aluminum-divided-lite-muntin-bar-with-tape/,TEG-bbrp-00056,$ 17.66 – $ 99.29 Price range: $17.66 through $99.29,,,"{""Length"": ""1', 2', 3', 4', 5', 6'"", ""Color"": ""White, Dark Bronze, Sandstone""}",TEG-bbrp-00056,17.66,"{""attribute_length"": ""1'"", ""attribute_color"": ""White""}"
Operators(104),1″ Aluminum Divided Lite Muntin Bar with Tape,https://truthentrygard.com/product/1-aluminum-divided-lite-muntin-bar-with-tape/,TEG-bbrp-00056,$ 17.66 – $ 99.29 Price range: $17.66 through $99.29,,,"{""Length"": ""1', 2', 3', 4', 5', 6'"", ""Color"": ""White, Dark Bronze, Sandstone""}",TEG-bbrp-00056,17.66,"{""attribute_length"": ""1'"", ""attribute_color"": ""Dark Bronze""}"
Operators(104),1″ Aluminum Divided Lite Muntin Bar with Tape,https://truthentrygard.com/product/1-aluminum-divided-lite-muntin-bar-with-tape/,TEG-bbrp-00056,$ 17.66 – $ 99.29 Price range: $17.66 through $99.29,,,"{""Length"": ""1', 2', 3', 4', 5', 6'"", ""Color"": ""White, Dark Bronze, Sandstone""}",TEG-bbrp-00056,17.66,"{""attribute_length"": ""1'"", ""attribute_color"": ""Sandstone""}"
Operators(104),1″ Aluminum Divided Lite Muntin Bar with Tape,https://truthentrygard.com/product/1-aluminum-divided-lite-muntin-bar-with-tape/,TEG-bbrp-00056,$ 17.66 – $ 99.29 Price range: $17.66 through $99.29,,,"{""Length"": ""1', 2', 3', 4', 5', 6'"", ""Color"": ""White, Dark Bronze, Sandstone""}",TEG-bbrp-00056,33.58,"{""attribute_length"": ""2'"", ""attribute_color"": ""White""}"
Operators(104),1″ Aluminum Divided Lite Muntin Bar with Tape,https://truthentrygard.com/product/1-aluminum-divided-lite-muntin-bar-with-tape/,TEG-bbrp-00056,$ 17.66 – $ 99.29 Price range: $17.66 through $99.29,,,"{""Length"": ""1', 2', 3', 4', 5', 6'"", ""Color"": ""White, Dark Bronze, Sandstone""}",TEG-bbrp-00056,33.58,"{""attribute_length"": ""2'"", ""attribute_color"": ""Dark Bronze""}"
Operators(104),1″ Aluminum Divided Lite Muntin Bar with Tape,https://truthentrygard.com/product/1-aluminum-divided-lite-muntin-bar-with-tape/,TEG-bbrp-00056,$ 17.66 – $ 99.29 Price range: $17.66 through $99.29,,,"{""Length"": ""1', 2', 3', 4', 5', 6'"", ""Color"": ""White, Dark Bronze, Sandstone""}",TEG-bbrp-00056,33.58,"{""attribute_length"": ""2'"", ""attribute_color"": ""Sandstone""}"
Operators(104),1″ Aluminum Divided Lite Muntin Bar with Tape,https://truthentrygard.com/product/1-aluminum-divided-lite-muntin-bar-with-tape/,TEG-bbrp-00056,$ 17.66 – $ 99.29 Price range: $17.66 through $99.29,,,"{""Length"": ""1', 2', 3', 4', 5', 6'"", ""Color"": ""White, Dark Bronze, Sandstone""}",TEG-bbrp-00056,50.79,"{""attribute_length"": ""3'"", ""attribute_color"": ""White""}"
Operators(104),1″ Aluminum Divided Lite Muntin Bar with Tape,https://truthentrygard.com/product/1-aluminum-divided-lite-muntin-bar-with-tape/,TEG-bbrp-00056,$ 17.66 – $ 99.29 Price range: $17.66 through $99.29,,,"{""Length"": ""1', 2', 3', 4', 5', 6'"", ""Color"": ""White, Dark Bronze, Sandstone""}",TEG-bbrp-00056,50.79,"{""attribute_length"": ""3'"", ""attribute_color"": ""Dark Bronze""}"
Operators(104),1″ Aluminum Divided Lite Muntin Bar with Tape,https://truthentrygard.com/product/1-aluminum-divided-lite-muntin-bar-with-tape/,TEG-bbrp-00056,$ 17.66 – $ 99.29 Price range: $17.66 through $99.29,,,"{""Length"": ""1', 2', 3', 4', 5', 6'"", ""Color"": ""White, Dark Bronze, Sandstone""}",TEG-bbrp-00056,50.79,"{""attribute_length"": ""3'"", ""attribute_color"": ""Sandstone""}"
Operators(104),1″ Aluminum Divided Lite Muntin Bar with Tape,https://truthentrygard.com/product/1-aluminum-divided-lite-muntin-bar-with-tape/,TEG-bbrp-00056,$ 17.66 – $ 99.29 Price range: $17.66 through $99.29,,,"{""Length"": ""1', 2', 3', 4', 5', 6'"", ""Color"": ""White, Dark Bronze, Sandstone""}",TEG-bbrp-00056,70.18,"{""attribute_length"": ""4'"", ""attribute_color"": ""White""}"
Operators(104),1″ Aluminum Divided Lite Muntin Bar with Tape,https://truthentrygard.com/product/1-aluminum-divided-lite-muntin-bar-with-tape/,TEG-bbrp-00056,$ 17.66 – $ 99.29 Price range: $17.66 through $99.29,,,"{""Length"": ""1', 2', 3', 4', 5', 6'"", ""Color"": ""White, Dark Bronze, Sandstone""}",TEG-bbrp-00056,70.18,"{""attribute_length"": ""4'"", ""attribute_color"": ""Dark Bronze""}"
Operators(104),1″ Aluminum Divided Lite Muntin Bar with Tape,https://truthentrygard.com/product/1-aluminum-divided-lite-muntin-bar-with-tape/,TEG-bbrp-00056,$ 17.66 – $ 99.29 Price range: $17.66 through $99.29,,,"{""Length"": ""1', 2', 3', 4', 5', 6'"", ""Color"": ""White, Dark Bronze, Sandstone""}",TEG-bbrp-00056,70.18,"{""attribute_length"": ""4'"", ""attribute_color"": ""Sandstone""}"
Operators(104),1″ Aluminum Divided Lite Muntin Bar with Tape,https://truthentrygard.com/product/1-aluminum-divided-lite-muntin-bar-with-tape/,TEG-bbrp-00056,$ 17.66 – $ 99.29 Price range: $17.66 through $99.29,,,"{""Length"": ""1', 2', 3', 4', 5', 6'"", ""Color"": ""White, Dark Bronze, Sandstone""}",TEG-bbrp-00056,88.35,"{""attribute_length"": ""5'"", ""attribute_color"": ""White""}"
Operators(104),1″ Aluminum Divided Lite Muntin Bar with Tape,https://truthentrygard.com/product/1-aluminum-divided-lite-muntin-bar-with-tape/,TEG-bbrp-00056,$ 17.66 – $ 99.29 Price range: $17.66 through $99.29,,,"{""Length"": ""1', 2', 3', 4', 5', 6'"", ""Color"": ""White, Dark Bronze, Sandstone""}",TEG-bbrp-00056,88.35,"{""attribute_length"": ""5'"", ""attribute_color"": ""Dark Bronze""}"
Operators(104),1″ Aluminum Divided Lite Muntin Bar with Tape,https://truthentrygard.com/product/1-aluminum-divided-lite-muntin-bar-with-tape/,TEG-bbrp-00056,$ 17.66 – $ 99.29 Price range: $17.66 through $99.29,,,"{""Length"": ""1', 2', 3', 4', 5', 6'"", ""Color"": ""White, Dark Bronze, Sandstone""}",TEG-bbrp-00056,88.35,"{""attribute_length"": ""5'"", ""attribute_color"": ""Sandstone""}"
Operators(104),1″ Aluminum Divided Lite Muntin Bar with Tape,https://truthentrygard.com/product/1-aluminum-divided-lite-muntin-bar-with-tape/,TEG-bbrp-00056,$ 17.66 – $ 99.29 Price range: $17.66 through $99.29,,,"{""Length"": ""1', 2', 3', 4', 5', 6'"", ""Color"": ""White, Dark Bronze, Sandstone""}",TEG-bbrp-00056,99.29,"{""attribute_length"": ""6'"", ""attribute_color"": ""White""}"
Operators(104),1″ Aluminum Divided Lite Muntin Bar with Tape,https://truthentrygard.com/product/1-aluminum-divided-lite-muntin-bar-with-tape/,TEG-bbrp-00056,$ 17.66 – $ 99.29 Price range: $17.66 through $99.29,,,"{""Length"": ""1', 2', 3', 4', 5', 6'"", ""Color"": ""White, Dark Bronze, Sandstone""}",TEG-bbrp-00056,99.29,"{""attribute_length"": ""6'"", ""attribute_color"": ""Dark Bronze""}"
Operators(104),1″ Aluminum Divided Lite Muntin Bar with Tape,https://truthentrygard.com/product/1-aluminum-divided-lite-muntin-bar-with-tape/,TEG-bbrp-00056,$ 17.66 – $ 99.29 Price range: $17.66 through $99.29,,,"{""Length"": ""1', 2', 3', 4', 5', 6'"", ""Color"": ""White, Dark Bronze, Sandstone""}",TEG-bbrp-00056,99.29,"{""attribute_length"": ""6'"", ""attribute_color"": ""Sandstone""}"
Operators(104),2R Window Limit Device,https://truthentrygard.com/product/2r-window-limit-device/,N/A,$ 135.88,GOT QUESTIONS?! Contact us: info@truthentrygard.com,,"{""Handing"": ""Left, Right""}",,135.88,"{""attribute_handing"": ""Left""}"
Operators(104),7/8″ Aluminum Divided Lite Muntin Bar with Tape,https://truthentrygard.com/product/7-8-aluminum-divided-lite-muntin-bar-with-tape/,TEG-bbrp-00057,$ 13.99 – $ 78.38 Price range: $13.99 through $78.38,"**For questions or concerns, please contact info@truthentrygard.com",,"{""Length"": ""1', 2', 3', 4', 5', 6'"", ""Color"": ""White, Dark Bronze, Sandstone""}",TEG-bbrp-00057,13.99,"{""attribute_length"": ""1'"", ""attribute_color"": ""White""}"
Operators(104),7/8″ Aluminum Divided Lite Muntin Bar with Tape,https://truthentrygard.com/product/7-8-aluminum-divided-lite-muntin-bar-with-tape/,TEG-bbrp-00057,$ 13.99 – $ 78.38 Price range: $13.99 through $78.38,"**For questions or concerns, please contact info@truthentrygard.com",,"{""Length"": ""1', 2', 3', 4', 5', 6'"", ""Color"": ""White, Dark Bronze, Sandstone""}",TEG-bbrp-00057,13.99,"{""attribute_length"": ""1'"", ""attribute_color"": ""Dark Bronze""}"
Operators(104),7/8″ Aluminum Divided Lite Muntin Bar with Tape,https://truthentrygard.com/product/7-8-aluminum-divided-lite-muntin-bar-with-tape/,TEG-bbrp-00057,$ 13.99 – $ 78.38 Price range: $13.99 through $78.38,"**For questions or concerns, please contact info@truthentrygard.com",,"{""Length"": ""1', 2', 3', 4', 5', 6'"", ""Color"": ""White, Dark Bronze, Sandstone""}",TEG-bbrp-00057,13.99,"{""attribute_length"": ""1'"", ""attribute_color"": ""Sandstone""}"
Operators(104),7/8″ Aluminum Divided Lite Muntin Bar with Tape,https://truthentrygard.com/product/7-8-aluminum-divided-lite-muntin-bar-with-tape/,TEG-bbrp-00057,$ 13.99 – $ 78.38 Price range: $13.99 through $78.38,"**For questions or concerns, please contact info@truthentrygard.com",,"{""Length"": ""1', 2', 3', 4', 5', 6'"", ""Color"": ""White, Dark Bronze, Sandstone""}",TEG-bbrp-00057,28.55,"{""attribute_length"": ""2'"", ""attribute_color"": ""White""}"
Operators(104),7/8″ Aluminum Divided Lite Muntin Bar with Tape,https://truthentrygard.com/product/7-8-aluminum-divided-lite-muntin-bar-with-tape/,TEG-bbrp-00057,$ 13.99 – $ 78.38 Price range: $13.99 through $78.38,"**For questions or concerns, please contact info@truthentrygard.com",,"{""Length"": ""1', 2', 3', 4', 5', 6'"", ""Color"": ""White, Dark Bronze, Sandstone""}",TEG-bbrp-00057,28.55,"{""attribute_length"": ""2'"", ""attribute_color"": ""Dark Bronze""}"
Operators(104),7/8″ Aluminum Divided Lite Muntin Bar with Tape,https://truthentrygard.com/product/7-8-aluminum-divided-lite-muntin-bar-with-tape/,TEG-bbrp-00057,$ 13.99 – $ 78.38 Price range: $13.99 through $78.38,"**For questions or concerns, please contact info@truthentrygard.com",,"{""Length"": ""1', 2', 3', 4', 5', 6'"", ""Color"": ""White, Dark Bronze, Sandstone""}",TEG-bbrp-00057,28.55,"{""attribute_length"": ""2'"", ""attribute_color"": ""Sandstone""}"
Operators(104),7/8″ Aluminum Divided Lite Muntin Bar with Tape,https://truthentrygard.com/product/7-8-aluminum-divided-lite-muntin-bar-with-tape/,TEG-bbrp-00057,$ 13.99 – $ 78.38 Price range: $13.99 through $78.38,"**For questions or concerns, please contact info@truthentrygard.com",,"{""Length"": ""1', 2', 3', 4', 5', 6'"", ""Color"": ""White, Dark Bronze, Sandstone""}",TEG-bbrp-00057,45.44,"{""attribute_length"": ""3'"", ""attribute_color"": ""White""}"
Operators(104),7/8″ Aluminum Divided Lite Muntin Bar with Tape,https://truthentrygard.com/product/7-8-aluminum-divided-lite-muntin-bar-with-tape/,TEG-bbrp-00057,$ 13.99 – $ 78.38 Price range: $13.99 through $78.38,"**For questions or concerns, please contact info@truthentrygard.com",,"{""Length"": ""1', 2', 3', 4', 5', 6'"", ""Color"": ""White, Dark Bronze, Sandstone""}",TEG-bbrp-00057,45.44,"{""attribute_length"": ""3'"", ""attribute_color"": ""Dark Bronze""}"
Operators(104),7/8″ Aluminum Divided Lite Muntin Bar with Tape,https://truthentrygard.com/product/7-8-aluminum-divided-lite-muntin-bar-with-tape/,TEG-bbrp-00057,$ 13.99 – $ 78.38 Price range: $13.99 through $78.38,"**For questions or concerns, please contact info@truthentrygard.com",,"{""Length"": ""1', 2', 3', 4', 5', 6'"", ""Color"": ""White, Dark Bronze, Sandstone""}",TEG-bbrp-00057,45.44,"{""attribute_length"": ""3'"", ""attribute_color"": ""Sandstone""}"
Operators(104),7/8″ Aluminum Divided Lite Muntin Bar with Tape,https://truthentrygard.com/product/7-8-aluminum-divided-lite-muntin-bar-with-tape/,TEG-bbrp-00057,$ 13.99 – $ 78.38 Price range: $13.99 through $78.38,"**For questions or concerns, please contact info@truthentrygard.com",,"{""Length"": ""1', 2', 3', 4', 5', 6'"", ""Color"": ""White, Dark Bronze, Sandstone""}",TEG-bbrp-00057,52.22,"{""attribute_length"": ""4'"", ""attribute_color"": ""White""}"
Operators(104),7/8″ Aluminum Divided Lite Muntin Bar with Tape,https://truthentrygard.com/product/7-8-aluminum-divided-lite-muntin-bar-with-tape/,TEG-bbrp-00057,$ 13.99 – $ 78.38 Price range: $13.99 through $78.38,"**For questions or concerns, please contact info@truthentrygard.com",,"{""Length"": ""1', 2', 3', 4', 5', 6'"", ""Color"": ""White, Dark Bronze, Sandstone""}",TEG-bbrp-00057,52.22,"{""attribute_length"": ""4'"", ""attribute_color"": ""Dark Bronze""}"
Operators(104),7/8″ Aluminum Divided Lite Muntin Bar with Tape,https://truthentrygard.com/product/7-8-aluminum-divided-lite-muntin-bar-with-tape/,TEG-bbrp-00057,$ 13.99 – $ 78.38 Price range: $13.99 through $78.38,"**For questions or concerns, please contact info@truthentrygard.com",,"{""Length"": ""1', 2', 3', 4', 5', 6'"", ""Color"": ""White, Dark Bronze, Sandstone""}",TEG-bbrp-00057,52.22,"{""attribute_length"": ""4'"", ""attribute_color"": ""Sandstone""}"
Operators(104),7/8″ Aluminum Divided Lite Muntin Bar with Tape,https://truthentrygard.com/product/7-8-aluminum-divided-lite-muntin-bar-with-tape/,TEG-bbrp-00057,$ 13.99 – $ 78.38 Price range: $13.99 through $78.38,"**For questions or concerns, please contact info@truthentrygard.com",,"{""Length"": ""1', 2', 3', 4', 5', 6'"", ""Color"": ""White, Dark Bronze, Sandstone""}",TEG-bbrp-00057,71.44,"{""attribute_length"": ""5'"", ""attribute_color"": ""White""}"
Operators(104),7/8″ Aluminum Divided Lite Muntin Bar with Tape,https://truthentrygard.com/product/7-8-aluminum-divided-lite-muntin-bar-with-tape/,TEG-bbrp-00057,$ 13.99 – $ 78.38 Price range: $13.99 through $78.38,"**For questions or concerns, please contact info@truthentrygard.com",,"{""Length"": ""1', 2', 3', 4', 5', 6'"", ""Color"": ""White, Dark Bronze, Sandstone""}",TEG-bbrp-00057,71.44,"{""attribute_length"": ""5'"", ""attribute_color"": ""Dark Bronze""}"
Operators(104),7/8″ Aluminum Divided Lite Muntin Bar with Tape,https://truthentrygard.com/product/7-8-aluminum-divided-lite-muntin-bar-with-tape/,TEG-bbrp-00057,$ 13.99 – $ 78.38 Price range: $13.99 through $78.38,"**For questions or concerns, please contact info@truthentrygard.com",,"{""Length"": ""1', 2', 3', 4', 5', 6'"", ""Color"": ""White, Dark Bronze, Sandstone""}",TEG-bbrp-00057,71.44,"{""attribute_length"": ""5'"", ""attribute_color"": ""Sandstone""}"
Operators(104),7/8″ Aluminum Divided Lite Muntin Bar with Tape,https://truthentrygard.com/product/7-8-aluminum-divided-lite-muntin-bar-with-tape/,TEG-bbrp-00057,$ 13.99 – $ 78.38 Price range: $13.99 through $78.38,"**For questions or concerns, please contact info@truthentrygard.com",,"{""Length"": ""1', 2', 3', 4', 5', 6'"", ""Color"": ""White, Dark Bronze, Sandstone""}",TEG-bbrp-00057,78.38,"{""attribute_length"": ""6'"", ""attribute_color"": ""White""}"
Operators(104),7/8″ Aluminum Divided Lite Muntin Bar with Tape,https://truthentrygard.com/product/7-8-aluminum-divided-lite-muntin-bar-with-tape/,TEG-bbrp-00057,$ 13.99 – $ 78.38 Price range: $13.99 through $78.38,"**For questions or concerns, please contact info@truthentrygard.com",,"{""Length"": ""1', 2', 3', 4', 5', 6'"", ""Color"": ""White, Dark Bronze, Sandstone""}",TEG-bbrp-00057,78.38,"{""attribute_length"": ""6'"", ""attribute_color"": ""Dark Bronze""}"
Operators(104),7/8″ Aluminum Divided Lite Muntin Bar with Tape,https://truthentrygard.com/product/7-8-aluminum-divided-lite-muntin-bar-with-tape/,TEG-bbrp-00057,$ 13.99 – $ 78.38 Price range: $13.99 through $78.38,"**For questions or concerns, please contact info@truthentrygard.com",,"{""Length"": ""1', 2', 3', 4', 5', 6'"", ""Color"": ""White, Dark Bronze, Sandstone""}",TEG-bbrp-00057,78.38,"{""attribute_length"": ""6'"", ""attribute_color"": ""Sandstone""}"
Operators(104),7/8″ Wood Divided Lite Muntin,https://truthentrygard.com/product/7-8-wood-divided-lite-muntin/,TEG-bbrp-00058,$ 5.16 – $ 30.97 Price range: $5.16 through $30.97,"**For questions or concerns, please contact info@truthentrygard.com",,"{""Length"": ""1', 2', 3', 4', 5', 6'""}",TEG-bbrp-00058,5.16,"{""attribute_length"": ""1'""}"
Operators(104),7/8″ Wood Divided Lite Muntin,https://truthentrygard.com/product/7-8-wood-divided-lite-muntin/,TEG-bbrp-00058,$ 5.16 – $ 30.97 Price range: $5.16 through $30.97,"**For questions or concerns, please contact info@truthentrygard.com",,"{""Length"": ""1', 2', 3', 4', 5', 6'""}",TEG-bbrp-00058,10.33,"{""attribute_length"": ""2'""}"
Operators(104),7/8″ Wood Divided Lite Muntin,https://truthentrygard.com/product/7-8-wood-divided-lite-muntin/,TEG-bbrp-00058,$ 5.16 – $ 30.97 Price range: $5.16 through $30.97,"**For questions or concerns, please contact info@truthentrygard.com",,"{""Length"": ""1', 2', 3', 4', 5', 6'""}",TEG-bbrp-00058,15.48,"{""attribute_length"": ""3'""}"
Operators(104),7/8″ Wood Divided Lite Muntin,https://truthentrygard.com/product/7-8-wood-divided-lite-muntin/,TEG-bbrp-00058,$ 5.16 – $ 30.97 Price range: $5.16 through $30.97,"**For questions or concerns, please contact info@truthentrygard.com",,"{""Length"": ""1', 2', 3', 4', 5', 6'""}",TEG-bbrp-00058,20.65,"{""attribute_length"": ""4'""}"
Operators(104),7/8″ Wood Divided Lite Muntin,https://truthentrygard.com/product/7-8-wood-divided-lite-muntin/,TEG-bbrp-00058,$ 5.16 – $ 30.97 Price range: $5.16 through $30.97,"**For questions or concerns, please contact info@truthentrygard.com",,"{""Length"": ""1', 2', 3', 4', 5', 6'""}",TEG-bbrp-00058,25.81,"{""attribute_length"": ""5'""}"
Operators(104),7/8″ Wood Divided Lite Muntin,https://truthentrygard.com/product/7-8-wood-divided-lite-muntin/,TEG-bbrp-00058,$ 5.16 – $ 30.97 Price range: $5.16 through $30.97,"**For questions or concerns, please contact info@truthentrygard.com",,"{""Length"": ""1', 2', 3', 4', 5', 6'""}",TEG-bbrp-00058,30.97,"{""attribute_length"": ""6'""}"
Operators(104),Anderson Andersen Window Door Replacement Hardware Parts Free ID Help,https://truthentrygard.com/product/anderson-andersen-window-door-replacement-hardware-parts-free-id-help/,TEG- 2573517 1274104,$ 16.92,,,{},,,
Operators(104),Ashland Dual Arm Casement Window Operator Components,https://truthentrygard.com/product/ashland-dual-arm-casement-window-operator-components/,TEG-OT-565SS,$ 80.88,Got Questions? Not sure what you need? Feel free to email: info@truthentrygard.com NOT SURE WHAT YOU NEED?!? EMAIL PICTURES AND WE WILL GET YOU TAKEN CARE OF!,,"{""Handing"": ""Left, Right""}",TEG-OT-565SS,80.88,"{""attribute_pa_handing"": ""left""}"
Operators(104),Ashland Dual Arm Casement Window Operator Components,https://truthentrygard.com/product/ashland-dual-arm-casement-window-operator-components/,TEG-OT-565SS,$ 80.88,Got Questions? Not sure what you need? Feel free to email: info@truthentrygard.com NOT SURE WHAT YOU NEED?!? EMAIL PICTURES AND WE WILL GET YOU TAKEN CARE OF!,,"{""Handing"": ""Left, Right""}",TEG-OT-565SS,80.88,"{""attribute_pa_handing"": ""right""}"
Operators(104),Awning Window Operator Parts | 29168 AWNING UNIT ASSEMBLY 28.75″,https://truthentrygard.com/product/awning-window-operator-parts-29168-awning-unit-assembly-28-75/,TEG-29-168,$ 207.91,"For questions or concerns, please contact info@truthentrygard.com",,{},,,
Operators(104),CAM SASH LOCK | ENTRYGARD | TRUTH HARDWARE,https://truthentrygard.com/product/cam-sash-lock-entrygard/,TEG-,$ 32.22,GOT QUESTIONS?! Contact us at info@truthentrygard.com,,"{""Color"": ""Bronze, White""}",TEG-,32.22,"{""attribute_pa_color"": ""bronze""}"
Operators(104),CAM SASH LOCK | ENTRYGARD | TRUTH HARDWARE,https://truthentrygard.com/product/cam-sash-lock-entrygard/,TEG-,$ 32.22,GOT QUESTIONS?! Contact us at info@truthentrygard.com,,"{""Color"": ""Bronze, White""}",TEG-,32.22,"{""attribute_pa_color"": ""white""}"
Operators(104),CARADCO CONTOUR HANDLE AND COVER,https://truthentrygard.com/product/caradco-contour-handle-and-cover/,PEOFP-HC-2,$ 28.88 – $ 32.88 Price range: $28.88 through $32.88,GOT QUESTIONS?! Contact us at info@truthentrygard.com,,"{""Color"": ""Beige, Black, Bronze, Chestnut Bronze, Clay, Coppertone, Gold, Satin Taupe, White""}",PEOFP-HC-2,28.88,"{""attribute_pa_color"": ""beige""}"
Operators(104),CARADCO CONTOUR HANDLE AND COVER,https://truthentrygard.com/product/caradco-contour-handle-and-cover/,PEOFP-HC-2,$ 28.88 – $ 32.88 Price range: $28.88 through $32.88,GOT QUESTIONS?! Contact us at info@truthentrygard.com,,"{""Color"": ""Beige, Black, Bronze, Chestnut Bronze, Clay, Coppertone, Gold, Satin Taupe, White""}",PEOFP-HC-2,28.88,"{""attribute_pa_color"": ""black""}"
Operators(104),CARADCO CONTOUR HANDLE AND COVER,https://truthentrygard.com/product/caradco-contour-handle-and-cover/,PEOFP-HC-2,$ 28.88 – $ 32.88 Price range: $28.88 through $32.88,GOT QUESTIONS?! Contact us at info@truthentrygard.com,,"{""Color"": ""Beige, Black, Bronze, Chestnut Bronze, Clay, Coppertone, Gold, Satin Taupe, White""}",PEOFP-HC-2,28.88,"{""attribute_pa_color"": ""chestnut-bronze""}"
Operators(104),CARADCO CONTOUR HANDLE AND COVER,https://truthentrygard.com/product/caradco-contour-handle-and-cover/,PEOFP-HC-2,$ 28.88 – $ 32.88 Price range: $28.88 through $32.88,GOT QUESTIONS?! Contact us at info@truthentrygard.com,,"{""Color"": ""Beige, Black, Bronze, Chestnut Bronze, Clay, Coppertone, Gold, Satin Taupe, White""}",PEOFP-HC-2,28.88,"{""attribute_pa_color"": ""clay""}"
Operators(104),CARADCO CONTOUR HANDLE AND COVER,https://truthentrygard.com/product/caradco-contour-handle-and-cover/,PEOFP-HC-2,$ 28.88 – $ 32.88 Price range: $28.88 through $32.88,GOT QUESTIONS?! Contact us at info@truthentrygard.com,,"{""Color"": ""Beige, Black, Bronze, Chestnut Bronze, Clay, Coppertone, Gold, Satin Taupe, White""}",PEOFP-HC-2,29.88,"{""attribute_pa_color"": ""coppertone""}"
Operators(104),CARADCO CONTOUR HANDLE AND COVER,https://truthentrygard.com/product/caradco-contour-handle-and-cover/,PEOFP-HC-2,$ 28.88 – $ 32.88 Price range: $28.88 through $32.88,GOT QUESTIONS?! Contact us at info@truthentrygard.com,,"{""Color"": ""Beige, Black, Bronze, Chestnut Bronze, Clay, Coppertone, Gold, Satin Taupe, White""}",PEOFP-HC-2,32.88,"{""attribute_pa_color"": ""gold""}"
Operators(104),CARADCO CONTOUR HANDLE AND COVER,https://truthentrygard.com/product/caradco-contour-handle-and-cover/,PEOFP-HC-2,$ 28.88 – $ 32.88 Price range: $28.88 through $32.88,GOT QUESTIONS?! Contact us at info@truthentrygard.com,,"{""Color"": ""Beige, Black, Bronze, Chestnut Bronze, Clay, Coppertone, Gold, Satin Taupe, White""}",PEOFP-HC-2,28.88,"{""attribute_pa_color"": ""bronze""}"
Operators(104),CARADCO CONTOUR HANDLE AND COVER,https://truthentrygard.com/product/caradco-contour-handle-and-cover/,PEOFP-HC-2,$ 28.88 – $ 32.88 Price range: $28.88 through $32.88,GOT QUESTIONS?! Contact us at info@truthentrygard.com,,"{""Color"": ""Beige, Black, Bronze, Chestnut Bronze, Clay, Coppertone, Gold, Satin Taupe, White""}",PEOFP-HC-2,28.88,"{""attribute_pa_color"": ""satin-taupe""}"
Operators(104),CARADCO CONTOUR HANDLE AND COVER,https://truthentrygard.com/product/caradco-contour-handle-and-cover/,PEOFP-HC-2,$ 28.88 – $ 32.88 Price range: $28.88 through $32.88,GOT QUESTIONS?! Contact us at info@truthentrygard.com,,"{""Color"": ""Beige, Black, Bronze, Chestnut Bronze, Clay, Coppertone, Gold, Satin Taupe, White""}",PEOFP-HC-2,28.88,"{""attribute_pa_color"": ""white""}"
Operators(104),"Casement & Awning Window Replacement Parts | Operators, Cranks, Handles | Norco NorClad Jeld-Wen, Pozzi and Others",https://truthentrygard.com/product/casement-awning-window-replacement-parts-operators-cranks-handles-norco-norclad-jeld-wen-pozzi-and-others/,All Window Door Parts Group USA,$ 130.27,,,{},,,
Operators(104),Casement and Awning Window Styles – Narrow Sash Leaf Seals | Beige Tan | Home Owner Contractor Packs Available,https://truthentrygard.com/product/casement-and-awning-window-styles-narrow-sash-leaf-seals-beige-tan-home-owner-contractor-packs-available/,TEG-bbrp-00025,$ 37.51,"For questions or concerns, please contact info@truthentrygard.com",,{},,,
Operators(104),Casement Awning Window Parts | Foam Seal Weatherstrip,https://truthentrygard.com/product/casement-awning-window-parts-foam-seal-weatherstrip/,TOOLP-WHT,"$ 1,063.22",HAVE QUESTIONS??? CONTACT INFO@TRUTHENTRYGARD.COM,,{},,,
Operators(104),Casement Window Complete Weather Strip Seal Kit #1672,https://truthentrygard.com/product/casement-window-complete-weather-strip-seal-kit-1672/,TEG-bbrp-SPK1672,$ 124.17,"For questions or concerns, please contact info@truthentrygard.com",,{},,,
Muntin Bars(100),.300 Kerf Insert Weather-Strip Seal,https://truthentrygard.com/product/300-kerf-insert-weather-strip-seal/,TEG-LPB-713.,$ 0.00,Got Questions? Not sure what you need? Feel free to email: info@truthentrygard.com NOT SURE WHAT YOU NEED?!? EMAIL PICTURES AND WE WILL GET YOU TAKEN CARE OF!,,{},,,
Muntin Bars(100),1 3/8″ Aluminum Divided Lite Muntin Bar with Tape,https://truthentrygard.com/product/1-3-8-aluminum-divided-lite-muntin-bar-with-tape/,TEG-bbrp-00055,$ 23.88,"**For questions or concerns, please contact info@truthentrygard.com",,"{""Length"": ""1', 2', 3', 4', 5', 6'"", ""Color"": ""White, Dark Bronze, Sandstone""}",TEG-bbrp-00055,23.88,"{""attribute_length"": ""1'"", ""attribute_color"": ""White""}"
Muntin Bars(100),1 3/8″ Aluminum Divided Lite Muntin Bar with Tape,https://truthentrygard.com/product/1-3-8-aluminum-divided-lite-muntin-bar-with-tape/,TEG-bbrp-00055,$ 23.88,"**For questions or concerns, please contact info@truthentrygard.com",,"{""Length"": ""1', 2', 3', 4', 5', 6'"", ""Color"": ""White, Dark Bronze, Sandstone""}",TEG-bbrp-00055,23.88,"{""attribute_length"": ""1'"", ""attribute_color"": ""Dark Bronze""}"
Muntin Bars(100),1 3/8″ Aluminum Divided Lite Muntin Bar with Tape,https://truthentrygard.com/product/1-3-8-aluminum-divided-lite-muntin-bar-with-tape/,TEG-bbrp-00055,$ 23.88,"**For questions or concerns, please contact info@truthentrygard.com",,"{""Length"": ""1', 2', 3', 4', 5', 6'"", ""Color"": ""White, Dark Bronze, Sandstone""}",TEG-bbrp-00055,23.88,"{""attribute_length"": ""1'"", ""attribute_color"": ""Sandstone""}"
Muntin Bars(100),1 3/8″ Aluminum Divided Lite Muntin Bar with Tape,https://truthentrygard.com/product/1-3-8-aluminum-divided-lite-muntin-bar-with-tape/,TEG-bbrp-00055,$ 23.88,"**For questions or concerns, please contact info@truthentrygard.com",,"{""Length"": ""1', 2', 3', 4', 5', 6'"", ""Color"": ""White, Dark Bronze, Sandstone""}",TEG-bbrp-00055,23.88,"{""attribute_length"": ""2'"", ""attribute_color"": ""White""}"
Muntin Bars(100),1 3/8″ Aluminum Divided Lite Muntin Bar with Tape,https://truthentrygard.com/product/1-3-8-aluminum-divided-lite-muntin-bar-with-tape/,TEG-bbrp-00055,$ 23.88,"**For questions or concerns, please contact info@truthentrygard.com",,"{""Length"": ""1', 2', 3', 4', 5', 6'"", ""Color"": ""White, Dark Bronze, Sandstone""}",TEG-bbrp-00055,23.88,"{""attribute_length"": ""2'"", ""attribute_color"": ""Dark Bronze""}"
Muntin Bars(100),1 3/8″ Aluminum Divided Lite Muntin Bar with Tape,https://truthentrygard.com/product/1-3-8-aluminum-divided-lite-muntin-bar-with-tape/,TEG-bbrp-00055,$ 23.88,"**For questions or concerns, please contact info@truthentrygard.com",,"{""Length"": ""1', 2', 3', 4', 5', 6'"", ""Color"": ""White, Dark Bronze, Sandstone""}",TEG-bbrp-00055,23.88,"{""attribute_length"": ""2'"", ""attribute_color"": ""Sandstone""}"
Muntin Bars(100),1 3/8″ Aluminum Divided Lite Muntin Bar with Tape,https://truthentrygard.com/product/1-3-8-aluminum-divided-lite-muntin-bar-with-tape/,TEG-bbrp-00055,$ 23.88,"**For questions or concerns, please contact info@truthentrygard.com",,"{""Length"": ""1', 2', 3', 4', 5', 6'"", ""Color"": ""White, Dark Bronze, Sandstone""}",TEG-bbrp-00055,23.88,"{""attribute_length"": ""3'"", ""attribute_color"": ""White""}"
Muntin Bars(100),1 3/8″ Aluminum Divided Lite Muntin Bar with Tape,https://truthentrygard.com/product/1-3-8-aluminum-divided-lite-muntin-bar-with-tape/,TEG-bbrp-00055,$ 23.88,"**For questions or concerns, please contact info@truthentrygard.com",,"{""Length"": ""1', 2', 3', 4', 5', 6'"", ""Color"": ""White, Dark Bronze, Sandstone""}",TEG-bbrp-00055,23.88,"{""attribute_length"": ""3'"", ""attribute_color"": ""Dark Bronze""}"
Muntin Bars(100),1 3/8″ Aluminum Divided Lite Muntin Bar with Tape,https://truthentrygard.com/product/1-3-8-aluminum-divided-lite-muntin-bar-with-tape/,TEG-bbrp-00055,$ 23.88,"**For questions or concerns, please contact info@truthentrygard.com",,"{""Length"": ""1', 2', 3', 4', 5', 6'"", ""Color"": ""White, Dark Bronze, Sandstone""}",TEG-bbrp-00055,23.88,"{""attribute_length"": ""3'"", ""attribute_color"": ""Sandstone""}"
Muntin Bars(100),1 3/8″ Aluminum Divided Lite Muntin Bar with Tape,https://truthentrygard.com/product/1-3-8-aluminum-divided-lite-muntin-bar-with-tape/,TEG-bbrp-00055,$ 23.88,"**For questions or concerns, please contact info@truthentrygard.com",,"{""Length"": ""1', 2', 3', 4', 5', 6'"", ""Color"": ""White, Dark Bronze, Sandstone""}",TEG-bbrp-00055,23.88,"{""attribute_length"": ""4'"", ""attribute_color"": ""White""}"
Muntin Bars(100),1 3/8″ Aluminum Divided Lite Muntin Bar with Tape,https://truthentrygard.com/product/1-3-8-aluminum-divided-lite-muntin-bar-with-tape/,TEG-bbrp-00055,$ 23.88,"**For questions or concerns, please contact info@truthentrygard.com",,"{""Length"": ""1', 2', 3', 4', 5', 6'"", ""Color"": ""White, Dark Bronze, Sandstone""}",TEG-bbrp-00055,23.88,"{""attribute_length"": ""4'"", ""attribute_color"": ""Dark Bronze""}"
Muntin Bars(100),1 3/8″ Aluminum Divided Lite Muntin Bar with Tape,https://truthentrygard.com/product/1-3-8-aluminum-divided-lite-muntin-bar-with-tape/,TEG-bbrp-00055,$ 23.88,"**For questions or concerns, please contact info@truthentrygard.com",,"{""Length"": ""1', 2', 3', 4', 5', 6'"", ""Color"": ""White, Dark Bronze, Sandstone""}",TEG-bbrp-00055,23.88,"{""attribute_length"": ""4'"", ""attribute_color"": ""Sandstone""}"
Muntin Bars(100),1 3/8″ Aluminum Divided Lite Muntin Bar with Tape,https://truthentrygard.com/product/1-3-8-aluminum-divided-lite-muntin-bar-with-tape/,TEG-bbrp-00055,$ 23.88,"**For questions or concerns, please contact info@truthentrygard.com",,"{""Length"": ""1', 2', 3', 4', 5', 6'"", ""Color"": ""White, Dark Bronze, Sandstone""}",TEG-bbrp-00055,23.88,"{""attribute_length"": ""5'"", ""attribute_color"": ""White""}"
Muntin Bars(100),1 3/8″ Aluminum Divided Lite Muntin Bar with Tape,https://truthentrygard.com/product/1-3-8-aluminum-divided-lite-muntin-bar-with-tape/,TEG-bbrp-00055,$ 23.88,"**For questions or concerns, please contact info@truthentrygard.com",,"{""Length"": ""1', 2', 3', 4', 5', 6'"", ""Color"": ""White, Dark Bronze, Sandstone""}",TEG-bbrp-00055,23.88,"{""attribute_length"": ""5'"", ""attribute_color"": ""Dark Bronze""}"
Muntin Bars(100),1 3/8″ Aluminum Divided Lite Muntin Bar with Tape,https://truthentrygard.com/product/1-3-8-aluminum-divided-lite-muntin-bar-with-tape/,TEG-bbrp-00055,$ 23.88,"**For questions or concerns, please contact info@truthentrygard.com",,"{""Length"": ""1', 2', 3', 4', 5', 6'"", ""Color"": ""White, Dark Bronze, Sandstone""}",TEG-bbrp-00055,23.88,"{""attribute_length"": ""5'"", ""attribute_color"": ""Sandstone""}"
Muntin Bars(100),1 3/8″ Aluminum Divided Lite Muntin Bar with Tape,https://truthentrygard.com/product/1-3-8-aluminum-divided-lite-muntin-bar-with-tape/,TEG-bbrp-00055,$ 23.88,"**For questions or concerns, please contact info@truthentrygard.com",,"{""Length"": ""1', 2', 3', 4', 5', 6'"", ""Color"": ""White, Dark Bronze, Sandstone""}",TEG-bbrp-00055,23.88,"{""attribute_length"": ""6'"", ""attribute_color"": ""White""}"
Muntin Bars(100),1 3/8″ Aluminum Divided Lite Muntin Bar with Tape,https://truthentrygard.com/product/1-3-8-aluminum-divided-lite-muntin-bar-with-tape/,TEG-bbrp-00055,$ 23.88,"**For questions or concerns, please contact info@truthentrygard.com",,"{""Length"": ""1', 2', 3', 4', 5', 6'"", ""Color"": ""White, Dark Bronze, Sandstone""}",TEG-bbrp-00055,23.88,"{""attribute_length"": ""6'"", ""attribute_color"": ""Dark Bronze""}"
Muntin Bars(100),1 3/8″ Aluminum Divided Lite Muntin Bar with Tape,https://truthentrygard.com/product/1-3-8-aluminum-divided-lite-muntin-bar-with-tape/,TEG-bbrp-00055,$ 23.88,"**For questions or concerns, please contact info@truthentrygard.com",,"{""Length"": ""1', 2', 3', 4', 5', 6'"", ""Color"": ""White, Dark Bronze, Sandstone""}",TEG-bbrp-00055,23.88,"{""attribute_length"": ""6'"", ""attribute_color"": ""Sandstone""}"
Muntin Bars(100),1 3/8″ Wood Divided Lite Muntin Bar with Tape,https://truthentrygard.com/product/1-3-8-wood-divided-lite-muntin-bar-with-tape/,TEG-bbrp-00054,$ 5.95 – $ 35.71 Price range: $5.95 through $35.71,"**For questions or concerns, please contact info@truthentrygard.com",,"{""Length"": ""1', 2', 3', 4', 5', 6'""}",TEG-bbrp-00054,5.95,"{""attribute_length"": ""1'""}"
Muntin Bars(100),1 3/8″ Wood Divided Lite Muntin Bar with Tape,https://truthentrygard.com/product/1-3-8-wood-divided-lite-muntin-bar-with-tape/,TEG-bbrp-00054,$ 5.95 – $ 35.71 Price range: $5.95 through $35.71,"**For questions or concerns, please contact info@truthentrygard.com",,"{""Length"": ""1', 2', 3', 4', 5', 6'""}",TEG-bbrp-00054,11.9,"{""attribute_length"": ""2'""}"
Muntin Bars(100),1 3/8″ Wood Divided Lite Muntin Bar with Tape,https://truthentrygard.com/product/1-3-8-wood-divided-lite-muntin-bar-with-tape/,TEG-bbrp-00054,$ 5.95 – $ 35.71 Price range: $5.95 through $35.71,"**For questions or concerns, please contact info@truthentrygard.com",,"{""Length"": ""1', 2', 3', 4', 5', 6'""}",TEG-bbrp-00054,17.85,"{""attribute_length"": ""3'""}"
Muntin Bars(100),1 3/8″ Wood Divided Lite Muntin Bar with Tape,https://truthentrygard.com/product/1-3-8-wood-divided-lite-muntin-bar-with-tape/,TEG-bbrp-00054,$ 5.95 – $ 35.71 Price range: $5.95 through $35.71,"**For questions or concerns, please contact info@truthentrygard.com",,"{""Length"": ""1', 2', 3', 4', 5', 6'""}",TEG-bbrp-00054,23.81,"{""attribute_length"": ""4'""}"
Muntin Bars(100),1 3/8″ Wood Divided Lite Muntin Bar with Tape,https://truthentrygard.com/product/1-3-8-wood-divided-lite-muntin-bar-with-tape/,TEG-bbrp-00054,$ 5.95 – $ 35.71 Price range: $5.95 through $35.71,"**For questions or concerns, please contact info@truthentrygard.com",,"{""Length"": ""1', 2', 3', 4', 5', 6'""}",TEG-bbrp-00054,29.75,"{""attribute_length"": ""5'""}"
Muntin Bars(100),1 3/8″ Wood Divided Lite Muntin Bar with Tape,https://truthentrygard.com/product/1-3-8-wood-divided-lite-muntin-bar-with-tape/,TEG-bbrp-00054,$ 5.95 – $ 35.71 Price range: $5.95 through $35.71,"**For questions or concerns, please contact info@truthentrygard.com",,"{""Length"": ""1', 2', 3', 4', 5', 6'""}",TEG-bbrp-00054,35.71,"{""attribute_length"": ""6'""}"
Muntin Bars(100),1″ Aluminum Divided Lite Muntin Bar with Tape,https://truthentrygard.com/product/1-aluminum-divided-lite-muntin-bar-with-tape/,TEG-bbrp-00056,$ 17.66 – $ 99.29 Price range: $17.66 through $99.29,,,"{""Length"": ""1', 2', 3', 4', 5', 6'"", ""Color"": ""White, Dark Bronze, Sandstone""}",TEG-bbrp-00056,17.66,"{""attribute_length"": ""1'"", ""attribute_color"": ""White""}"
Muntin Bars(100),1″ Aluminum Divided Lite Muntin Bar with Tape,https://truthentrygard.com/product/1-aluminum-divided-lite-muntin-bar-with-tape/,TEG-bbrp-00056,$ 17.66 – $ 99.29 Price range: $17.66 through $99.29,,,"{""Length"": ""1', 2', 3', 4', 5', 6'"", ""Color"": ""White, Dark Bronze, Sandstone""}",TEG-bbrp-00056,17.66,"{""attribute_length"": ""1'"", ""attribute_color"": ""Dark Bronze""}"
Muntin Bars(100),1″ Aluminum Divided Lite Muntin Bar with Tape,https://truthentrygard.com/product/1-aluminum-divided-lite-muntin-bar-with-tape/,TEG-bbrp-00056,$ 17.66 – $ 99.29 Price range: $17.66 through $99.29,,,"{""Length"": ""1', 2', 3', 4', 5', 6'"", ""Color"": ""White, Dark Bronze, Sandstone""}",TEG-bbrp-00056,17.66,"{""attribute_length"": ""1'"", ""attribute_color"": ""Sandstone""}"
Muntin Bars(100),1″ Aluminum Divided Lite Muntin Bar with Tape,https://truthentrygard.com/product/1-aluminum-divided-lite-muntin-bar-with-tape/,TEG-bbrp-00056,$ 17.66 – $ 99.29 Price range: $17.66 through $99.29,,,"{""Length"": ""1', 2', 3', 4', 5', 6'"", ""Color"": ""White, Dark Bronze, Sandstone""}",TEG-bbrp-00056,33.58,"{""attribute_length"": ""2'"", ""attribute_color"": ""White""}"
Muntin Bars(100),1″ Aluminum Divided Lite Muntin Bar with Tape,https://truthentrygard.com/product/1-aluminum-divided-lite-muntin-bar-with-tape/,TEG-bbrp-00056,$ 17.66 – $ 99.29 Price range: $17.66 through $99.29,,,"{""Length"": ""1', 2', 3', 4', 5', 6'"", ""Color"": ""White, Dark Bronze, Sandstone""}",TEG-bbrp-00056,33.58,"{""attribute_length"": ""2'"", ""attribute_color"": ""Dark Bronze""}"
Muntin Bars(100),1″ Aluminum Divided Lite Muntin Bar with Tape,https://truthentrygard.com/product/1-aluminum-divided-lite-muntin-bar-with-tape/,TEG-bbrp-00056,$ 17.66 – $ 99.29 Price range: $17.66 through $99.29,,,"{""Length"": ""1', 2', 3', 4', 5', 6'"", ""Color"": ""White, Dark Bronze, Sandstone""}",TEG-bbrp-00056,33.58,"{""attribute_length"": ""2'"", ""attribute_color"": ""Sandstone""}"
Muntin Bars(100),1″ Aluminum Divided Lite Muntin Bar with Tape,https://truthentrygard.com/product/1-aluminum-divided-lite-muntin-bar-with-tape/,TEG-bbrp-00056,$ 17.66 – $ 99.29 Price range: $17.66 through $99.29,,,"{""Length"": ""1', 2', 3', 4', 5', 6'"", ""Color"": ""White, Dark Bronze, Sandstone""}",TEG-bbrp-00056,50.79,"{""attribute_length"": ""3'"", ""attribute_color"": ""White""}"
Muntin Bars(100),1″ Aluminum Divided Lite Muntin Bar with Tape,https://truthentrygard.com/product/1-aluminum-divided-lite-muntin-bar-with-tape/,TEG-bbrp-00056,$ 17.66 – $ 99.29 Price range: $17.66 through $99.29,,,"{""Length"": ""1', 2', 3', 4', 5', 6'"", ""Color"": ""White, Dark Bronze, Sandstone""}",TEG-bbrp-00056,50.79,"{""attribute_length"": ""3'"", ""attribute_color"": ""Dark Bronze""}"
Muntin Bars(100),1″ Aluminum Divided Lite Muntin Bar with Tape,https://truthentrygard.com/product/1-aluminum-divided-lite-muntin-bar-with-tape/,TEG-bbrp-00056,$ 17.66 – $ 99.29 Price range: $17.66 through $99.29,,,"{""Length"": ""1', 2', 3', 4', 5', 6'"", ""Color"": ""White, Dark Bronze, Sandstone""}",TEG-bbrp-00056,50.79,"{""attribute_length"": ""3'"", ""attribute_color"": ""Sandstone""}"
Muntin Bars(100),1″ Aluminum Divided Lite Muntin Bar with Tape,https://truthentrygard.com/product/1-aluminum-divided-lite-muntin-bar-with-tape/,TEG-bbrp-00056,$ 17.66 – $ 99.29 Price range: $17.66 through $99.29,,,"{""Length"": ""1', 2', 3', 4', 5', 6'"", ""Color"": ""White, Dark Bronze, Sandstone""}",TEG-bbrp-00056,70.18,"{""attribute_length"": ""4'"", ""attribute_color"": ""White""}"
Muntin Bars(100),1″ Aluminum Divided Lite Muntin Bar with Tape,https://truthentrygard.com/product/1-aluminum-divided-lite-muntin-bar-with-tape/,TEG-bbrp-00056,$ 17.66 – $ 99.29 Price range: $17.66 through $99.29,,,"{""Length"": ""1', 2', 3', 4', 5', 6'"", ""Color"": ""White, Dark Bronze, Sandstone""}",TEG-bbrp-00056,70.18,"{""attribute_length"": ""4'"", ""attribute_color"": ""Dark Bronze""}"
Muntin Bars(100),1″ Aluminum Divided Lite Muntin Bar with Tape,https://truthentrygard.com/product/1-aluminum-divided-lite-muntin-bar-with-tape/,TEG-bbrp-00056,$ 17.66 – $ 99.29 Price range: $17.66 through $99.29,,,"{""Length"": ""1', 2', 3', 4', 5', 6'"", ""Color"": ""White, Dark Bronze, Sandstone""}",TEG-bbrp-00056,70.18,"{""attribute_length"": ""4'"", ""attribute_color"": ""Sandstone""}"
Muntin Bars(100),1″ Aluminum Divided Lite Muntin Bar with Tape,https://truthentrygard.com/product/1-aluminum-divided-lite-muntin-bar-with-tape/,TEG-bbrp-00056,$ 17.66 – $ 99.29 Price range: $17.66 through $99.29,,,"{""Length"": ""1', 2', 3', 4', 5', 6'"", ""Color"": ""White, Dark Bronze, Sandstone""}",TEG-bbrp-00056,88.35,"{""attribute_length"": ""5'"", ""attribute_color"": ""White""}"
Muntin Bars(100),1″ Aluminum Divided Lite Muntin Bar with Tape,https://truthentrygard.com/product/1-aluminum-divided-lite-muntin-bar-with-tape/,TEG-bbrp-00056,$ 17.66 – $ 99.29 Price range: $17.66 through $99.29,,,"{""Length"": ""1', 2', 3', 4', 5', 6'"", ""Color"": ""White, Dark Bronze, Sandstone""}",TEG-bbrp-00056,88.35,"{""attribute_length"": ""5'"", ""attribute_color"": ""Dark Bronze""}"
Muntin Bars(100),1″ Aluminum Divided Lite Muntin Bar with Tape,https://truthentrygard.com/product/1-aluminum-divided-lite-muntin-bar-with-tape/,TEG-bbrp-00056,$ 17.66 – $ 99.29 Price range: $17.66 through $99.29,,,"{""Length"": ""1', 2', 3', 4', 5', 6'"", ""Color"": ""White, Dark Bronze, Sandstone""}",TEG-bbrp-00056,88.35,"{""attribute_length"": ""5'"", ""attribute_color"": ""Sandstone""}"
Muntin Bars(100),1″ Aluminum Divided Lite Muntin Bar with Tape,https://truthentrygard.com/product/1-aluminum-divided-lite-muntin-bar-with-tape/,TEG-bbrp-00056,$ 17.66 – $ 99.29 Price range: $17.66 through $99.29,,,"{""Length"": ""1', 2', 3', 4', 5', 6'"", ""Color"": ""White, Dark Bronze, Sandstone""}",TEG-bbrp-00056,99.29,"{""attribute_length"": ""6'"", ""attribute_color"": ""White""}"
Muntin Bars(100),1″ Aluminum Divided Lite Muntin Bar with Tape,https://truthentrygard.com/product/1-aluminum-divided-lite-muntin-bar-with-tape/,TEG-bbrp-00056,$ 17.66 – $ 99.29 Price range: $17.66 through $99.29,,,"{""Length"": ""1', 2', 3', 4', 5', 6'"", ""Color"": ""White, Dark Bronze, Sandstone""}",TEG-bbrp-00056,99.29,"{""attribute_length"": ""6'"", ""attribute_color"": ""Dark Bronze""}"
Muntin Bars(100),1″ Aluminum Divided Lite Muntin Bar with Tape,https://truthentrygard.com/product/1-aluminum-divided-lite-muntin-bar-with-tape/,TEG-bbrp-00056,$ 17.66 – $ 99.29 Price range: $17.66 through $99.29,,,"{""Length"": ""1', 2', 3', 4', 5', 6'"", ""Color"": ""White, Dark Bronze, Sandstone""}",TEG-bbrp-00056,99.29,"{""attribute_length"": ""6'"", ""attribute_color"": ""Sandstone""}"
Muntin Bars(100),2R Window Limit Device,https://truthentrygard.com/product/2r-window-limit-device/,N/A,$ 135.88,GOT QUESTIONS?! Contact us: info@truthentrygard.com,,"{""Handing"": ""Left, Right""}",,135.88,"{""attribute_handing"": ""Left""}"
Muntin Bars(100),7/8″ Aluminum Divided Lite Muntin Bar with Tape,https://truthentrygard.com/product/7-8-aluminum-divided-lite-muntin-bar-with-tape/,TEG-bbrp-00057,$ 13.99 – $ 78.38 Price range: $13.99 through $78.38,"**For questions or concerns, please contact info@truthentrygard.com",,"{""Length"": ""1', 2', 3', 4', 5', 6'"", ""Color"": ""White, Dark Bronze, Sandstone""}",TEG-bbrp-00057,13.99,"{""attribute_length"": ""1'"", ""attribute_color"": ""White""}"
Muntin Bars(100),7/8″ Aluminum Divided Lite Muntin Bar with Tape,https://truthentrygard.com/product/7-8-aluminum-divided-lite-muntin-bar-with-tape/,TEG-bbrp-00057,$ 13.99 – $ 78.38 Price range: $13.99 through $78.38,"**For questions or concerns, please contact info@truthentrygard.com",,"{""Length"": ""1', 2', 3', 4', 5', 6'"", ""Color"": ""White, Dark Bronze, Sandstone""}",TEG-bbrp-00057,13.99,"{""attribute_length"": ""1'"", ""attribute_color"": ""Dark Bronze""}"
Muntin Bars(100),7/8″ Aluminum Divided Lite Muntin Bar with Tape,https://truthentrygard.com/product/7-8-aluminum-divided-lite-muntin-bar-with-tape/,TEG-bbrp-00057,$ 13.99 – $ 78.38 Price range: $13.99 through $78.38,"**For questions or concerns, please contact info@truthentrygard.com",,"{""Length"": ""1', 2', 3', 4', 5', 6'"", ""Color"": ""White, Dark Bronze, Sandstone""}",TEG-bbrp-00057,13.99,"{""attribute_length"": ""1'"", ""attribute_color"": ""Sandstone""}"
Muntin Bars(100),7/8″ Aluminum Divided Lite Muntin Bar with Tape,https://truthentrygard.com/product/7-8-aluminum-divided-lite-muntin-bar-with-tape/,TEG-bbrp-00057,$ 13.99 – $ 78.38 Price range: $13.99 through $78.38,"**For questions or concerns, please contact info@truthentrygard.com",,"{""Length"": ""1', 2', 3', 4', 5', 6'"", ""Color"": ""White, Dark Bronze, Sandstone""}",TEG-bbrp-00057,28.55,"{""attribute_length"": ""2'"", ""attribute_color"": ""White""}"
Muntin Bars(100),7/8″ Aluminum Divided Lite Muntin Bar with Tape,https://truthentrygard.com/product/7-8-aluminum-divided-lite-muntin-bar-with-tape/,TEG-bbrp-00057,$ 13.99 – $ 78.38 Price range: $13.99 through $78.38,"**For questions or concerns, please contact info@truthentrygard.com",,"{""Length"": ""1', 2', 3', 4', 5', 6'"", ""Color"": ""White, Dark Bronze, Sandstone""}",TEG-bbrp-00057,28.55,"{""attribute_length"": ""2'"", ""attribute_color"": ""Dark Bronze""}"
Muntin Bars(100),7/8″ Aluminum Divided Lite Muntin Bar with Tape,https://truthentrygard.com/product/7-8-aluminum-divided-lite-muntin-bar-with-tape/,TEG-bbrp-00057,$ 13.99 – $ 78.38 Price range: $13.99 through $78.38,"**For questions or concerns, please contact info@truthentrygard.com",,"{""Length"": ""1', 2', 3', 4', 5', 6'"", ""Color"": ""White, Dark Bronze, Sandstone""}",TEG-bbrp-00057,28.55,"{""attribute_length"": ""2'"", ""attribute_color"": ""Sandstone""}"
Muntin Bars(100),7/8″ Aluminum Divided Lite Muntin Bar with Tape,https://truthentrygard.com/product/7-8-aluminum-divided-lite-muntin-bar-with-tape/,TEG-bbrp-00057,$ 13.99 – $ 78.38 Price range: $13.99 through $78.38,"**For questions or concerns, please contact info@truthentrygard.com",,"{""Length"": ""1', 2', 3', 4', 5', 6'"", ""Color"": ""White, Dark Bronze, Sandstone""}",TEG-bbrp-00057,45.44,"{""attribute_length"": ""3'"", ""attribute_color"": ""White""}"
Muntin Bars(100),7/8″ Aluminum Divided Lite Muntin Bar with Tape,https://truthentrygard.com/product/7-8-aluminum-divided-lite-muntin-bar-with-tape/,TEG-bbrp-00057,$ 13.99 – $ 78.38 Price range: $13.99 through $78.38,"**For questions or concerns, please contact info@truthentrygard.com",,"{""Length"": ""1', 2', 3', 4', 5', 6'"", ""Color"": ""White, Dark Bronze, Sandstone""}",TEG-bbrp-00057,45.44,"{""attribute_length"": ""3'"", ""attribute_color"": ""Dark Bronze""}"
Muntin Bars(100),7/8″ Aluminum Divided Lite Muntin Bar with Tape,https://truthentrygard.com/product/7-8-aluminum-divided-lite-muntin-bar-with-tape/,TEG-bbrp-00057,$ 13.99 – $ 78.38 Price range: $13.99 through $78.38,"**For questions or concerns, please contact info@truthentrygard.com",,"{""Length"": ""1', 2', 3', 4', 5', 6'"", ""Color"": ""White, Dark Bronze, Sandstone""}",TEG-bbrp-00057,45.44,"{""attribute_length"": ""3'"", ""attribute_color"": ""Sandstone""}"
Muntin Bars(100),7/8″ Aluminum Divided Lite Muntin Bar with Tape,https://truthentrygard.com/product/7-8-aluminum-divided-lite-muntin-bar-with-tape/,TEG-bbrp-00057,$ 13.99 – $ 78.38 Price range: $13.99 through $78.38,"**For questions or concerns, please contact info@truthentrygard.com",,"{""Length"": ""1', 2', 3', 4', 5', 6'"", ""Color"": ""White, Dark Bronze, Sandstone""}",TEG-bbrp-00057,52.22,"{""attribute_length"": ""4'"", ""attribute_color"": ""White""}"
Muntin Bars(100),7/8″ Aluminum Divided Lite Muntin Bar with Tape,https://truthentrygard.com/product/7-8-aluminum-divided-lite-muntin-bar-with-tape/,TEG-bbrp-00057,$ 13.99 – $ 78.38 Price range: $13.99 through $78.38,"**For questions or concerns, please contact info@truthentrygard.com",,"{""Length"": ""1', 2', 3', 4', 5', 6'"", ""Color"": ""White, Dark Bronze, Sandstone""}",TEG-bbrp-00057,52.22,"{""attribute_length"": ""4'"", ""attribute_color"": ""Dark Bronze""}"
Muntin Bars(100),7/8″ Aluminum Divided Lite Muntin Bar with Tape,https://truthentrygard.com/product/7-8-aluminum-divided-lite-muntin-bar-with-tape/,TEG-bbrp-00057,$ 13.99 – $ 78.38 Price range: $13.99 through $78.38,"**For questions or concerns, please contact info@truthentrygard.com",,"{""Length"": ""1', 2', 3', 4', 5', 6'"", ""Color"": ""White, Dark Bronze, Sandstone""}",TEG-bbrp-00057,52.22,"{""attribute_length"": ""4'"", ""attribute_color"": ""Sandstone""}"
Muntin Bars(100),7/8″ Aluminum Divided Lite Muntin Bar with Tape,https://truthentrygard.com/product/7-8-aluminum-divided-lite-muntin-bar-with-tape/,TEG-bbrp-00057,$ 13.99 – $ 78.38 Price range: $13.99 through $78.38,"**For questions or concerns, please contact info@truthentrygard.com",,"{""Length"": ""1', 2', 3', 4', 5', 6'"", ""Color"": ""White, Dark Bronze, Sandstone""}",TEG-bbrp-00057,71.44,"{""attribute_length"": ""5'"", ""attribute_color"": ""White""}"
Muntin Bars(100),7/8″ Aluminum Divided Lite Muntin Bar with Tape,https://truthentrygard.com/product/7-8-aluminum-divided-lite-muntin-bar-with-tape/,TEG-bbrp-00057,$ 13.99 – $ 78.38 Price range: $13.99 through $78.38,"**For questions or concerns, please contact info@truthentrygard.com",,"{""Length"": ""1', 2', 3', 4', 5', 6'"", ""Color"": ""White, Dark Bronze, Sandstone""}",TEG-bbrp-00057,71.44,"{""attribute_length"": ""5'"", ""attribute_color"": ""Dark Bronze""}"
Muntin Bars(100),7/8″ Aluminum Divided Lite Muntin Bar with Tape,https://truthentrygard.com/product/7-8-aluminum-divided-lite-muntin-bar-with-tape/,TEG-bbrp-00057,$ 13.99 – $ 78.38 Price range: $13.99 through $78.38,"**For questions or concerns, please contact info@truthentrygard.com",,"{""Length"": ""1', 2', 3', 4', 5', 6'"", ""Color"": ""White, Dark Bronze, Sandstone""}",TEG-bbrp-00057,71.44,"{""attribute_length"": ""5'"", ""attribute_color"": ""Sandstone""}"
Muntin Bars(100),7/8″ Aluminum Divided Lite Muntin Bar with Tape,https://truthentrygard.com/product/7-8-aluminum-divided-lite-muntin-bar-with-tape/,TEG-bbrp-00057,$ 13.99 – $ 78.38 Price range: $13.99 through $78.38,"**For questions or concerns, please contact info@truthentrygard.com",,"{""Length"": ""1', 2', 3', 4', 5', 6'"", ""Color"": ""White, Dark Bronze, Sandstone""}",TEG-bbrp-00057,78.38,"{""attribute_length"": ""6'"", ""attribute_color"": ""White""}"
Muntin Bars(100),7/8″ Aluminum Divided Lite Muntin Bar with Tape,https://truthentrygard.com/product/7-8-aluminum-divided-lite-muntin-bar-with-tape/,TEG-bbrp-00057,$ 13.99 – $ 78.38 Price range: $13.99 through $78.38,"**For questions or concerns, please contact info@truthentrygard.com",,"{""Length"": ""1', 2', 3', 4', 5', 6'"", ""Color"": ""White, Dark Bronze, Sandstone""}",TEG-bbrp-00057,78.38,"{""attribute_length"": ""6'"", ""attribute_color"": ""Dark Bronze""}"
Muntin Bars(100),7/8″ Aluminum Divided Lite Muntin Bar with Tape,https://truthentrygard.com/product/7-8-aluminum-divided-lite-muntin-bar-with-tape/,TEG-bbrp-00057,$ 13.99 – $ 78.38 Price range: $13.99 through $78.38,"**For questions or concerns, please contact info@truthentrygard.com",,"{""Length"": ""1', 2', 3', 4', 5', 6'"", ""Color"": ""White, Dark Bronze, Sandstone""}",TEG-bbrp-00057,78.38,"{""attribute_length"": ""6'"", ""attribute_color"": ""Sandstone""}"
Muntin Bars(100),7/8″ Wood Divided Lite Muntin,https://truthentrygard.com/product/7-8-wood-divided-lite-muntin/,TEG-bbrp-00058,$ 5.16 – $ 30.97 Price range: $5.16 through $30.97,"**For questions or concerns, please contact info@truthentrygard.com",,"{""Length"": ""1', 2', 3', 4', 5', 6'""}",TEG-bbrp-00058,5.16,"{""attribute_length"": ""1'""}"
Muntin Bars(100),7/8″ Wood Divided Lite Muntin,https://truthentrygard.com/product/7-8-wood-divided-lite-muntin/,TEG-bbrp-00058,$ 5.16 – $ 30.97 Price range: $5.16 through $30.97,"**For questions or concerns, please contact info@truthentrygard.com",,"{""Length"": ""1', 2', 3', 4', 5', 6'""}",TEG-bbrp-00058,10.33,"{""attribute_length"": ""2'""}"
Muntin Bars(100),7/8″ Wood Divided Lite Muntin,https://truthentrygard.com/product/7-8-wood-divided-lite-muntin/,TEG-bbrp-00058,$ 5.16 – $ 30.97 Price range: $5.16 through $30.97,"**For questions or concerns, please contact info@truthentrygard.com",,"{""Length"": ""1', 2', 3', 4', 5', 6'""}",TEG-bbrp-00058,15.48,"{""attribute_length"": ""3'""}"
Muntin Bars(100),7/8″ Wood Divided Lite Muntin,https://truthentrygard.com/product/7-8-wood-divided-lite-muntin/,TEG-bbrp-00058,$ 5.16 – $ 30.97 Price range: $5.16 through $30.97,"**For questions or concerns, please contact info@truthentrygard.com",,"{""Length"": ""1', 2', 3', 4', 5', 6'""}",TEG-bbrp-00058,20.65,"{""attribute_length"": ""4'""}"
Muntin Bars(100),7/8″ Wood Divided Lite Muntin,https://truthentrygard.com/product/7-8-wood-divided-lite-muntin/,TEG-bbrp-00058,$ 5.16 – $ 30.97 Price range: $5.16 through $30.97,"**For questions or concerns, please contact info@truthentrygard.com",,"{""Length"": ""1', 2', 3', 4', 5', 6'""}",TEG-bbrp-00058,25.81,"{""attribute_length"": ""5'""}"
Muntin Bars(100),7/8″ Wood Divided Lite Muntin,https://truthentrygard.com/product/7-8-wood-divided-lite-muntin/,TEG-bbrp-00058,$ 5.16 – $ 30.97 Price range: $5.16 through $30.97,"**For questions or concerns, please contact info@truthentrygard.com",,"{""Length"": ""1', 2', 3', 4', 5', 6'""}",TEG-bbrp-00058,30.97,"{""attribute_length"": ""6'""}"
Muntin Bars(100),Anderson Andersen Window Door Replacement Hardware Parts Free ID Help,https://truthentrygard.com/product/anderson-andersen-window-door-replacement-hardware-parts-free-id-help/,TEG- 2573517 1274104,$ 16.92,,,{},,,
Muntin Bars(100),Ashland Dual Arm Casement Window Operator Components,https://truthentrygard.com/product/ashland-dual-arm-casement-window-operator-components/,TEG-OT-565SS,$ 80.88,Got Questions? Not sure what you need? Feel free to email: info@truthentrygard.com NOT SURE WHAT YOU NEED?!? EMAIL PICTURES AND WE WILL GET YOU TAKEN CARE OF!,,"{""Handing"": ""Left, Right""}",TEG-OT-565SS,80.88,"{""attribute_pa_handing"": ""left""}"
Muntin Bars(100),Ashland Dual Arm Casement Window Operator Components,https://truthentrygard.com/product/ashland-dual-arm-casement-window-operator-components/,TEG-OT-565SS,$ 80.88,Got Questions? Not sure what you need? Feel free to email: info@truthentrygard.com NOT SURE WHAT YOU NEED?!? EMAIL PICTURES AND WE WILL GET YOU TAKEN CARE OF!,,"{""Handing"": ""Left, Right""}",TEG-OT-565SS,80.88,"{""attribute_pa_handing"": ""right""}"
Muntin Bars(100),Awning Window Operator Parts | 29168 AWNING UNIT ASSEMBLY 28.75″,https://truthentrygard.com/product/awning-window-operator-parts-29168-awning-unit-assembly-28-75/,TEG-29-168,$ 207.91,"For questions or concerns, please contact info@truthentrygard.com",,{},,,
Muntin Bars(100),CAM SASH LOCK | ENTRYGARD | TRUTH HARDWARE,https://truthentrygard.com/product/cam-sash-lock-entrygard/,TEG-,$ 32.22,GOT QUESTIONS?! Contact us at info@truthentrygard.com,,"{""Color"": ""Bronze, White""}",TEG-,32.22,"{""attribute_pa_color"": ""bronze""}"
Muntin Bars(100),CAM SASH LOCK | ENTRYGARD | TRUTH HARDWARE,https://truthentrygard.com/product/cam-sash-lock-entrygard/,TEG-,$ 32.22,GOT QUESTIONS?! Contact us at info@truthentrygard.com,,"{""Color"": ""Bronze, White""}",TEG-,32.22,"{""attribute_pa_color"": ""white""}"
Muntin Bars(100),CARADCO CONTOUR HANDLE AND COVER,https://truthentrygard.com/product/caradco-contour-handle-and-cover/,PEOFP-HC-2,$ 28.88 – $ 32.88 Price range: $28.88 through $32.88,GOT QUESTIONS?! Contact us at info@truthentrygard.com,,"{""Color"": ""Beige, Black, Bronze, Chestnut Bronze, Clay, Coppertone, Gold, Satin Taupe, White""}",PEOFP-HC-2,28.88,"{""attribute_pa_color"": ""beige""}"
Muntin Bars(100),CARADCO CONTOUR HANDLE AND COVER,https://truthentrygard.com/product/caradco-contour-handle-and-cover/,PEOFP-HC-2,$ 28.88 – $ 32.88 Price range: $28.88 through $32.88,GOT QUESTIONS?! Contact us at info@truthentrygard.com,,"{""Color"": ""Beige, Black, Bronze, Chestnut Bronze, Clay, Coppertone, Gold, Satin Taupe, White""}",PEOFP-HC-2,28.88,"{""attribute_pa_color"": ""black""}"
Muntin Bars(100),CARADCO CONTOUR HANDLE AND COVER,https://truthentrygard.com/product/caradco-contour-handle-and-cover/,PEOFP-HC-2,$ 28.88 – $ 32.88 Price range: $28.88 through $32.88,GOT QUESTIONS?! Contact us at info@truthentrygard.com,,"{""Color"": ""Beige, Black, Bronze, Chestnut Bronze, Clay, Coppertone, Gold, Satin Taupe, White""}",PEOFP-HC-2,28.88,"{""attribute_pa_color"": ""chestnut-bronze""}"
Muntin Bars(100),CARADCO CONTOUR HANDLE AND COVER,https://truthentrygard.com/product/caradco-contour-handle-and-cover/,PEOFP-HC-2,$ 28.88 – $ 32.88 Price range: $28.88 through $32.88,GOT QUESTIONS?! Contact us at info@truthentrygard.com,,"{""Color"": ""Beige, Black, Bronze, Chestnut Bronze, Clay, Coppertone, Gold, Satin Taupe, White""}",PEOFP-HC-2,28.88,"{""attribute_pa_color"": ""clay""}"
Muntin Bars(100),CARADCO CONTOUR HANDLE AND COVER,https://truthentrygard.com/product/caradco-contour-handle-and-cover/,PEOFP-HC-2,$ 28.88 – $ 32.88 Price range: $28.88 through $32.88,GOT QUESTIONS?! Contact us at info@truthentrygard.com,,"{""Color"": ""Beige, Black, Bronze, Chestnut Bronze, Clay, Coppertone, Gold, Satin Taupe, White""}",PEOFP-HC-2,29.88,"{""attribute_pa_color"": ""coppertone""}"
Muntin Bars(100),CARADCO CONTOUR HANDLE AND COVER,https://truthentrygard.com/product/caradco-contour-handle-and-cover/,PEOFP-HC-2,$ 28.88 – $ 32.88 Price range: $28.88 through $32.88,GOT QUESTIONS?! Contact us at info@truthentrygard.com,,"{""Color"": ""Beige, Black, Bronze, Chestnut Bronze, Clay, Coppertone, Gold, Satin Taupe, White""}",PEOFP-HC-2,32.88,"{""attribute_pa_color"": ""gold""}"
Muntin Bars(100),CARADCO CONTOUR HANDLE AND COVER,https://truthentrygard.com/product/caradco-contour-handle-and-cover/,PEOFP-HC-2,$ 28.88 – $ 32.88 Price range: $28.88 through $32.88,GOT QUESTIONS?! Contact us at info@truthentrygard.com,,"{""Color"": ""Beige, Black, Bronze, Chestnut Bronze, Clay, Coppertone, Gold, Satin Taupe, White""}",PEOFP-HC-2,28.88,"{""attribute_pa_color"": ""bronze""}"
Muntin Bars(100),CARADCO CONTOUR HANDLE AND COVER,https://truthentrygard.com/product/caradco-contour-handle-and-cover/,PEOFP-HC-2,$ 28.88 – $ 32.88 Price range: $28.88 through $32.88,GOT QUESTIONS?! Contact us at info@truthentrygard.com,,"{""Color"": ""Beige, Black, Bronze, Chestnut Bronze, Clay, Coppertone, Gold, Satin Taupe, White""}",PEOFP-HC-2,28.88,"{""attribute_pa_color"": ""satin-taupe""}"
Muntin Bars(100),CARADCO CONTOUR HANDLE AND COVER,https://truthentrygard.com/product/caradco-contour-handle-and-cover/,PEOFP-HC-2,$ 28.88 – $ 32.88 Price range: $28.88 through $32.88,GOT QUESTIONS?! Contact us at info@truthentrygard.com,,"{""Color"": ""Beige, Black, Bronze, Chestnut Bronze, Clay, Coppertone, Gold, Satin Taupe, White""}",PEOFP-HC-2,28.88,"{""attribute_pa_color"": ""white""}"
Muntin Bars(100),"Casement & Awning Window Replacement Parts | Operators, Cranks, Handles | Norco NorClad Jeld-Wen, Pozzi and Others",https://truthentrygard.com/product/casement-awning-window-replacement-parts-operators-cranks-handles-norco-norclad-jeld-wen-pozzi-and-others/,All Window Door Parts Group USA,$ 130.27,,,{},,,
Muntin Bars(100),Casement and Awning Window Styles – Narrow Sash Leaf Seals | Beige Tan | Home Owner Contractor Packs Available,https://truthentrygard.com/product/casement-and-awning-window-styles-narrow-sash-leaf-seals-beige-tan-home-owner-contractor-packs-available/,TEG-bbrp-00025,$ 37.51,"For questions or concerns, please contact info@truthentrygard.com",,{},,,
Muntin Bars(100),Casement Awning Window Parts | Foam Seal Weatherstrip,https://truthentrygard.com/product/casement-awning-window-parts-foam-seal-weatherstrip/,TOOLP-WHT,"$ 1,063.22",HAVE QUESTIONS??? CONTACT INFO@TRUTHENTRYGARD.COM,,{},,,
Muntin Bars(100),Casement Window Complete Weather Strip Seal Kit #1672,https://truthentrygard.com/product/casement-window-complete-weather-strip-seal-kit-1672/,TEG-bbrp-SPK1672,$ 124.17,"For questions or concerns, please contact info@truthentrygard.com",,{},,,
Glazing Bead(100),.300 Kerf Insert Weather-Strip Seal,https://truthentrygard.com/product/300-kerf-insert-weather-strip-seal/,TEG-LPB-713.,$ 0.00,Got Questions? Not sure what you need? Feel free to email: info@truthentrygard.com NOT SURE WHAT YOU NEED?!? EMAIL PICTURES AND WE WILL GET YOU TAKEN CARE OF!,,{},,,
Glazing Bead(100),1 3/8″ Aluminum Divided Lite Muntin Bar with Tape,https://truthentrygard.com/product/1-3-8-aluminum-divided-lite-muntin-bar-with-tape/,TEG-bbrp-00055,$ 23.88,"**For questions or concerns, please contact info@truthentrygard.com",,"{""Length"": ""1', 2', 3', 4', 5', 6'"", ""Color"": ""White, Dark Bronze, Sandstone""}",TEG-bbrp-00055,23.88,"{""attribute_length"": ""1'"", ""attribute_color"": ""White""}"
Glazing Bead(100),1 3/8″ Aluminum Divided Lite Muntin Bar with Tape,https://truthentrygard.com/product/1-3-8-aluminum-divided-lite-muntin-bar-with-tape/,TEG-bbrp-00055,$ 23.88,"**For questions or concerns, please contact info@truthentrygard.com",,"{""Length"": ""1', 2', 3', 4', 5', 6'"", ""Color"": ""White, Dark Bronze, Sandstone""}",TEG-bbrp-00055,23.88,"{""attribute_length"": ""1'"", ""attribute_color"": ""Dark Bronze""}"
Glazing Bead(100),1 3/8″ Aluminum Divided Lite Muntin Bar with Tape,https://truthentrygard.com/product/1-3-8-aluminum-divided-lite-muntin-bar-with-tape/,TEG-bbrp-00055,$ 23.88,"**For questions or concerns, please contact info@truthentrygard.com",,"{""Length"": ""1', 2', 3', 4', 5', 6'"", ""Color"": ""White, Dark Bronze, Sandstone""}",TEG-bbrp-00055,23.88,"{""attribute_length"": ""1'"", ""attribute_color"": ""Sandstone""}"
Glazing Bead(100),1 3/8″ Aluminum Divided Lite Muntin Bar with Tape,https://truthentrygard.com/product/1-3-8-aluminum-divided-lite-muntin-bar-with-tape/,TEG-bbrp-00055,$ 23.88,"**For questions or concerns, please contact info@truthentrygard.com",,"{""Length"": ""1', 2', 3', 4', 5', 6'"", ""Color"": ""White, Dark Bronze, Sandstone""}",TEG-bbrp-00055,23.88,"{""attribute_length"": ""2'"", ""attribute_color"": ""White""}"
Glazing Bead(100),1 3/8″ Aluminum Divided Lite Muntin Bar with Tape,https://truthentrygard.com/product/1-3-8-aluminum-divided-lite-muntin-bar-with-tape/,TEG-bbrp-00055,$ 23.88,"**For questions or concerns, please contact info@truthentrygard.com",,"{""Length"": ""1', 2', 3', 4', 5', 6'"", ""Color"": ""White, Dark Bronze, Sandstone""}",TEG-bbrp-00055,23.88,"{""attribute_length"": ""2'"", ""attribute_color"": ""Dark Bronze""}"
Glazing Bead(100),1 3/8″ Aluminum Divided Lite Muntin Bar with Tape,https://truthentrygard.com/product/1-3-8-aluminum-divided-lite-muntin-bar-with-tape/,TEG-bbrp-00055,$ 23.88,"**For questions or concerns, please contact info@truthentrygard.com",,"{""Length"": ""1', 2', 3', 4', 5', 6'"", ""Color"": ""White, Dark Bronze, Sandstone""}",TEG-bbrp-00055,23.88,"{""attribute_length"": ""2'"", ""attribute_color"": ""Sandstone""}"
Glazing Bead(100),1 3/8″ Aluminum Divided Lite Muntin Bar with Tape,https://truthentrygard.com/product/1-3-8-aluminum-divided-lite-muntin-bar-with-tape/,TEG-bbrp-00055,$ 23.88,"**For questions or concerns, please contact info@truthentrygard.com",,"{""Length"": ""1', 2', 3', 4', 5', 6'"", ""Color"": ""White, Dark Bronze, Sandstone""}",TEG-bbrp-00055,23.88,"{""attribute_length"": ""3'"", ""attribute_color"": ""White""}"
Glazing Bead(100),1 3/8″ Aluminum Divided Lite Muntin Bar with Tape,https://truthentrygard.com/product/1-3-8-aluminum-divided-lite-muntin-bar-with-tape/,TEG-bbrp-00055,$ 23.88,"**For questions or concerns, please contact info@truthentrygard.com",,"{""Length"": ""1', 2', 3', 4', 5', 6'"", ""Color"": ""White, Dark Bronze, Sandstone""}",TEG-bbrp-00055,23.88,"{""attribute_length"": ""3'"", ""attribute_color"": ""Dark Bronze""}"
Glazing Bead(100),1 3/8″ Aluminum Divided Lite Muntin Bar with Tape,https://truthentrygard.com/product/1-3-8-aluminum-divided-lite-muntin-bar-with-tape/,TEG-bbrp-00055,$ 23.88,"**For questions or concerns, please contact info@truthentrygard.com",,"{""Length"": ""1', 2', 3', 4', 5', 6'"", ""Color"": ""White, Dark Bronze, Sandstone""}",TEG-bbrp-00055,23.88,"{""attribute_length"": ""3'"", ""attribute_color"": ""Sandstone""}"
Glazing Bead(100),1 3/8″ Aluminum Divided Lite Muntin Bar with Tape,https://truthentrygard.com/product/1-3-8-aluminum-divided-lite-muntin-bar-with-tape/,TEG-bbrp-00055,$ 23.88,"**For questions or concerns, please contact info@truthentrygard.com",,"{""Length"": ""1', 2', 3', 4', 5', 6'"", ""Color"": ""White, Dark Bronze, Sandstone""}",TEG-bbrp-00055,23.88,"{""attribute_length"": ""4'"", ""attribute_color"": ""White""}"
Glazing Bead(100),1 3/8″ Aluminum Divided Lite Muntin Bar with Tape,https://truthentrygard.com/product/1-3-8-aluminum-divided-lite-muntin-bar-with-tape/,TEG-bbrp-00055,$ 23.88,"**For questions or concerns, please contact info@truthentrygard.com",,"{""Length"": ""1', 2', 3', 4', 5', 6'"", ""Color"": ""White, Dark Bronze, Sandstone""}",TEG-bbrp-00055,23.88,"{""attribute_length"": ""4'"", ""attribute_color"": ""Dark Bronze""}"
Glazing Bead(100),1 3/8″ Aluminum Divided Lite Muntin Bar with Tape,https://truthentrygard.com/product/1-3-8-aluminum-divided-lite-muntin-bar-with-tape/,TEG-bbrp-00055,$ 23.88,"**For questions or concerns, please contact info@truthentrygard.com",,"{""Length"": ""1', 2', 3', 4', 5', 6'"", ""Color"": ""White, Dark Bronze, Sandstone""}",TEG-bbrp-00055,23.88,"{""attribute_length"": ""4'"", ""attribute_color"": ""Sandstone""}"
Glazing Bead(100),1 3/8″ Aluminum Divided Lite Muntin Bar with Tape,https://truthentrygard.com/product/1-3-8-aluminum-divided-lite-muntin-bar-with-tape/,TEG-bbrp-00055,$ 23.88,"**For questions or concerns, please contact info@truthentrygard.com",,"{""Length"": ""1', 2', 3', 4', 5', 6'"", ""Color"": ""White, Dark Bronze, Sandstone""}",TEG-bbrp-00055,23.88,"{""attribute_length"": ""5'"", ""attribute_color"": ""White""}"
Glazing Bead(100),1 3/8″ Aluminum Divided Lite Muntin Bar with Tape,https://truthentrygard.com/product/1-3-8-aluminum-divided-lite-muntin-bar-with-tape/,TEG-bbrp-00055,$ 23.88,"**For questions or concerns, please contact info@truthentrygard.com",,"{""Length"": ""1', 2', 3', 4', 5', 6'"", ""Color"": ""White, Dark Bronze, Sandstone""}",TEG-bbrp-00055,23.88,"{""attribute_length"": ""5'"", ""attribute_color"": ""Dark Bronze""}"
Glazing Bead(100),1 3/8″ Aluminum Divided Lite Muntin Bar with Tape,https://truthentrygard.com/product/1-3-8-aluminum-divided-lite-muntin-bar-with-tape/,TEG-bbrp-00055,$ 23.88,"**For questions or concerns, please contact info@truthentrygard.com",,"{""Length"": ""1', 2', 3', 4', 5', 6'"", ""Color"": ""White, Dark Bronze, Sandstone""}",TEG-bbrp-00055,23.88,"{""attribute_length"": ""5'"", ""attribute_color"": ""Sandstone""}"
Glazing Bead(100),1 3/8″ Aluminum Divided Lite Muntin Bar with Tape,https://truthentrygard.com/product/1-3-8-aluminum-divided-lite-muntin-bar-with-tape/,TEG-bbrp-00055,$ 23.88,"**For questions or concerns, please contact info@truthentrygard.com",,"{""Length"": ""1', 2', 3', 4', 5', 6'"", ""Color"": ""White, Dark Bronze, Sandstone""}",TEG-bbrp-00055,23.88,"{""attribute_length"": ""6'"", ""attribute_color"": ""White""}"
Glazing Bead(100),1 3/8″ Aluminum Divided Lite Muntin Bar with Tape,https://truthentrygard.com/product/1-3-8-aluminum-divided-lite-muntin-bar-with-tape/,TEG-bbrp-00055,$ 23.88,"**For questions or concerns, please contact info@truthentrygard.com",,"{""Length"": ""1', 2', 3', 4', 5', 6'"", ""Color"": ""White, Dark Bronze, Sandstone""}",TEG-bbrp-00055,23.88,"{""attribute_length"": ""6'"", ""attribute_color"": ""Dark Bronze""}"
Glazing Bead(100),1 3/8″ Aluminum Divided Lite Muntin Bar with Tape,https://truthentrygard.com/product/1-3-8-aluminum-divided-lite-muntin-bar-with-tape/,TEG-bbrp-00055,$ 23.88,"**For questions or concerns, please contact info@truthentrygard.com",,"{""Length"": ""1', 2', 3', 4', 5', 6'"", ""Color"": ""White, Dark Bronze, Sandstone""}",TEG-bbrp-00055,23.88,"{""attribute_length"": ""6'"", ""attribute_color"": ""Sandstone""}"
Glazing Bead(100),1 3/8″ Wood Divided Lite Muntin Bar with Tape,https://truthentrygard.com/product/1-3-8-wood-divided-lite-muntin-bar-with-tape/,TEG-bbrp-00054,$ 5.95 – $ 35.71 Price range: $5.95 through $35.71,"**For questions or concerns, please contact info@truthentrygard.com",,"{""Length"": ""1', 2', 3', 4', 5', 6'""}",TEG-bbrp-00054,5.95,"{""attribute_length"": ""1'""}"
Glazing Bead(100),1 3/8″ Wood Divided Lite Muntin Bar with Tape,https://truthentrygard.com/product/1-3-8-wood-divided-lite-muntin-bar-with-tape/,TEG-bbrp-00054,$ 5.95 – $ 35.71 Price range: $5.95 through $35.71,"**For questions or concerns, please contact info@truthentrygard.com",,"{""Length"": ""1', 2', 3', 4', 5', 6'""}",TEG-bbrp-00054,11.9,"{""attribute_length"": ""2'""}"
Glazing Bead(100),1 3/8″ Wood Divided Lite Muntin Bar with Tape,https://truthentrygard.com/product/1-3-8-wood-divided-lite-muntin-bar-with-tape/,TEG-bbrp-00054,$ 5.95 – $ 35.71 Price range: $5.95 through $35.71,"**For questions or concerns, please contact info@truthentrygard.com",,"{""Length"": ""1', 2', 3', 4', 5', 6'""}",TEG-bbrp-00054,17.85,"{""attribute_length"": ""3'""}"
Glazing Bead(100),1 3/8″ Wood Divided Lite Muntin Bar with Tape,https://truthentrygard.com/product/1-3-8-wood-divided-lite-muntin-bar-with-tape/,TEG-bbrp-00054,$ 5.95 – $ 35.71 Price range: $5.95 through $35.71,"**For questions or concerns, please contact info@truthentrygard.com",,"{""Length"": ""1', 2', 3', 4', 5', 6'""}",TEG-bbrp-00054,23.81,"{""attribute_length"": ""4'""}"
Glazing Bead(100),1 3/8″ Wood Divided Lite Muntin Bar with Tape,https://truthentrygard.com/product/1-3-8-wood-divided-lite-muntin-bar-with-tape/,TEG-bbrp-00054,$ 5.95 – $ 35.71 Price range: $5.95 through $35.71,"**For questions or concerns, please contact info@truthentrygard.com",,"{""Length"": ""1', 2', 3', 4', 5', 6'""}",TEG-bbrp-00054,29.75,"{""attribute_length"": ""5'""}"
Glazing Bead(100),1 3/8″ Wood Divided Lite Muntin Bar with Tape,https://truthentrygard.com/product/1-3-8-wood-divided-lite-muntin-bar-with-tape/,TEG-bbrp-00054,$ 5.95 – $ 35.71 Price range: $5.95 through $35.71,"**For questions or concerns, please contact info@truthentrygard.com",,"{""Length"": ""1', 2', 3', 4', 5', 6'""}",TEG-bbrp-00054,35.71,"{""attribute_length"": ""6'""}"
Glazing Bead(100),1″ Aluminum Divided Lite Muntin Bar with Tape,https://truthentrygard.com/product/1-aluminum-divided-lite-muntin-bar-with-tape/,TEG-bbrp-00056,$ 17.66 – $ 99.29 Price range: $17.66 through $99.29,,,"{""Length"": ""1', 2', 3', 4', 5', 6'"", ""Color"": ""White, Dark Bronze, Sandstone""}",TEG-bbrp-00056,17.66,"{""attribute_length"": ""1'"", ""attribute_color"": ""White""}"
Glazing Bead(100),1″ Aluminum Divided Lite Muntin Bar with Tape,https://truthentrygard.com/product/1-aluminum-divided-lite-muntin-bar-with-tape/,TEG-bbrp-00056,$ 17.66 – $ 99.29 Price range: $17.66 through $99.29,,,"{""Length"": ""1', 2', 3', 4', 5', 6'"", ""Color"": ""White, Dark Bronze, Sandstone""}",TEG-bbrp-00056,17.66,"{""attribute_length"": ""1'"", ""attribute_color"": ""Dark Bronze""}"
Glazing Bead(100),1″ Aluminum Divided Lite Muntin Bar with Tape,https://truthentrygard.com/product/1-aluminum-divided-lite-muntin-bar-with-tape/,TEG-bbrp-00056,$ 17.66 – $ 99.29 Price range: $17.66 through $99.29,,,"{""Length"": ""1', 2', 3', 4', 5', 6'"", ""Color"": ""White, Dark Bronze, Sandstone""}",TEG-bbrp-00056,17.66,"{""attribute_length"": ""1'"", ""attribute_color"": ""Sandstone""}"
Glazing Bead(100),1″ Aluminum Divided Lite Muntin Bar with Tape,https://truthentrygard.com/product/1-aluminum-divided-lite-muntin-bar-with-tape/,TEG-bbrp-00056,$ 17.66 – $ 99.29 Price range: $17.66 through $99.29,,,"{""Length"": ""1', 2', 3', 4', 5', 6'"", ""Color"": ""White, Dark Bronze, Sandstone""}",TEG-bbrp-00056,33.58,"{""attribute_length"": ""2'"", ""attribute_color"": ""White""}"
Glazing Bead(100),1″ Aluminum Divided Lite Muntin Bar with Tape,https://truthentrygard.com/product/1-aluminum-divided-lite-muntin-bar-with-tape/,TEG-bbrp-00056,$ 17.66 – $ 99.29 Price range: $17.66 through $99.29,,,"{""Length"": ""1', 2', 3', 4', 5', 6'"", ""Color"": ""White, Dark Bronze, Sandstone""}",TEG-bbrp-00056,33.58,"{""attribute_length"": ""2'"", ""attribute_color"": ""Dark Bronze""}"
Glazing Bead(100),1″ Aluminum Divided Lite Muntin Bar with Tape,https://truthentrygard.com/product/1-aluminum-divided-lite-muntin-bar-with-tape/,TEG-bbrp-00056,$ 17.66 – $ 99.29 Price range: $17.66 through $99.29,,,"{""Length"": ""1', 2', 3', 4', 5', 6'"", ""Color"": ""White, Dark Bronze, Sandstone""}",TEG-bbrp-00056,33.58,"{""attribute_length"": ""2'"", ""attribute_color"": ""Sandstone""}"
Glazing Bead(100),1″ Aluminum Divided Lite Muntin Bar with Tape,https://truthentrygard.com/product/1-aluminum-divided-lite-muntin-bar-with-tape/,TEG-bbrp-00056,$ 17.66 – $ 99.29 Price range: $17.66 through $99.29,,,"{""Length"": ""1', 2', 3', 4', 5', 6'"", ""Color"": ""White, Dark Bronze, Sandstone""}",TEG-bbrp-00056,50.79,"{""attribute_length"": ""3'"", ""attribute_color"": ""White""}"
Glazing Bead(100),1″ Aluminum Divided Lite Muntin Bar with Tape,https://truthentrygard.com/product/1-aluminum-divided-lite-muntin-bar-with-tape/,TEG-bbrp-00056,$ 17.66 – $ 99.29 Price range: $17.66 through $99.29,,,"{""Length"": ""1', 2', 3', 4', 5', 6'"", ""Color"": ""White, Dark Bronze, Sandstone""}",TEG-bbrp-00056,50.79,"{""attribute_length"": ""3'"", ""attribute_color"": ""Dark Bronze""}"
Glazing Bead(100),1″ Aluminum Divided Lite Muntin Bar with Tape,https://truthentrygard.com/product/1-aluminum-divided-lite-muntin-bar-with-tape/,TEG-bbrp-00056,$ 17.66 – $ 99.29 Price range: $17.66 through $99.29,,,"{""Length"": ""1', 2', 3', 4', 5', 6'"", ""Color"": ""White, Dark Bronze, Sandstone""}",TEG-bbrp-00056,50.79,"{""attribute_length"": ""3'"", ""attribute_color"": ""Sandstone""}"
Glazing Bead(100),1″ Aluminum Divided Lite Muntin Bar with Tape,https://truthentrygard.com/product/1-aluminum-divided-lite-muntin-bar-with-tape/,TEG-bbrp-00056,$ 17.66 – $ 99.29 Price range: $17.66 through $99.29,,,"{""Length"": ""1', 2', 3', 4', 5', 6'"", ""Color"": ""White, Dark Bronze, Sandstone""}",TEG-bbrp-00056,70.18,"{""attribute_length"": ""4'"", ""attribute_color"": ""White""}"
Glazing Bead(100),1″ Aluminum Divided Lite Muntin Bar with Tape,https://truthentrygard.com/product/1-aluminum-divided-lite-muntin-bar-with-tape/,TEG-bbrp-00056,$ 17.66 – $ 99.29 Price range: $17.66 through $99.29,,,"{""Length"": ""1', 2', 3', 4', 5', 6'"", ""Color"": ""White, Dark Bronze, Sandstone""}",TEG-bbrp-00056,70.18,"{""attribute_length"": ""4'"", ""attribute_color"": ""Dark Bronze""}"
Glazing Bead(100),1″ Aluminum Divided Lite Muntin Bar with Tape,https://truthentrygard.com/product/1-aluminum-divided-lite-muntin-bar-with-tape/,TEG-bbrp-00056,$ 17.66 – $ 99.29 Price range: $17.66 through $99.29,,,"{""Length"": ""1', 2', 3', 4', 5', 6'"", ""Color"": ""White, Dark Bronze, Sandstone""}",TEG-bbrp-00056,70.18,"{""attribute_length"": ""4'"", ""attribute_color"": ""Sandstone""}"
Glazing Bead(100),1″ Aluminum Divided Lite Muntin Bar with Tape,https://truthentrygard.com/product/1-aluminum-divided-lite-muntin-bar-with-tape/,TEG-bbrp-00056,$ 17.66 – $ 99.29 Price range: $17.66 through $99.29,,,"{""Length"": ""1', 2', 3', 4', 5', 6'"", ""Color"": ""White, Dark Bronze, Sandstone""}",TEG-bbrp-00056,88.35,"{""attribute_length"": ""5'"", ""attribute_color"": ""White""}"
Glazing Bead(100),1″ Aluminum Divided Lite Muntin Bar with Tape,https://truthentrygard.com/product/1-aluminum-divided-lite-muntin-bar-with-tape/,TEG-bbrp-00056,$ 17.66 – $ 99.29 Price range: $17.66 through $99.29,,,"{""Length"": ""1', 2', 3', 4', 5', 6'"", ""Color"": ""White, Dark Bronze, Sandstone""}",TEG-bbrp-00056,88.35,"{""attribute_length"": ""5'"", ""attribute_color"": ""Dark Bronze""}"
Glazing Bead(100),1″ Aluminum Divided Lite Muntin Bar with Tape,https://truthentrygard.com/product/1-aluminum-divided-lite-muntin-bar-with-tape/,TEG-bbrp-00056,$ 17.66 – $ 99.29 Price range: $17.66 through $99.29,,,"{""Length"": ""1', 2', 3', 4', 5', 6'"", ""Color"": ""White, Dark Bronze, Sandstone""}",TEG-bbrp-00056,88.35,"{""attribute_length"": ""5'"", ""attribute_color"": ""Sandstone""}"
Glazing Bead(100),1″ Aluminum Divided Lite Muntin Bar with Tape,https://truthentrygard.com/product/1-aluminum-divided-lite-muntin-bar-with-tape/,TEG-bbrp-00056,$ 17.66 – $ 99.29 Price range: $17.66 through $99.29,,,"{""Length"": ""1', 2', 3', 4', 5', 6'"", ""Color"": ""White, Dark Bronze, Sandstone""}",TEG-bbrp-00056,99.29,"{""attribute_length"": ""6'"", ""attribute_color"": ""White""}"
Glazing Bead(100),1″ Aluminum Divided Lite Muntin Bar with Tape,https://truthentrygard.com/product/1-aluminum-divided-lite-muntin-bar-with-tape/,TEG-bbrp-00056,$ 17.66 – $ 99.29 Price range: $17.66 through $99.29,,,"{""Length"": ""1', 2', 3', 4', 5', 6'"", ""Color"": ""White, Dark Bronze, Sandstone""}",TEG-bbrp-00056,99.29,"{""attribute_length"": ""6'"", ""attribute_color"": ""Dark Bronze""}"
Glazing Bead(100),1″ Aluminum Divided Lite Muntin Bar with Tape,https://truthentrygard.com/product/1-aluminum-divided-lite-muntin-bar-with-tape/,TEG-bbrp-00056,$ 17.66 – $ 99.29 Price range: $17.66 through $99.29,,,"{""Length"": ""1', 2', 3', 4', 5', 6'"", ""Color"": ""White, Dark Bronze, Sandstone""}",TEG-bbrp-00056,99.29,"{""attribute_length"": ""6'"", ""attribute_color"": ""Sandstone""}"
Glazing Bead(100),2R Window Limit Device,https://truthentrygard.com/product/2r-window-limit-device/,N/A,$ 135.88,GOT QUESTIONS?! Contact us: info@truthentrygard.com,,"{""Handing"": ""Left, Right""}",,135.88,"{""attribute_handing"": ""Left""}"
Glazing Bead(100),7/8″ Aluminum Divided Lite Muntin Bar with Tape,https://truthentrygard.com/product/7-8-aluminum-divided-lite-muntin-bar-with-tape/,TEG-bbrp-00057,$ 13.99 – $ 78.38 Price range: $13.99 through $78.38,"**For questions or concerns, please contact info@truthentrygard.com",,"{""Length"": ""1', 2', 3', 4', 5', 6'"", ""Color"": ""White, Dark Bronze, Sandstone""}",TEG-bbrp-00057,13.99,"{""attribute_length"": ""1'"", ""attribute_color"": ""White""}"
Glazing Bead(100),7/8″ Aluminum Divided Lite Muntin Bar with Tape,https://truthentrygard.com/product/7-8-aluminum-divided-lite-muntin-bar-with-tape/,TEG-bbrp-00057,$ 13.99 – $ 78.38 Price range: $13.99 through $78.38,"**For questions or concerns, please contact info@truthentrygard.com",,"{""Length"": ""1', 2', 3', 4', 5', 6'"", ""Color"": ""White, Dark Bronze, Sandstone""}",TEG-bbrp-00057,13.99,"{""attribute_length"": ""1'"", ""attribute_color"": ""Dark Bronze""}"
Glazing Bead(100),7/8″ Aluminum Divided Lite Muntin Bar with Tape,https://truthentrygard.com/product/7-8-aluminum-divided-lite-muntin-bar-with-tape/,TEG-bbrp-00057,$ 13.99 – $ 78.38 Price range: $13.99 through $78.38,"**For questions or concerns, please contact info@truthentrygard.com",,"{""Length"": ""1', 2', 3', 4', 5', 6'"", ""Color"": ""White, Dark Bronze, Sandstone""}",TEG-bbrp-00057,13.99,"{""attribute_length"": ""1'"", ""attribute_color"": ""Sandstone""}"
Glazing Bead(100),7/8″ Aluminum Divided Lite Muntin Bar with Tape,https://truthentrygard.com/product/7-8-aluminum-divided-lite-muntin-bar-with-tape/,TEG-bbrp-00057,$ 13.99 – $ 78.38 Price range: $13.99 through $78.38,"**For questions or concerns, please contact info@truthentrygard.com",,"{""Length"": ""1', 2', 3', 4', 5', 6'"", ""Color"": ""White, Dark Bronze, Sandstone""}",TEG-bbrp-00057,28.55,"{""attribute_length"": ""2'"", ""attribute_color"": ""White""}"
Glazing Bead(100),7/8″ Aluminum Divided Lite Muntin Bar with Tape,https://truthentrygard.com/product/7-8-aluminum-divided-lite-muntin-bar-with-tape/,TEG-bbrp-00057,$ 13.99 – $ 78.38 Price range: $13.99 through $78.38,"**For questions or concerns, please contact info@truthentrygard.com",,"{""Length"": ""1', 2', 3', 4', 5', 6'"", ""Color"": ""White, Dark Bronze, Sandstone""}",TEG-bbrp-00057,28.55,"{""attribute_length"": ""2'"", ""attribute_color"": ""Dark Bronze""}"
Glazing Bead(100),7/8″ Aluminum Divided Lite Muntin Bar with Tape,https://truthentrygard.com/product/7-8-aluminum-divided-lite-muntin-bar-with-tape/,TEG-bbrp-00057,$ 13.99 – $ 78.38 Price range: $13.99 through $78.38,"**For questions or concerns, please contact info@truthentrygard.com",,"{""Length"": ""1', 2', 3', 4', 5', 6'"", ""Color"": ""White, Dark Bronze, Sandstone""}",TEG-bbrp-00057,28.55,"{""attribute_length"": ""2'"", ""attribute_color"": ""Sandstone""}"
Glazing Bead(100),7/8″ Aluminum Divided Lite Muntin Bar with Tape,https://truthentrygard.com/product/7-8-aluminum-divided-lite-muntin-bar-with-tape/,TEG-bbrp-00057,$ 13.99 – $ 78.38 Price range: $13.99 through $78.38,"**For questions or concerns, please contact info@truthentrygard.com",,"{""Length"": ""1', 2', 3', 4', 5', 6'"", ""Color"": ""White, Dark Bronze, Sandstone""}",TEG-bbrp-00057,45.44,"{""attribute_length"": ""3'"", ""attribute_color"": ""White""}"
Glazing Bead(100),7/8″ Aluminum Divided Lite Muntin Bar with Tape,https://truthentrygard.com/product/7-8-aluminum-divided-lite-muntin-bar-with-tape/,TEG-bbrp-00057,$ 13.99 – $ 78.38 Price range: $13.99 through $78.38,"**For questions or concerns, please contact info@truthentrygard.com",,"{""Length"": ""1', 2', 3', 4', 5', 6'"", ""Color"": ""White, Dark Bronze, Sandstone""}",TEG-bbrp-00057,45.44,"{""attribute_length"": ""3'"", ""attribute_color"": ""Dark Bronze""}"
Glazing Bead(100),7/8″ Aluminum Divided Lite Muntin Bar with Tape,https://truthentrygard.com/product/7-8-aluminum-divided-lite-muntin-bar-with-tape/,TEG-bbrp-00057,$ 13.99 – $ 78.38 Price range: $13.99 through $78.38,"**For questions or concerns, please contact info@truthentrygard.com",,"{""Length"": ""1', 2', 3', 4', 5', 6'"", ""Color"": ""White, Dark Bronze, Sandstone""}",TEG-bbrp-00057,45.44,"{""attribute_length"": ""3'"", ""attribute_color"": ""Sandstone""}"
Glazing Bead(100),7/8″ Aluminum Divided Lite Muntin Bar with Tape,https://truthentrygard.com/product/7-8-aluminum-divided-lite-muntin-bar-with-tape/,TEG-bbrp-00057,$ 13.99 – $ 78.38 Price range: $13.99 through $78.38,"**For questions or concerns, please contact info@truthentrygard.com",,"{""Length"": ""1', 2', 3', 4', 5', 6'"", ""Color"": ""White, Dark Bronze, Sandstone""}",TEG-bbrp-00057,52.22,"{""attribute_length"": ""4'"", ""attribute_color"": ""White""}"
Glazing Bead(100),7/8″ Aluminum Divided Lite Muntin Bar with Tape,https://truthentrygard.com/product/7-8-aluminum-divided-lite-muntin-bar-with-tape/,TEG-bbrp-00057,$ 13.99 – $ 78.38 Price range: $13.99 through $78.38,"**For questions or concerns, please contact info@truthentrygard.com",,"{""Length"": ""1', 2', 3', 4', 5', 6'"", ""Color"": ""White, Dark Bronze, Sandstone""}",TEG-bbrp-00057,52.22,"{""attribute_length"": ""4'"", ""attribute_color"": ""Dark Bronze""}"
Glazing Bead(100),7/8″ Aluminum Divided Lite Muntin Bar with Tape,https://truthentrygard.com/product/7-8-aluminum-divided-lite-muntin-bar-with-tape/,TEG-bbrp-00057,$ 13.99 – $ 78.38 Price range: $13.99 through $78.38,"**For questions or concerns, please contact info@truthentrygard.com",,"{""Length"": ""1', 2', 3', 4', 5', 6'"", ""Color"": ""White, Dark Bronze, Sandstone""}",TEG-bbrp-00057,52.22,"{""attribute_length"": ""4'"", ""attribute_color"": ""Sandstone""}"
Glazing Bead(100),7/8″ Aluminum Divided Lite Muntin Bar with Tape,https://truthentrygard.com/product/7-8-aluminum-divided-lite-muntin-bar-with-tape/,TEG-bbrp-00057,$ 13.99 – $ 78.38 Price range: $13.99 through $78.38,"**For questions or concerns, please contact info@truthentrygard.com",,"{""Length"": ""1', 2', 3', 4', 5', 6'"", ""Color"": ""White, Dark Bronze, Sandstone""}",TEG-bbrp-00057,71.44,"{""attribute_length"": ""5'"", ""attribute_color"": ""White""}"
Glazing Bead(100),7/8″ Aluminum Divided Lite Muntin Bar with Tape,https://truthentrygard.com/product/7-8-aluminum-divided-lite-muntin-bar-with-tape/,TEG-bbrp-00057,$ 13.99 – $ 78.38 Price range: $13.99 through $78.38,"**For questions or concerns, please contact info@truthentrygard.com",,"{""Length"": ""1', 2', 3', 4', 5', 6'"", ""Color"": ""White, Dark Bronze, Sandstone""}",TEG-bbrp-00057,71.44,"{""attribute_length"": ""5'"", ""attribute_color"": ""Dark Bronze""}"
Glazing Bead(100),7/8″ Aluminum Divided Lite Muntin Bar with Tape,https://truthentrygard.com/product/7-8-aluminum-divided-lite-muntin-bar-with-tape/,TEG-bbrp-00057,$ 13.99 – $ 78.38 Price range: $13.99 through $78.38,"**For questions or concerns, please contact info@truthentrygard.com",,"{""Length"": ""1', 2', 3', 4', 5', 6'"", ""Color"": ""White, Dark Bronze, Sandstone""}",TEG-bbrp-00057,71.44,"{""attribute_length"": ""5'"", ""attribute_color"": ""Sandstone""}"
Glazing Bead(100),7/8″ Aluminum Divided Lite Muntin Bar with Tape,https://truthentrygard.com/product/7-8-aluminum-divided-lite-muntin-bar-with-tape/,TEG-bbrp-00057,$ 13.99 – $ 78.38 Price range: $13.99 through $78.38,"**For questions or concerns, please contact info@truthentrygard.com",,"{""Length"": ""1', 2', 3', 4', 5', 6'"", ""Color"": ""White, Dark Bronze, Sandstone""}",TEG-bbrp-00057,78.38,"{""attribute_length"": ""6'"", ""attribute_color"": ""White""}"
Glazing Bead(100),7/8″ Aluminum Divided Lite Muntin Bar with Tape,https://truthentrygard.com/product/7-8-aluminum-divided-lite-muntin-bar-with-tape/,TEG-bbrp-00057,$ 13.99 – $ 78.38 Price range: $13.99 through $78.38,"**For questions or concerns, please contact info@truthentrygard.com",,"{""Length"": ""1', 2', 3', 4', 5', 6'"", ""Color"": ""White, Dark Bronze, Sandstone""}",TEG-bbrp-00057,78.38,"{""attribute_length"": ""6'"", ""attribute_color"": ""Dark Bronze""}"
Glazing Bead(100),7/8″ Aluminum Divided Lite Muntin Bar with Tape,https://truthentrygard.com/product/7-8-aluminum-divided-lite-muntin-bar-with-tape/,TEG-bbrp-00057,$ 13.99 – $ 78.38 Price range: $13.99 through $78.38,"**For questions or concerns, please contact info@truthentrygard.com",,"{""Length"": ""1', 2', 3', 4', 5', 6'"", ""Color"": ""White, Dark Bronze, Sandstone""}",TEG-bbrp-00057,78.38,"{""attribute_length"": ""6'"", ""attribute_color"": ""Sandstone""}"
Glazing Bead(100),7/8″ Wood Divided Lite Muntin,https://truthentrygard.com/product/7-8-wood-divided-lite-muntin/,TEG-bbrp-00058,$ 5.16 – $ 30.97 Price range: $5.16 through $30.97,"**For questions or concerns, please contact info@truthentrygard.com",,"{""Length"": ""1', 2', 3', 4', 5', 6'""}",TEG-bbrp-00058,5.16,"{""attribute_length"": ""1'""}"
Glazing Bead(100),7/8″ Wood Divided Lite Muntin,https://truthentrygard.com/product/7-8-wood-divided-lite-muntin/,TEG-bbrp-00058,$ 5.16 – $ 30.97 Price range: $5.16 through $30.97,"**For questions or concerns, please contact info@truthentrygard.com",,"{""Length"": ""1', 2', 3', 4', 5', 6'""}",TEG-bbrp-00058,10.33,"{""attribute_length"": ""2'""}"
Glazing Bead(100),7/8″ Wood Divided Lite Muntin,https://truthentrygard.com/product/7-8-wood-divided-lite-muntin/,TEG-bbrp-00058,$ 5.16 – $ 30.97 Price range: $5.16 through $30.97,"**For questions or concerns, please contact info@truthentrygard.com",,"{""Length"": ""1', 2', 3', 4', 5', 6'""}",TEG-bbrp-00058,15.48,"{""attribute_length"": ""3'""}"
Glazing Bead(100),7/8″ Wood Divided Lite Muntin,https://truthentrygard.com/product/7-8-wood-divided-lite-muntin/,TEG-bbrp-00058,$ 5.16 – $ 30.97 Price range: $5.16 through $30.97,"**For questions or concerns, please contact info@truthentrygard.com",,"{""Length"": ""1', 2', 3', 4', 5', 6'""}",TEG-bbrp-00058,20.65,"{""attribute_length"": ""4'""}"
Glazing Bead(100),7/8″ Wood Divided Lite Muntin,https://truthentrygard.com/product/7-8-wood-divided-lite-muntin/,TEG-bbrp-00058,$ 5.16 – $ 30.97 Price range: $5.16 through $30.97,"**For questions or concerns, please contact info@truthentrygard.com",,"{""Length"": ""1', 2', 3', 4', 5', 6'""}",TEG-bbrp-00058,25.81,"{""attribute_length"": ""5'""}"
Glazing Bead(100),7/8″ Wood Divided Lite Muntin,https://truthentrygard.com/product/7-8-wood-divided-lite-muntin/,TEG-bbrp-00058,$ 5.16 – $ 30.97 Price range: $5.16 through $30.97,"**For questions or concerns, please contact info@truthentrygard.com",,"{""Length"": ""1', 2', 3', 4', 5', 6'""}",TEG-bbrp-00058,30.97,"{""attribute_length"": ""6'""}"
Glazing Bead(100),Anderson Andersen Window Door Replacement Hardware Parts Free ID Help,https://truthentrygard.com/product/anderson-andersen-window-door-replacement-hardware-parts-free-id-help/,TEG- 2573517 1274104,$ 16.92,,,{},,,
Glazing Bead(100),Ashland Dual Arm Casement Window Operator Components,https://truthentrygard.com/product/ashland-dual-arm-casement-window-operator-components/,TEG-OT-565SS,$ 80.88,Got Questions? Not sure what you need? Feel free to email: info@truthentrygard.com NOT SURE WHAT YOU NEED?!? EMAIL PICTURES AND WE WILL GET YOU TAKEN CARE OF!,,"{""Handing"": ""Left, Right""}",TEG-OT-565SS,80.88,"{""attribute_pa_handing"": ""left""}"
Glazing Bead(100),Ashland Dual Arm Casement Window Operator Components,https://truthentrygard.com/product/ashland-dual-arm-casement-window-operator-components/,TEG-OT-565SS,$ 80.88,Got Questions? Not sure what you need? Feel free to email: info@truthentrygard.com NOT SURE WHAT YOU NEED?!? EMAIL PICTURES AND WE WILL GET YOU TAKEN CARE OF!,,"{""Handing"": ""Left, Right""}",TEG-OT-565SS,80.88,"{""attribute_pa_handing"": ""right""}"
Glazing Bead(100),Awning Window Operator Parts | 29168 AWNING UNIT ASSEMBLY 28.75″,https://truthentrygard.com/product/awning-window-operator-parts-29168-awning-unit-assembly-28-75/,TEG-29-168,$ 207.91,"For questions or concerns, please contact info@truthentrygard.com",,{},,,
Glazing Bead(100),CAM SASH LOCK | ENTRYGARD | TRUTH HARDWARE,https://truthentrygard.com/product/cam-sash-lock-entrygard/,TEG-,$ 32.22,GOT QUESTIONS?! Contact us at info@truthentrygard.com,,"{""Color"": ""Bronze, White""}",TEG-,32.22,"{""attribute_pa_color"": ""bronze""}"
Glazing Bead(100),CAM SASH LOCK | ENTRYGARD | TRUTH HARDWARE,https://truthentrygard.com/product/cam-sash-lock-entrygard/,TEG-,$ 32.22,GOT QUESTIONS?! Contact us at info@truthentrygard.com,,"{""Color"": ""Bronze, White""}",TEG-,32.22,"{""attribute_pa_color"": ""white""}"
Glazing Bead(100),CARADCO CONTOUR HANDLE AND COVER,https://truthentrygard.com/product/caradco-contour-handle-and-cover/,PEOFP-HC-2,$ 28.88 – $ 32.88 Price range: $28.88 through $32.88,GOT QUESTIONS?! Contact us at info@truthentrygard.com,,"{""Color"": ""Beige, Black, Bronze, Chestnut Bronze, Clay, Coppertone, Gold, Satin Taupe, White""}",PEOFP-HC-2,28.88,"{""attribute_pa_color"": ""beige""}"
Glazing Bead(100),CARADCO CONTOUR HANDLE AND COVER,https://truthentrygard.com/product/caradco-contour-handle-and-cover/,PEOFP-HC-2,$ 28.88 – $ 32.88 Price range: $28.88 through $32.88,GOT QUESTIONS?! Contact us at info@truthentrygard.com,,"{""Color"": ""Beige, Black, Bronze, Chestnut Bronze, Clay, Coppertone, Gold, Satin Taupe, White""}",PEOFP-HC-2,28.88,"{""attribute_pa_color"": ""black""}"
Glazing Bead(100),CARADCO CONTOUR HANDLE AND COVER,https://truthentrygard.com/product/caradco-contour-handle-and-cover/,PEOFP-HC-2,$ 28.88 – $ 32.88 Price range: $28.88 through $32.88,GOT QUESTIONS?! Contact us at info@truthentrygard.com,,"{""Color"": ""Beige, Black, Bronze, Chestnut Bronze, Clay, Coppertone, Gold, Satin Taupe, White""}",PEOFP-HC-2,28.88,"{""attribute_pa_color"": ""chestnut-bronze""}"
Glazing Bead(100),CARADCO CONTOUR HANDLE AND COVER,https://truthentrygard.com/product/caradco-contour-handle-and-cover/,PEOFP-HC-2,$ 28.88 – $ 32.88 Price range: $28.88 through $32.88,GOT QUESTIONS?! Contact us at info@truthentrygard.com,,"{""Color"": ""Beige, Black, Bronze, Chestnut Bronze, Clay, Coppertone, Gold, Satin Taupe, White""}",PEOFP-HC-2,28.88,"{""attribute_pa_color"": ""clay""}"
Glazing Bead(100),CARADCO CONTOUR HANDLE AND COVER,https://truthentrygard.com/product/caradco-contour-handle-and-cover/,PEOFP-HC-2,$ 28.88 – $ 32.88 Price range: $28.88 through $32.88,GOT QUESTIONS?! Contact us at info@truthentrygard.com,,"{""Color"": ""Beige, Black, Bronze, Chestnut Bronze, Clay, Coppertone, Gold, Satin Taupe, White""}",PEOFP-HC-2,29.88,"{""attribute_pa_color"": ""coppertone""}"
Glazing Bead(100),CARADCO CONTOUR HANDLE AND COVER,https://truthentrygard.com/product/caradco-contour-handle-and-cover/,PEOFP-HC-2,$ 28.88 – $ 32.88 Price range: $28.88 through $32.88,GOT QUESTIONS?! Contact us at info@truthentrygard.com,,"{""Color"": ""Beige, Black, Bronze, Chestnut Bronze, Clay, Coppertone, Gold, Satin Taupe, White""}",PEOFP-HC-2,32.88,"{""attribute_pa_color"": ""gold""}"
Glazing Bead(100),CARADCO CONTOUR HANDLE AND COVER,https://truthentrygard.com/product/caradco-contour-handle-and-cover/,PEOFP-HC-2,$ 28.88 – $ 32.88 Price range: $28.88 through $32.88,GOT QUESTIONS?! Contact us at info@truthentrygard.com,,"{""Color"": ""Beige, Black, Bronze, Chestnut Bronze, Clay, Coppertone, Gold, Satin Taupe, White""}",PEOFP-HC-2,28.88,"{""attribute_pa_color"": ""bronze""}"
Glazing Bead(100),CARADCO CONTOUR HANDLE AND COVER,https://truthentrygard.com/product/caradco-contour-handle-and-cover/,PEOFP-HC-2,$ 28.88 – $ 32.88 Price range: $28.88 through $32.88,GOT QUESTIONS?! Contact us at info@truthentrygard.com,,"{""Color"": ""Beige, Black, Bronze, Chestnut Bronze, Clay, Coppertone, Gold, Satin Taupe, White""}",PEOFP-HC-2,28.88,"{""attribute_pa_color"": ""satin-taupe""}"
Glazing Bead(100),CARADCO CONTOUR HANDLE AND COVER,https://truthentrygard.com/product/caradco-contour-handle-and-cover/,PEOFP-HC-2,$ 28.88 – $ 32.88 Price range: $28.88 through $32.88,GOT QUESTIONS?! Contact us at info@truthentrygard.com,,"{""Color"": ""Beige, Black, Bronze, Chestnut Bronze, Clay, Coppertone, Gold, Satin Taupe, White""}",PEOFP-HC-2,28.88,"{""attribute_pa_color"": ""white""}"
Glazing Bead(100),"Casement & Awning Window Replacement Parts | Operators, Cranks, Handles | Norco NorClad Jeld-Wen, Pozzi and Others",https://truthentrygard.com/product/casement-awning-window-replacement-parts-operators-cranks-handles-norco-norclad-jeld-wen-pozzi-and-others/,All Window Door Parts Group USA,$ 130.27,,,{},,,
Glazing Bead(100),Casement and Awning Window Styles – Narrow Sash Leaf Seals | Beige Tan | Home Owner Contractor Packs Available,https://truthentrygard.com/product/casement-and-awning-window-styles-narrow-sash-leaf-seals-beige-tan-home-owner-contractor-packs-available/,TEG-bbrp-00025,$ 37.51,"For questions or concerns, please contact info@truthentrygard.com",,{},,,
Glazing Bead(100),Casement Awning Window Parts | Foam Seal Weatherstrip,https://truthentrygard.com/product/casement-awning-window-parts-foam-seal-weatherstrip/,TOOLP-WHT,"$ 1,063.22",HAVE QUESTIONS??? CONTACT INFO@TRUTHENTRYGARD.COM,,{},,,
Glazing Bead(100),Casement Window Complete Weather Strip Seal Kit #1672,https://truthentrygard.com/product/casement-window-complete-weather-strip-seal-kit-1672/,TEG-bbrp-SPK1672,$ 124.17,"For questions or concerns, please contact info@truthentrygard.com",,{},,,
e-Clad Cranks and Handles(105),.300 Kerf Insert Weather-Strip Seal,https://truthentrygard.com/product/300-kerf-insert-weather-strip-seal/,TEG-LPB-713.,$ 0.00,Got Questions? Not sure what you need? Feel free to email: info@truthentrygard.com NOT SURE WHAT YOU NEED?!? EMAIL PICTURES AND WE WILL GET YOU TAKEN CARE OF!,,{},,,
e-Clad Cranks and Handles(105),1 3/8″ Aluminum Divided Lite Muntin Bar with Tape,https://truthentrygard.com/product/1-3-8-aluminum-divided-lite-muntin-bar-with-tape/,TEG-bbrp-00055,$ 23.88,"**For questions or concerns, please contact info@truthentrygard.com",,"{""Length"": ""1', 2', 3', 4', 5', 6'"", ""Color"": ""White, Dark Bronze, Sandstone""}",TEG-bbrp-00055,23.88,"{""attribute_length"": ""1'"", ""attribute_color"": ""White""}"
e-Clad Cranks and Handles(105),1 3/8″ Aluminum Divided Lite Muntin Bar with Tape,https://truthentrygard.com/product/1-3-8-aluminum-divided-lite-muntin-bar-with-tape/,TEG-bbrp-00055,$ 23.88,"**For questions or concerns, please contact info@truthentrygard.com",,"{""Length"": ""1', 2', 3', 4', 5', 6'"", ""Color"": ""White, Dark Bronze, Sandstone""}",TEG-bbrp-00055,23.88,"{""attribute_length"": ""1'"", ""attribute_color"": ""Dark Bronze""}"
e-Clad Cranks and Handles(105),1 3/8″ Aluminum Divided Lite Muntin Bar with Tape,https://truthentrygard.com/product/1-3-8-aluminum-divided-lite-muntin-bar-with-tape/,TEG-bbrp-00055,$ 23.88,"**For questions or concerns, please contact info@truthentrygard.com",,"{""Length"": ""1', 2', 3', 4', 5', 6'"", ""Color"": ""White, Dark Bronze, Sandstone""}",TEG-bbrp-00055,23.88,"{""attribute_length"": ""1'"", ""attribute_color"": ""Sandstone""}"
e-Clad Cranks and Handles(105),1 3/8″ Aluminum Divided Lite Muntin Bar with Tape,https://truthentrygard.com/product/1-3-8-aluminum-divided-lite-muntin-bar-with-tape/,TEG-bbrp-00055,$ 23.88,"**For questions or concerns, please contact info@truthentrygard.com",,"{""Length"": ""1', 2', 3', 4', 5', 6'"", ""Color"": ""White, Dark Bronze, Sandstone""}",TEG-bbrp-00055,23.88,"{""attribute_length"": ""2'"", ""attribute_color"": ""White""}"
e-Clad Cranks and Handles(105),1 3/8″ Aluminum Divided Lite Muntin Bar with Tape,https://truthentrygard.com/product/1-3-8-aluminum-divided-lite-muntin-bar-with-tape/,TEG-bbrp-00055,$ 23.88,"**For questions or concerns, please contact info@truthentrygard.com",,"{""Length"": ""1', 2', 3', 4', 5', 6'"", ""Color"": ""White, Dark Bronze, Sandstone""}",TEG-bbrp-00055,23.88,"{""attribute_length"": ""2'"", ""attribute_color"": ""Dark Bronze""}"
e-Clad Cranks and Handles(105),1 3/8″ Aluminum Divided Lite Muntin Bar with Tape,https://truthentrygard.com/product/1-3-8-aluminum-divided-lite-muntin-bar-with-tape/,TEG-bbrp-00055,$ 23.88,"**For questions or concerns, please contact info@truthentrygard.com",,"{""Length"": ""1', 2', 3', 4', 5', 6'"", ""Color"": ""White, Dark Bronze, Sandstone""}",TEG-bbrp-00055,23.88,"{""attribute_length"": ""2'"", ""attribute_color"": ""Sandstone""}"
e-Clad Cranks and Handles(105),1 3/8″ Aluminum Divided Lite Muntin Bar with Tape,https://truthentrygard.com/product/1-3-8-aluminum-divided-lite-muntin-bar-with-tape/,TEG-bbrp-00055,$ 23.88,"**For questions or concerns, please contact info@truthentrygard.com",,"{""Length"": ""1', 2', 3', 4', 5', 6'"", ""Color"": ""White, Dark Bronze, Sandstone""}",TEG-bbrp-00055,23.88,"{""attribute_length"": ""3'"", ""attribute_color"": ""White""}"
e-Clad Cranks and Handles(105),1 3/8″ Aluminum Divided Lite Muntin Bar with Tape,https://truthentrygard.com/product/1-3-8-aluminum-divided-lite-muntin-bar-with-tape/,TEG-bbrp-00055,$ 23.88,"**For questions or concerns, please contact info@truthentrygard.com",,"{""Length"": ""1', 2', 3', 4', 5', 6'"", ""Color"": ""White, Dark Bronze, Sandstone""}",TEG-bbrp-00055,23.88,"{""attribute_length"": ""3'"", ""attribute_color"": ""Dark Bronze""}"
e-Clad Cranks and Handles(105),1 3/8″ Aluminum Divided Lite Muntin Bar with Tape,https://truthentrygard.com/product/1-3-8-aluminum-divided-lite-muntin-bar-with-tape/,TEG-bbrp-00055,$ 23.88,"**For questions or concerns, please contact info@truthentrygard.com",,"{""Length"": ""1', 2', 3', 4', 5', 6'"", ""Color"": ""White, Dark Bronze, Sandstone""}",TEG-bbrp-00055,23.88,"{""attribute_length"": ""3'"", ""attribute_color"": ""Sandstone""}"
e-Clad Cranks and Handles(105),1 3/8″ Aluminum Divided Lite Muntin Bar with Tape,https://truthentrygard.com/product/1-3-8-aluminum-divided-lite-muntin-bar-with-tape/,TEG-bbrp-00055,$ 23.88,"**For questions or concerns, please contact info@truthentrygard.com",,"{""Length"": ""1', 2', 3', 4', 5', 6'"", ""Color"": ""White, Dark Bronze, Sandstone""}",TEG-bbrp-00055,23.88,"{""attribute_length"": ""4'"", ""attribute_color"": ""White""}"
e-Clad Cranks and Handles(105),1 3/8″ Aluminum Divided Lite Muntin Bar with Tape,https://truthentrygard.com/product/1-3-8-aluminum-divided-lite-muntin-bar-with-tape/,TEG-bbrp-00055,$ 23.88,"**For questions or concerns, please contact info@truthentrygard.com",,"{""Length"": ""1', 2', 3', 4', 5', 6'"", ""Color"": ""White, Dark Bronze, Sandstone""}",TEG-bbrp-00055,23.88,"{""attribute_length"": ""4'"", ""attribute_color"": ""Dark Bronze""}"
e-Clad Cranks and Handles(105),1 3/8″ Aluminum Divided Lite Muntin Bar with Tape,https://truthentrygard.com/product/1-3-8-aluminum-divided-lite-muntin-bar-with-tape/,TEG-bbrp-00055,$ 23.88,"**For questions or concerns, please contact info@truthentrygard.com",,"{""Length"": ""1', 2', 3', 4', 5', 6'"", ""Color"": ""White, Dark Bronze, Sandstone""}",TEG-bbrp-00055,23.88,"{""attribute_length"": ""4'"", ""attribute_color"": ""Sandstone""}"
e-Clad Cranks and Handles(105),1 3/8″ Aluminum Divided Lite Muntin Bar with Tape,https://truthentrygard.com/product/1-3-8-aluminum-divided-lite-muntin-bar-with-tape/,TEG-bbrp-00055,$ 23.88,"**For questions or concerns, please contact info@truthentrygard.com",,"{""Length"": ""1', 2', 3', 4', 5', 6'"", ""Color"": ""White, Dark Bronze, Sandstone""}",TEG-bbrp-00055,23.88,"{""attribute_length"": ""5'"", ""attribute_color"": ""White""}"
e-Clad Cranks and Handles(105),1 3/8″ Aluminum Divided Lite Muntin Bar with Tape,https://truthentrygard.com/product/1-3-8-aluminum-divided-lite-muntin-bar-with-tape/,TEG-bbrp-00055,$ 23.88,"**For questions or concerns, please contact info@truthentrygard.com",,"{""Length"": ""1', 2', 3', 4', 5', 6'"", ""Color"": ""White, Dark Bronze, Sandstone""}",TEG-bbrp-00055,23.88,"{""attribute_length"": ""5'"", ""attribute_color"": ""Dark Bronze""}"
e-Clad Cranks and Handles(105),1 3/8″ Aluminum Divided Lite Muntin Bar with Tape,https://truthentrygard.com/product/1-3-8-aluminum-divided-lite-muntin-bar-with-tape/,TEG-bbrp-00055,$ 23.88,"**For questions or concerns, please contact info@truthentrygard.com",,"{""Length"": ""1', 2', 3', 4', 5', 6'"", ""Color"": ""White, Dark Bronze, Sandstone""}",TEG-bbrp-00055,23.88,"{""attribute_length"": ""5'"", ""attribute_color"": ""Sandstone""}"
e-Clad Cranks and Handles(105),1 3/8″ Aluminum Divided Lite Muntin Bar with Tape,https://truthentrygard.com/product/1-3-8-aluminum-divided-lite-muntin-bar-with-tape/,TEG-bbrp-00055,$ 23.88,"**For questions or concerns, please contact info@truthentrygard.com",,"{""Length"": ""1', 2', 3', 4', 5', 6'"", ""Color"": ""White, Dark Bronze, Sandstone""}",TEG-bbrp-00055,23.88,"{""attribute_length"": ""6'"", ""attribute_color"": ""White""}"
e-Clad Cranks and Handles(105),1 3/8″ Aluminum Divided Lite Muntin Bar with Tape,https://truthentrygard.com/product/1-3-8-aluminum-divided-lite-muntin-bar-with-tape/,TEG-bbrp-00055,$ 23.88,"**For questions or concerns, please contact info@truthentrygard.com",,"{""Length"": ""1', 2', 3', 4', 5', 6'"", ""Color"": ""White, Dark Bronze, Sandstone""}",TEG-bbrp-00055,23.88,"{""attribute_length"": ""6'"", ""attribute_color"": ""Dark Bronze""}"
e-Clad Cranks and Handles(105),1 3/8″ Aluminum Divided Lite Muntin Bar with Tape,https://truthentrygard.com/product/1-3-8-aluminum-divided-lite-muntin-bar-with-tape/,TEG-bbrp-00055,$ 23.88,"**For questions or concerns, please contact info@truthentrygard.com",,"{""Length"": ""1', 2', 3', 4', 5', 6'"", ""Color"": ""White, Dark Bronze, Sandstone""}",TEG-bbrp-00055,23.88,"{""attribute_length"": ""6'"", ""attribute_color"": ""Sandstone""}"
e-Clad Cranks and Handles(105),1 3/8″ Wood Divided Lite Muntin Bar with Tape,https://truthentrygard.com/product/1-3-8-wood-divided-lite-muntin-bar-with-tape/,TEG-bbrp-00054,$ 5.95 – $ 35.71 Price range: $5.95 through $35.71,"**For questions or concerns, please contact info@truthentrygard.com",,"{""Length"": ""1', 2', 3', 4', 5', 6'""}",TEG-bbrp-00054,5.95,"{""attribute_length"": ""1'""}"
e-Clad Cranks and Handles(105),1 3/8″ Wood Divided Lite Muntin Bar with Tape,https://truthentrygard.com/product/1-3-8-wood-divided-lite-muntin-bar-with-tape/,TEG-bbrp-00054,$ 5.95 – $ 35.71 Price range: $5.95 through $35.71,"**For questions or concerns, please contact info@truthentrygard.com",,"{""Length"": ""1', 2', 3', 4', 5', 6'""}",TEG-bbrp-00054,11.9,"{""attribute_length"": ""2'""}"
e-Clad Cranks and Handles(105),1 3/8″ Wood Divided Lite Muntin Bar with Tape,https://truthentrygard.com/product/1-3-8-wood-divided-lite-muntin-bar-with-tape/,TEG-bbrp-00054,$ 5.95 – $ 35.71 Price range: $5.95 through $35.71,"**For questions or concerns, please contact info@truthentrygard.com",,"{""Length"": ""1', 2', 3', 4', 5', 6'""}",TEG-bbrp-00054,17.85,"{""attribute_length"": ""3'""}"
e-Clad Cranks and Handles(105),1 3/8″ Wood Divided Lite Muntin Bar with Tape,https://truthentrygard.com/product/1-3-8-wood-divided-lite-muntin-bar-with-tape/,TEG-bbrp-00054,$ 5.95 – $ 35.71 Price range: $5.95 through $35.71,"**For questions or concerns, please contact info@truthentrygard.com",,"{""Length"": ""1', 2', 3', 4', 5', 6'""}",TEG-bbrp-00054,23.81,"{""attribute_length"": ""4'""}"
e-Clad Cranks and Handles(105),1 3/8″ Wood Divided Lite Muntin Bar with Tape,https://truthentrygard.com/product/1-3-8-wood-divided-lite-muntin-bar-with-tape/,TEG-bbrp-00054,$ 5.95 – $ 35.71 Price range: $5.95 through $35.71,"**For questions or concerns, please contact info@truthentrygard.com",,"{""Length"": ""1', 2', 3', 4', 5', 6'""}",TEG-bbrp-00054,29.75,"{""attribute_length"": ""5'""}"
e-Clad Cranks and Handles(105),1 3/8″ Wood Divided Lite Muntin Bar with Tape,https://truthentrygard.com/product/1-3-8-wood-divided-lite-muntin-bar-with-tape/,TEG-bbrp-00054,$ 5.95 – $ 35.71 Price range: $5.95 through $35.71,"**For questions or concerns, please contact info@truthentrygard.com",,"{""Length"": ""1', 2', 3', 4', 5', 6'""}",TEG-bbrp-00054,35.71,"{""attribute_length"": ""6'""}"
e-Clad Cranks and Handles(105),1″ Aluminum Divided Lite Muntin Bar with Tape,https://truthentrygard.com/product/1-aluminum-divided-lite-muntin-bar-with-tape/,TEG-bbrp-00056,$ 17.66 – $ 99.29 Price range: $17.66 through $99.29,,,"{""Length"": ""1', 2', 3', 4', 5', 6'"", ""Color"": ""White, Dark Bronze, Sandstone""}",TEG-bbrp-00056,17.66,"{""attribute_length"": ""1'"", ""attribute_color"": ""White""}"
e-Clad Cranks and Handles(105),1″ Aluminum Divided Lite Muntin Bar with Tape,https://truthentrygard.com/product/1-aluminum-divided-lite-muntin-bar-with-tape/,TEG-bbrp-00056,$ 17.66 – $ 99.29 Price range: $17.66 through $99.29,,,"{""Length"": ""1', 2', 3', 4', 5', 6'"", ""Color"": ""White, Dark Bronze, Sandstone""}",TEG-bbrp-00056,17.66,"{""attribute_length"": ""1'"", ""attribute_color"": ""Dark Bronze""}"
e-Clad Cranks and Handles(105),1″ Aluminum Divided Lite Muntin Bar with Tape,https://truthentrygard.com/product/1-aluminum-divided-lite-muntin-bar-with-tape/,TEG-bbrp-00056,$ 17.66 – $ 99.29 Price range: $17.66 through $99.29,,,"{""Length"": ""1', 2', 3', 4', 5', 6'"", ""Color"": ""White, Dark Bronze, Sandstone""}",TEG-bbrp-00056,17.66,"{""attribute_length"": ""1'"", ""attribute_color"": ""Sandstone""}"
e-Clad Cranks and Handles(105),1″ Aluminum Divided Lite Muntin Bar with Tape,https://truthentrygard.com/product/1-aluminum-divided-lite-muntin-bar-with-tape/,TEG-bbrp-00056,$ 17.66 – $ 99.29 Price range: $17.66 through $99.29,,,"{""Length"": ""1', 2', 3', 4', 5', 6'"", ""Color"": ""White, Dark Bronze, Sandstone""}",TEG-bbrp-00056,33.58,"{""attribute_length"": ""2'"", ""attribute_color"": ""White""}"
e-Clad Cranks and Handles(105),1″ Aluminum Divided Lite Muntin Bar with Tape,https://truthentrygard.com/product/1-aluminum-divided-lite-muntin-bar-with-tape/,TEG-bbrp-00056,$ 17.66 – $ 99.29 Price range: $17.66 through $99.29,,,"{""Length"": ""1', 2', 3', 4', 5', 6'"", ""Color"": ""White, Dark Bronze, Sandstone""}",TEG-bbrp-00056,33.58,"{""attribute_length"": ""2'"", ""attribute_color"": ""Dark Bronze""}"
e-Clad Cranks and Handles(105),1″ Aluminum Divided Lite Muntin Bar with Tape,https://truthentrygard.com/product/1-aluminum-divided-lite-muntin-bar-with-tape/,TEG-bbrp-00056,$ 17.66 – $ 99.29 Price range: $17.66 through $99.29,,,"{""Length"": ""1', 2', 3', 4', 5', 6'"", ""Color"": ""White, Dark Bronze, Sandstone""}",TEG-bbrp-00056,33.58,"{""attribute_length"": ""2'"", ""attribute_color"": ""Sandstone""}"
e-Clad Cranks and Handles(105),1″ Aluminum Divided Lite Muntin Bar with Tape,https://truthentrygard.com/product/1-aluminum-divided-lite-muntin-bar-with-tape/,TEG-bbrp-00056,$ 17.66 – $ 99.29 Price range: $17.66 through $99.29,,,"{""Length"": ""1', 2', 3', 4', 5', 6'"", ""Color"": ""White, Dark Bronze, Sandstone""}",TEG-bbrp-00056,50.79,"{""attribute_length"": ""3'"", ""attribute_color"": ""White""}"
e-Clad Cranks and Handles(105),1″ Aluminum Divided Lite Muntin Bar with Tape,https://truthentrygard.com/product/1-aluminum-divided-lite-muntin-bar-with-tape/,TEG-bbrp-00056,$ 17.66 – $ 99.29 Price range: $17.66 through $99.29,,,"{""Length"": ""1', 2', 3', 4', 5', 6'"", ""Color"": ""White, Dark Bronze, Sandstone""}",TEG-bbrp-00056,50.79,"{""attribute_length"": ""3'"", ""attribute_color"": ""Dark Bronze""}"
e-Clad Cranks and Handles(105),1″ Aluminum Divided Lite Muntin Bar with Tape,https://truthentrygard.com/product/1-aluminum-divided-lite-muntin-bar-with-tape/,TEG-bbrp-00056,$ 17.66 – $ 99.29 Price range: $17.66 through $99.29,,,"{""Length"": ""1', 2', 3', 4', 5', 6'"", ""Color"": ""White, Dark Bronze, Sandstone""}",TEG-bbrp-00056,50.79,"{""attribute_length"": ""3'"", ""attribute_color"": ""Sandstone""}"
e-Clad Cranks and Handles(105),1″ Aluminum Divided Lite Muntin Bar with Tape,https://truthentrygard.com/product/1-aluminum-divided-lite-muntin-bar-with-tape/,TEG-bbrp-00056,$ 17.66 – $ 99.29 Price range: $17.66 through $99.29,,,"{""Length"": ""1', 2', 3', 4', 5', 6'"", ""Color"": ""White, Dark Bronze, Sandstone""}",TEG-bbrp-00056,70.18,"{""attribute_length"": ""4'"", ""attribute_color"": ""White""}"
e-Clad Cranks and Handles(105),1″ Aluminum Divided Lite Muntin Bar with Tape,https://truthentrygard.com/product/1-aluminum-divided-lite-muntin-bar-with-tape/,TEG-bbrp-00056,$ 17.66 – $ 99.29 Price range: $17.66 through $99.29,,,"{""Length"": ""1', 2', 3', 4', 5', 6'"", ""Color"": ""White, Dark Bronze, Sandstone""}",TEG-bbrp-00056,70.18,"{""attribute_length"": ""4'"", ""attribute_color"": ""Dark Bronze""}"
e-Clad Cranks and Handles(105),1″ Aluminum Divided Lite Muntin Bar with Tape,https://truthentrygard.com/product/1-aluminum-divided-lite-muntin-bar-with-tape/,TEG-bbrp-00056,$ 17.66 – $ 99.29 Price range: $17.66 through $99.29,,,"{""Length"": ""1', 2', 3', 4', 5', 6'"", ""Color"": ""White, Dark Bronze, Sandstone""}",TEG-bbrp-00056,70.18,"{""attribute_length"": ""4'"", ""attribute_color"": ""Sandstone""}"
e-Clad Cranks and Handles(105),1″ Aluminum Divided Lite Muntin Bar with Tape,https://truthentrygard.com/product/1-aluminum-divided-lite-muntin-bar-with-tape/,TEG-bbrp-00056,$ 17.66 – $ 99.29 Price range: $17.66 through $99.29,,,"{""Length"": ""1', 2', 3', 4', 5', 6'"", ""Color"": ""White, Dark Bronze, Sandstone""}",TEG-bbrp-00056,88.35,"{""attribute_length"": ""5'"", ""attribute_color"": ""White""}"
e-Clad Cranks and Handles(105),1″ Aluminum Divided Lite Muntin Bar with Tape,https://truthentrygard.com/product/1-aluminum-divided-lite-muntin-bar-with-tape/,TEG-bbrp-00056,$ 17.66 – $ 99.29 Price range: $17.66 through $99.29,,,"{""Length"": ""1', 2', 3', 4', 5', 6'"", ""Color"": ""White, Dark Bronze, Sandstone""}",TEG-bbrp-00056,88.35,"{""attribute_length"": ""5'"", ""attribute_color"": ""Dark Bronze""}"
e-Clad Cranks and Handles(105),1″ Aluminum Divided Lite Muntin Bar with Tape,https://truthentrygard.com/product/1-aluminum-divided-lite-muntin-bar-with-tape/,TEG-bbrp-00056,$ 17.66 – $ 99.29 Price range: $17.66 through $99.29,,,"{""Length"": ""1', 2', 3', 4', 5', 6'"", ""Color"": ""White, Dark Bronze, Sandstone""}",TEG-bbrp-00056,88.35,"{""attribute_length"": ""5'"", ""attribute_color"": ""Sandstone""}"
e-Clad Cranks and Handles(105),1″ Aluminum Divided Lite Muntin Bar with Tape,https://truthentrygard.com/product/1-aluminum-divided-lite-muntin-bar-with-tape/,TEG-bbrp-00056,$ 17.66 – $ 99.29 Price range: $17.66 through $99.29,,,"{""Length"": ""1', 2', 3', 4', 5', 6'"", ""Color"": ""White, Dark Bronze, Sandstone""}",TEG-bbrp-00056,99.29,"{""attribute_length"": ""6'"", ""attribute_color"": ""White""}"
e-Clad Cranks and Handles(105),1″ Aluminum Divided Lite Muntin Bar with Tape,https://truthentrygard.com/product/1-aluminum-divided-lite-muntin-bar-with-tape/,TEG-bbrp-00056,$ 17.66 – $ 99.29 Price range: $17.66 through $99.29,,,"{""Length"": ""1', 2', 3', 4', 5', 6'"", ""Color"": ""White, Dark Bronze, Sandstone""}",TEG-bbrp-00056,99.29,"{""attribute_length"": ""6'"", ""attribute_color"": ""Dark Bronze""}"
e-Clad Cranks and Handles(105),1″ Aluminum Divided Lite Muntin Bar with Tape,https://truthentrygard.com/product/1-aluminum-divided-lite-muntin-bar-with-tape/,TEG-bbrp-00056,$ 17.66 – $ 99.29 Price range: $17.66 through $99.29,,,"{""Length"": ""1', 2', 3', 4', 5', 6'"", ""Color"": ""White, Dark Bronze, Sandstone""}",TEG-bbrp-00056,99.29,"{""attribute_length"": ""6'"", ""attribute_color"": ""Sandstone""}"
e-Clad Cranks and Handles(105),2R Window Limit Device,https://truthentrygard.com/product/2r-window-limit-device/,N/A,$ 135.88,GOT QUESTIONS?! Contact us: info@truthentrygard.com,,"{""Handing"": ""Left, Right""}",,135.88,"{""attribute_handing"": ""Left""}"
e-Clad Cranks and Handles(105),7/8″ Aluminum Divided Lite Muntin Bar with Tape,https://truthentrygard.com/product/7-8-aluminum-divided-lite-muntin-bar-with-tape/,TEG-bbrp-00057,$ 13.99 – $ 78.38 Price range: $13.99 through $78.38,"**For questions or concerns, please contact info@truthentrygard.com",,"{""Length"": ""1', 2', 3', 4', 5', 6'"", ""Color"": ""White, Dark Bronze, Sandstone""}",TEG-bbrp-00057,13.99,"{""attribute_length"": ""1'"", ""attribute_color"": ""White""}"
e-Clad Cranks and Handles(105),7/8″ Aluminum Divided Lite Muntin Bar with Tape,https://truthentrygard.com/product/7-8-aluminum-divided-lite-muntin-bar-with-tape/,TEG-bbrp-00057,$ 13.99 – $ 78.38 Price range: $13.99 through $78.38,"**For questions or concerns, please contact info@truthentrygard.com",,"{""Length"": ""1', 2', 3', 4', 5', 6'"", ""Color"": ""White, Dark Bronze, Sandstone""}",TEG-bbrp-00057,13.99,"{""attribute_length"": ""1'"", ""attribute_color"": ""Dark Bronze""}"
e-Clad Cranks and Handles(105),7/8″ Aluminum Divided Lite Muntin Bar with Tape,https://truthentrygard.com/product/7-8-aluminum-divided-lite-muntin-bar-with-tape/,TEG-bbrp-00057,$ 13.99 – $ 78.38 Price range: $13.99 through $78.38,"**For questions or concerns, please contact info@truthentrygard.com",,"{""Length"": ""1', 2', 3', 4', 5', 6'"", ""Color"": ""White, Dark Bronze, Sandstone""}",TEG-bbrp-00057,13.99,"{""attribute_length"": ""1'"", ""attribute_color"": ""Sandstone""}"
e-Clad Cranks and Handles(105),7/8″ Aluminum Divided Lite Muntin Bar with Tape,https://truthentrygard.com/product/7-8-aluminum-divided-lite-muntin-bar-with-tape/,TEG-bbrp-00057,$ 13.99 – $ 78.38 Price range: $13.99 through $78.38,"**For questions or concerns, please contact info@truthentrygard.com",,"{""Length"": ""1', 2', 3', 4', 5', 6'"", ""Color"": ""White, Dark Bronze, Sandstone""}",TEG-bbrp-00057,28.55,"{""attribute_length"": ""2'"", ""attribute_color"": ""White""}"
e-Clad Cranks and Handles(105),7/8″ Aluminum Divided Lite Muntin Bar with Tape,https://truthentrygard.com/product/7-8-aluminum-divided-lite-muntin-bar-with-tape/,TEG-bbrp-00057,$ 13.99 – $ 78.38 Price range: $13.99 through $78.38,"**For questions or concerns, please contact info@truthentrygard.com",,"{""Length"": ""1', 2', 3', 4', 5', 6'"", ""Color"": ""White, Dark Bronze, Sandstone""}",TEG-bbrp-00057,28.55,"{""attribute_length"": ""2'"", ""attribute_color"": ""Dark Bronze""}"
e-Clad Cranks and Handles(105),7/8″ Aluminum Divided Lite Muntin Bar with Tape,https://truthentrygard.com/product/7-8-aluminum-divided-lite-muntin-bar-with-tape/,TEG-bbrp-00057,$ 13.99 – $ 78.38 Price range: $13.99 through $78.38,"**For questions or concerns, please contact info@truthentrygard.com",,"{""Length"": ""1', 2', 3', 4', 5', 6'"", ""Color"": ""White, Dark Bronze, Sandstone""}",TEG-bbrp-00057,28.55,"{""attribute_length"": ""2'"", ""attribute_color"": ""Sandstone""}"
e-Clad Cranks and Handles(105),7/8″ Aluminum Divided Lite Muntin Bar with Tape,https://truthentrygard.com/product/7-8-aluminum-divided-lite-muntin-bar-with-tape/,TEG-bbrp-00057,$ 13.99 – $ 78.38 Price range: $13.99 through $78.38,"**For questions or concerns, please contact info@truthentrygard.com",,"{""Length"": ""1', 2', 3', 4', 5', 6'"", ""Color"": ""White, Dark Bronze, Sandstone""}",TEG-bbrp-00057,45.44,"{""attribute_length"": ""3'"", ""attribute_color"": ""White""}"
e-Clad Cranks and Handles(105),7/8″ Aluminum Divided Lite Muntin Bar with Tape,https://truthentrygard.com/product/7-8-aluminum-divided-lite-muntin-bar-with-tape/,TEG-bbrp-00057,$ 13.99 – $ 78.38 Price range: $13.99 through $78.38,"**For questions or concerns, please contact info@truthentrygard.com",,"{""Length"": ""1', 2', 3', 4', 5', 6'"", ""Color"": ""White, Dark Bronze, Sandstone""}",TEG-bbrp-00057,45.44,"{""attribute_length"": ""3'"", ""attribute_color"": ""Dark Bronze""}"
e-Clad Cranks and Handles(105),7/8″ Aluminum Divided Lite Muntin Bar with Tape,https://truthentrygard.com/product/7-8-aluminum-divided-lite-muntin-bar-with-tape/,TEG-bbrp-00057,$ 13.99 – $ 78.38 Price range: $13.99 through $78.38,"**For questions or concerns, please contact info@truthentrygard.com",,"{""Length"": ""1', 2', 3', 4', 5', 6'"", ""Color"": ""White, Dark Bronze, Sandstone""}",TEG-bbrp-00057,45.44,"{""attribute_length"": ""3'"", ""attribute_color"": ""Sandstone""}"
e-Clad Cranks and Handles(105),7/8″ Aluminum Divided Lite Muntin Bar with Tape,https://truthentrygard.com/product/7-8-aluminum-divided-lite-muntin-bar-with-tape/,TEG-bbrp-00057,$ 13.99 – $ 78.38 Price range: $13.99 through $78.38,"**For questions or concerns, please contact info@truthentrygard.com",,"{""Length"": ""1', 2', 3', 4', 5', 6'"", ""Color"": ""White, Dark Bronze, Sandstone""}",TEG-bbrp-00057,52.22,"{""attribute_length"": ""4'"", ""attribute_color"": ""White""}"
e-Clad Cranks and Handles(105),7/8″ Aluminum Divided Lite Muntin Bar with Tape,https://truthentrygard.com/product/7-8-aluminum-divided-lite-muntin-bar-with-tape/,TEG-bbrp-00057,$ 13.99 – $ 78.38 Price range: $13.99 through $78.38,"**For questions or concerns, please contact info@truthentrygard.com",,"{""Length"": ""1', 2', 3', 4', 5', 6'"", ""Color"": ""White, Dark Bronze, Sandstone""}",TEG-bbrp-00057,52.22,"{""attribute_length"": ""4'"", ""attribute_color"": ""Dark Bronze""}"
e-Clad Cranks and Handles(105),7/8″ Aluminum Divided Lite Muntin Bar with Tape,https://truthentrygard.com/product/7-8-aluminum-divided-lite-muntin-bar-with-tape/,TEG-bbrp-00057,$ 13.99 – $ 78.38 Price range: $13.99 through $78.38,"**For questions or concerns, please contact info@truthentrygard.com",,"{""Length"": ""1', 2', 3', 4', 5', 6'"", ""Color"": ""White, Dark Bronze, Sandstone""}",TEG-bbrp-00057,52.22,"{""attribute_length"": ""4'"", ""attribute_color"": ""Sandstone""}"
e-Clad Cranks and Handles(105),7/8″ Aluminum Divided Lite Muntin Bar with Tape,https://truthentrygard.com/product/7-8-aluminum-divided-lite-muntin-bar-with-tape/,TEG-bbrp-00057,$ 13.99 – $ 78.38 Price range: $13.99 through $78.38,"**For questions or concerns, please contact info@truthentrygard.com",,"{""Length"": ""1', 2', 3', 4', 5', 6'"", ""Color"": ""White, Dark Bronze, Sandstone""}",TEG-bbrp-00057,71.44,"{""attribute_length"": ""5'"", ""attribute_color"": ""White""}"
e-Clad Cranks and Handles(105),7/8″ Aluminum Divided Lite Muntin Bar with Tape,https://truthentrygard.com/product/7-8-aluminum-divided-lite-muntin-bar-with-tape/,TEG-bbrp-00057,$ 13.99 – $ 78.38 Price range: $13.99 through $78.38,"**For questions or concerns, please contact info@truthentrygard.com",,"{""Length"": ""1', 2', 3', 4', 5', 6'"", ""Color"": ""White, Dark Bronze, Sandstone""}",TEG-bbrp-00057,71.44,"{""attribute_length"": ""5'"", ""attribute_color"": ""Dark Bronze""}"
e-Clad Cranks and Handles(105),7/8″ Aluminum Divided Lite Muntin Bar with Tape,https://truthentrygard.com/product/7-8-aluminum-divided-lite-muntin-bar-with-tape/,TEG-bbrp-00057,$ 13.99 – $ 78.38 Price range: $13.99 through $78.38,"**For questions or concerns, please contact info@truthentrygard.com",,"{""Length"": ""1', 2', 3', 4', 5', 6'"", ""Color"": ""White, Dark Bronze, Sandstone""}",TEG-bbrp-00057,71.44,"{""attribute_length"": ""5'"", ""attribute_color"": ""Sandstone""}"
e-Clad Cranks and Handles(105),7/8″ Aluminum Divided Lite Muntin Bar with Tape,https://truthentrygard.com/product/7-8-aluminum-divided-lite-muntin-bar-with-tape/,TEG-bbrp-00057,$ 13.99 – $ 78.38 Price range: $13.99 through $78.38,"**For questions or concerns, please contact info@truthentrygard.com",,"{""Length"": ""1', 2', 3', 4', 5', 6'"", ""Color"": ""White, Dark Bronze, Sandstone""}",TEG-bbrp-00057,78.38,"{""attribute_length"": ""6'"", ""attribute_color"": ""White""}"
e-Clad Cranks and Handles(105),7/8″ Aluminum Divided Lite Muntin Bar with Tape,https://truthentrygard.com/product/7-8-aluminum-divided-lite-muntin-bar-with-tape/,TEG-bbrp-00057,$ 13.99 – $ 78.38 Price range: $13.99 through $78.38,"**For questions or concerns, please contact info@truthentrygard.com",,"{""Length"": ""1', 2', 3', 4', 5', 6'"", ""Color"": ""White, Dark Bronze, Sandstone""}",TEG-bbrp-00057,78.38,"{""attribute_length"": ""6'"", ""attribute_color"": ""Dark Bronze""}"
e-Clad Cranks and Handles(105),7/8″ Aluminum Divided Lite Muntin Bar with Tape,https://truthentrygard.com/product/7-8-aluminum-divided-lite-muntin-bar-with-tape/,TEG-bbrp-00057,$ 13.99 – $ 78.38 Price range: $13.99 through $78.38,"**For questions or concerns, please contact info@truthentrygard.com",,"{""Length"": ""1', 2', 3', 4', 5', 6'"", ""Color"": ""White, Dark Bronze, Sandstone""}",TEG-bbrp-00057,78.38,"{""attribute_length"": ""6'"", ""attribute_color"": ""Sandstone""}"
e-Clad Cranks and Handles(105),7/8″ Wood Divided Lite Muntin,https://truthentrygard.com/product/7-8-wood-divided-lite-muntin/,TEG-bbrp-00058,$ 5.16 – $ 30.97 Price range: $5.16 through $30.97,"**For questions or concerns, please contact info@truthentrygard.com",,"{""Length"": ""1', 2', 3', 4', 5', 6'""}",TEG-bbrp-00058,5.16,"{""attribute_length"": ""1'""}"
e-Clad Cranks and Handles(105),7/8″ Wood Divided Lite Muntin,https://truthentrygard.com/product/7-8-wood-divided-lite-muntin/,TEG-bbrp-00058,$ 5.16 – $ 30.97 Price range: $5.16 through $30.97,"**For questions or concerns, please contact info@truthentrygard.com",,"{""Length"": ""1', 2', 3', 4', 5', 6'""}",TEG-bbrp-00058,10.33,"{""attribute_length"": ""2'""}"
e-Clad Cranks and Handles(105),7/8″ Wood Divided Lite Muntin,https://truthentrygard.com/product/7-8-wood-divided-lite-muntin/,TEG-bbrp-00058,$ 5.16 – $ 30.97 Price range: $5.16 through $30.97,"**For questions or concerns, please contact info@truthentrygard.com",,"{""Length"": ""1', 2', 3', 4', 5', 6'""}",TEG-bbrp-00058,15.48,"{""attribute_length"": ""3'""}"
e-Clad Cranks and Handles(105),7/8″ Wood Divided Lite Muntin,https://truthentrygard.com/product/7-8-wood-divided-lite-muntin/,TEG-bbrp-00058,$ 5.16 – $ 30.97 Price range: $5.16 through $30.97,"**For questions or concerns, please contact info@truthentrygard.com",,"{""Length"": ""1', 2', 3', 4', 5', 6'""}",TEG-bbrp-00058,20.65,"{""attribute_length"": ""4'""}"
e-Clad Cranks and Handles(105),7/8″ Wood Divided Lite Muntin,https://truthentrygard.com/product/7-8-wood-divided-lite-muntin/,TEG-bbrp-00058,$ 5.16 – $ 30.97 Price range: $5.16 through $30.97,"**For questions or concerns, please contact info@truthentrygard.com",,"{""Length"": ""1', 2', 3', 4', 5', 6'""}",TEG-bbrp-00058,25.81,"{""attribute_length"": ""5'""}"
e-Clad Cranks and Handles(105),7/8″ Wood Divided Lite Muntin,https://truthentrygard.com/product/7-8-wood-divided-lite-muntin/,TEG-bbrp-00058,$ 5.16 – $ 30.97 Price range: $5.16 through $30.97,"**For questions or concerns, please contact info@truthentrygard.com",,"{""Length"": ""1', 2', 3', 4', 5', 6'""}",TEG-bbrp-00058,30.97,"{""attribute_length"": ""6'""}"
e-Clad Cranks and Handles(105),Anderson Andersen Window Door Replacement Hardware Parts Free ID Help,https://truthentrygard.com/product/anderson-andersen-window-door-replacement-hardware-parts-free-id-help/,TEG- 2573517 1274104,$ 16.92,,,{},,,
e-Clad Cranks and Handles(105),Ashland Dual Arm Casement Window Operator Components,https://truthentrygard.com/product/ashland-dual-arm-casement-window-operator-components/,TEG-OT-565SS,$ 80.88,Got Questions? Not sure what you need? Feel free to email: info@truthentrygard.com NOT SURE WHAT YOU NEED?!? EMAIL PICTURES AND WE WILL GET YOU TAKEN CARE OF!,,"{""Handing"": ""Left, Right""}",TEG-OT-565SS,80.88,"{""attribute_pa_handing"": ""left""}"
e-Clad Cranks and Handles(105),Ashland Dual Arm Casement Window Operator Components,https://truthentrygard.com/product/ashland-dual-arm-casement-window-operator-components/,TEG-OT-565SS,$ 80.88,Got Questions? Not sure what you need? Feel free to email: info@truthentrygard.com NOT SURE WHAT YOU NEED?!? EMAIL PICTURES AND WE WILL GET YOU TAKEN CARE OF!,,"{""Handing"": ""Left, Right""}",TEG-OT-565SS,80.88,"{""attribute_pa_handing"": ""right""}"
e-Clad Cranks and Handles(105),Awning Window Operator Parts | 29168 AWNING UNIT ASSEMBLY 28.75″,https://truthentrygard.com/product/awning-window-operator-parts-29168-awning-unit-assembly-28-75/,TEG-29-168,$ 207.91,"For questions or concerns, please contact info@truthentrygard.com",,{},,,
e-Clad Cranks and Handles(105),CAM SASH LOCK | ENTRYGARD | TRUTH HARDWARE,https://truthentrygard.com/product/cam-sash-lock-entrygard/,TEG-,$ 32.22,GOT QUESTIONS?! Contact us at info@truthentrygard.com,,"{""Color"": ""Bronze, White""}",TEG-,32.22,"{""attribute_pa_color"": ""bronze""}"
e-Clad Cranks and Handles(105),CAM SASH LOCK | ENTRYGARD | TRUTH HARDWARE,https://truthentrygard.com/product/cam-sash-lock-entrygard/,TEG-,$ 32.22,GOT QUESTIONS?! Contact us at info@truthentrygard.com,,"{""Color"": ""Bronze, White""}",TEG-,32.22,"{""attribute_pa_color"": ""white""}"
e-Clad Cranks and Handles(105),CARADCO CONTOUR HANDLE AND COVER,https://truthentrygard.com/product/caradco-contour-handle-and-cover/,PEOFP-HC-2,$ 28.88 – $ 32.88 Price range: $28.88 through $32.88,GOT QUESTIONS?! Contact us at info@truthentrygard.com,,"{""Color"": ""Beige, Black, Bronze, Chestnut Bronze, Clay, Coppertone, Gold, Satin Taupe, White""}",PEOFP-HC-2,28.88,"{""attribute_pa_color"": ""beige""}"
e-Clad Cranks and Handles(105),CARADCO CONTOUR HANDLE AND COVER,https://truthentrygard.com/product/caradco-contour-handle-and-cover/,PEOFP-HC-2,$ 28.88 – $ 32.88 Price range: $28.88 through $32.88,GOT QUESTIONS?! Contact us at info@truthentrygard.com,,"{""Color"": ""Beige, Black, Bronze, Chestnut Bronze, Clay, Coppertone, Gold, Satin Taupe, White""}",PEOFP-HC-2,28.88,"{""attribute_pa_color"": ""black""}"
e-Clad Cranks and Handles(105),CARADCO CONTOUR HANDLE AND COVER,https://truthentrygard.com/product/caradco-contour-handle-and-cover/,PEOFP-HC-2,$ 28.88 – $ 32.88 Price range: $28.88 through $32.88,GOT QUESTIONS?! Contact us at info@truthentrygard.com,,"{""Color"": ""Beige, Black, Bronze, Chestnut Bronze, Clay, Coppertone, Gold, Satin Taupe, White""}",PEOFP-HC-2,28.88,"{""attribute_pa_color"": ""chestnut-bronze""}"
e-Clad Cranks and Handles(105),CARADCO CONTOUR HANDLE AND COVER,https://truthentrygard.com/product/caradco-contour-handle-and-cover/,PEOFP-HC-2,$ 28.88 – $ 32.88 Price range: $28.88 through $32.88,GOT QUESTIONS?! Contact us at info@truthentrygard.com,,"{""Color"": ""Beige, Black, Bronze, Chestnut Bronze, Clay, Coppertone, Gold, Satin Taupe, White""}",PEOFP-HC-2,28.88,"{""attribute_pa_color"": ""clay""}"
e-Clad Cranks and Handles(105),CARADCO CONTOUR HANDLE AND COVER,https://truthentrygard.com/product/caradco-contour-handle-and-cover/,PEOFP-HC-2,$ 28.88 – $ 32.88 Price range: $28.88 through $32.88,GOT QUESTIONS?! Contact us at info@truthentrygard.com,,"{""Color"": ""Beige, Black, Bronze, Chestnut Bronze, Clay, Coppertone, Gold, Satin Taupe, White""}",PEOFP-HC-2,29.88,"{""attribute_pa_color"": ""coppertone""}"
e-Clad Cranks and Handles(105),CARADCO CONTOUR HANDLE AND COVER,https://truthentrygard.com/product/caradco-contour-handle-and-cover/,PEOFP-HC-2,$ 28.88 – $ 32.88 Price range: $28.88 through $32.88,GOT QUESTIONS?! Contact us at info@truthentrygard.com,,"{""Color"": ""Beige, Black, Bronze, Chestnut Bronze, Clay, Coppertone, Gold, Satin Taupe, White""}",PEOFP-HC-2,32.88,"{""attribute_pa_color"": ""gold""}"
e-Clad Cranks and Handles(105),CARADCO CONTOUR HANDLE AND COVER,https://truthentrygard.com/product/caradco-contour-handle-and-cover/,PEOFP-HC-2,$ 28.88 – $ 32.88 Price range: $28.88 through $32.88,GOT QUESTIONS?! Contact us at info@truthentrygard.com,,"{""Color"": ""Beige, Black, Bronze, Chestnut Bronze, Clay, Coppertone, Gold, Satin Taupe, White""}",PEOFP-HC-2,28.88,"{""attribute_pa_color"": ""bronze""}"
e-Clad Cranks and Handles(105),CARADCO CONTOUR HANDLE AND COVER,https://truthentrygard.com/product/caradco-contour-handle-and-cover/,PEOFP-HC-2,$ 28.88 – $ 32.88 Price range: $28.88 through $32.88,GOT QUESTIONS?! Contact us at info@truthentrygard.com,,"{""Color"": ""Beige, Black, Bronze, Chestnut Bronze, Clay, Coppertone, Gold, Satin Taupe, White""}",PEOFP-HC-2,28.88,"{""attribute_pa_color"": ""satin-taupe""}"
e-Clad Cranks and Handles(105),CARADCO CONTOUR HANDLE AND COVER,https://truthentrygard.com/product/caradco-contour-handle-and-cover/,PEOFP-HC-2,$ 28.88 – $ 32.88 Price range: $28.88 through $32.88,GOT QUESTIONS?! Contact us at info@truthentrygard.com,,"{""Color"": ""Beige, Black, Bronze, Chestnut Bronze, Clay, Coppertone, Gold, Satin Taupe, White""}",PEOFP-HC-2,28.88,"{""attribute_pa_color"": ""white""}"
e-Clad Cranks and Handles(105),"Casement & Awning Window Replacement Parts | Operators, Cranks, Handles | Norco NorClad Jeld-Wen, Pozzi and Others",https://truthentrygard.com/product/casement-awning-window-replacement-parts-operators-cranks-handles-norco-norclad-jeld-wen-pozzi-and-others/,All Window Door Parts Group USA,$ 130.27,,,{},,,
e-Clad Cranks and Handles(105),Casement and Awning Window Styles – Narrow Sash Leaf Seals | Beige Tan | Home Owner Contractor Packs Available,https://truthentrygard.com/product/casement-and-awning-window-styles-narrow-sash-leaf-seals-beige-tan-home-owner-contractor-packs-available/,TEG-bbrp-00025,$ 37.51,"For questions or concerns, please contact info@truthentrygard.com",,{},,,
e-Clad Cranks and Handles(105),Casement Awning Window Parts | Foam Seal Weatherstrip,https://truthentrygard.com/product/casement-awning-window-parts-foam-seal-weatherstrip/,TOOLP-WHT,"$ 1,063.22",HAVE QUESTIONS??? CONTACT INFO@TRUTHENTRYGARD.COM,,{},,,
e-Clad Cranks and Handles(105),Casement Window Complete Weather Strip Seal Kit #1672,https://truthentrygard.com/product/casement-window-complete-weather-strip-seal-kit-1672/,TEG-bbrp-SPK1672,$ 124.17,"For questions or concerns, please contact info@truthentrygard.com",,{},,,
Double / Single Hung Parts(16),Anderson Andersen Window Door Replacement Hardware Parts Free ID Help,https://truthentrygard.com/product/anderson-andersen-window-door-replacement-hardware-parts-free-id-help/,TEG- 2573517 1274104,$ 16.92,,,{},,,
Double / Single Hung Parts(16),Birch Buttons-Trim and Finish Parts,https://truthentrygard.com/product/birch-buttons-biltbest-trim-and-finish-parts-12-pack/,TEG-bbrp-00001,$ 21.21,Used on fixed casement or double hung picture windows.,,{},,,
Double / Single Hung Parts(16),CAV Replacement Hardware-Tilt Sash Lock,https://truthentrygard.com/product/cav-replacement-hardware-pn-41131-tilt-sash-lock/,TEG 41131 Sash Hardware,$ 58.88 – $ 258.88 Price range: $58.88 through $258.88,"Truth Hardware for the old window sash Tilt Lock and Keeper sets, Part # 41131, CAV Finishes for Tilt-Out Double Hung / Single Hung Windows.",,"{""Finish"": ""Antique Brass, Brass, Bronze, Oil Rubbed Bronze, Polished Chrome, Satin Chrome, Satin Nickel, Satin Taupe, White""}",TEG 41131 Sash Hardware,258.88,"{""attribute_finish"": ""Antique Brass""}"
Double / Single Hung Parts(16),CAV Replacement Hardware-Tilt Sash Lock,https://truthentrygard.com/product/cav-replacement-hardware-pn-41131-tilt-sash-lock/,TEG 41131 Sash Hardware,$ 58.88 – $ 258.88 Price range: $58.88 through $258.88,"Truth Hardware for the old window sash Tilt Lock and Keeper sets, Part # 41131, CAV Finishes for Tilt-Out Double Hung / Single Hung Windows.",,"{""Finish"": ""Antique Brass, Brass, Bronze, Oil Rubbed Bronze, Polished Chrome, Satin Chrome, Satin Nickel, Satin Taupe, White""}",TEG 41131 Sash Hardware,258.88,"{""attribute_finish"": ""Brass""}"
Double / Single Hung Parts(16),CAV Replacement Hardware-Tilt Sash Lock,https://truthentrygard.com/product/cav-replacement-hardware-pn-41131-tilt-sash-lock/,TEG 41131 Sash Hardware,$ 58.88 – $ 258.88 Price range: $58.88 through $258.88,"Truth Hardware for the old window sash Tilt Lock and Keeper sets, Part # 41131, CAV Finishes for Tilt-Out Double Hung / Single Hung Windows.",,"{""Finish"": ""Antique Brass, Brass, Bronze, Oil Rubbed Bronze, Polished Chrome, Satin Chrome, Satin Nickel, Satin Taupe, White""}",TEG 41131 Sash Hardware,58.88,"{""attribute_finish"": ""Bronze""}"
Double / Single Hung Parts(16),CAV Replacement Hardware-Tilt Sash Lock,https://truthentrygard.com/product/cav-replacement-hardware-pn-41131-tilt-sash-lock/,TEG 41131 Sash Hardware,$ 58.88 – $ 258.88 Price range: $58.88 through $258.88,"Truth Hardware for the old window sash Tilt Lock and Keeper sets, Part # 41131, CAV Finishes for Tilt-Out Double Hung / Single Hung Windows.",,"{""Finish"": ""Antique Brass, Brass, Bronze, Oil Rubbed Bronze, Polished Chrome, Satin Chrome, Satin Nickel, Satin Taupe, White""}",TEG 41131 Sash Hardware,258.88,"{""attribute_finish"": ""Oil Rubbed Bronze""}"
Double / Single Hung Parts(16),CAV Replacement Hardware-Tilt Sash Lock,https://truthentrygard.com/product/cav-replacement-hardware-pn-41131-tilt-sash-lock/,TEG 41131 Sash Hardware,$ 58.88 – $ 258.88 Price range: $58.88 through $258.88,"Truth Hardware for the old window sash Tilt Lock and Keeper sets, Part # 41131, CAV Finishes for Tilt-Out Double Hung / Single Hung Windows.",,"{""Finish"": ""Antique Brass, Brass, Bronze, Oil Rubbed Bronze, Polished Chrome, Satin Chrome, Satin Nickel, Satin Taupe, White""}",TEG 41131 Sash Hardware,258.88,"{""attribute_finish"": ""Polished Chrome""}"
Double / Single Hung Parts(16),CAV Replacement Hardware-Tilt Sash Lock,https://truthentrygard.com/product/cav-replacement-hardware-pn-41131-tilt-sash-lock/,TEG 41131 Sash Hardware,$ 58.88 – $ 258.88 Price range: $58.88 through $258.88,"Truth Hardware for the old window sash Tilt Lock and Keeper sets, Part # 41131, CAV Finishes for Tilt-Out Double Hung / Single Hung Windows.",,"{""Finish"": ""Antique Brass, Brass, Bronze, Oil Rubbed Bronze, Polished Chrome, Satin Chrome, Satin Nickel, Satin Taupe, White""}",TEG 41131 Sash Hardware,258.88,"{""attribute_finish"": ""Satin Chrome""}"
Double / Single Hung Parts(16),CAV Replacement Hardware-Tilt Sash Lock,https://truthentrygard.com/product/cav-replacement-hardware-pn-41131-tilt-sash-lock/,TEG 41131 Sash Hardware,$ 58.88 – $ 258.88 Price range: $58.88 through $258.88,"Truth Hardware for the old window sash Tilt Lock and Keeper sets, Part # 41131, CAV Finishes for Tilt-Out Double Hung / Single Hung Windows.",,"{""Finish"": ""Antique Brass, Brass, Bronze, Oil Rubbed Bronze, Polished Chrome, Satin Chrome, Satin Nickel, Satin Taupe, White""}",TEG 41131 Sash Hardware,258.88,"{""attribute_finish"": ""Satin Nickel""}"
Double / Single Hung Parts(16),CAV Replacement Hardware-Tilt Sash Lock,https://truthentrygard.com/product/cav-replacement-hardware-pn-41131-tilt-sash-lock/,TEG 41131 Sash Hardware,$ 58.88 – $ 258.88 Price range: $58.88 through $258.88,"Truth Hardware for the old window sash Tilt Lock and Keeper sets, Part # 41131, CAV Finishes for Tilt-Out Double Hung / Single Hung Windows.",,"{""Finish"": ""Antique Brass, Brass, Bronze, Oil Rubbed Bronze, Polished Chrome, Satin Chrome, Satin Nickel, Satin Taupe, White""}",TEG 41131 Sash Hardware,58.88,"{""attribute_finish"": ""Satin Taupe""}"
Double / Single Hung Parts(16),CAV Replacement Hardware-Tilt Sash Lock,https://truthentrygard.com/product/cav-replacement-hardware-pn-41131-tilt-sash-lock/,TEG 41131 Sash Hardware,$ 58.88 – $ 258.88 Price range: $58.88 through $258.88,"Truth Hardware for the old window sash Tilt Lock and Keeper sets, Part # 41131, CAV Finishes for Tilt-Out Double Hung / Single Hung Windows.",,"{""Finish"": ""Antique Brass, Brass, Bronze, Oil Rubbed Bronze, Polished Chrome, Satin Chrome, Satin Nickel, Satin Taupe, White""}",TEG 41131 Sash Hardware,58.88,"{""attribute_finish"": ""White""}"
Double / Single Hung Parts(16),Double Hung Clad Sash-Low E Glass,https://truthentrygard.com/product/replacement-double-hung-clad-sash-with-low-e-glass/,TEG-bbrp-00045,,"For questions or concerns, feel free to contact us at info@truthentrygard.com",,"{""Size"": ""14 3/4\"" x 11 7/8\"", 14 3/4\"" x 13 7/8\"", 14 3/4\"" x 15 7/8\"", 14 3/4\"" x 19 7/8\"", 14 3/4\"" x 21 7/8\"", 14 3/4\"" x 23 7/8\"", 14 3/4\"" x 25 7/8\"", 14 3/4\"" x 27 7/8\"", 14 3/4\"" x 29 7/8\"", 14 3/4\"" x 31 7/8\"", 14 3/4\"" x 33 7/8\"", 14 3/4\"" x 35 7/8\"", 18 3/4\"" x 11 7/8\"", 18 3/4\"" x 13 7/8\"", 18 3/4\"" x 15 7/8\"", 18 3/4\"" x 19 7/8\"", 18 3/4\"" x 21 7/8\"", 18 3/4\"" x 23 7/8\"", 18 3/4\"" x 25 7/8\"", 18 3/4\"" x 27 7/8\"", 18 3/4\"" x 29 7/8\"", 18 3/4\"" x 31 7/8\"", 18 3/4\"" x 33 7/8\"", 18 3/4\"" x 35 7/8\"", 22 3/4\"" x 11 7/8\"", 22 3/4\"" x 13 7/8\"", 22 3/4\"" x 15 7/8\"", 22 3/4\"" x 19 7/8\"", 22 3/4\"" x 21 7/8\"", 22 3/4\"" x 23 7/8\"", 22 3/4\"" x 25 7/8\"", 22 3/4\"" x 27 7/8\"", 22 3/4\"" x 29 7/8\"", 22 3/4\"" x 31 7/8\"", 22 3/4\"" x 33 7/8\"", 22 3/4\"" x 35 7/8\"", 26 3/4\"" x 11 7/8\"", 26 3/4\"" x 13 7/8\"", 26 3/4\"" x 15 7/8\"", 26 3/4\"" x 19 7/8\"", 26 3/4\"" x 21 7/8\"", 26 3/4\"" x 23 7/8\"", 26 3/4\"" x 25 7/8\"", 26 3/4\"" x 27 7/8\"", 26 3/4\"" x 29 7/8\"", 26 3/4\"" x 31 7/8\"", 26 3/4\"" x 33 7/8\"", 26 3/4\"" x 35 7/8\"", 30 3/4\"" x 11 7/8\"", 30 3/4\"" x 13 7/8\"", 30 3/4\"" x 15 7/8\"", 30 3/4\"" x 19 7/8\"", 30 3/4\"" x 21 7/8\"", 30 3/4\"" x 23 7/8\"", 30 3/4\"" x 25 7/8\"", 30 3/4\"" x 27 7/8\"", 30 3/4\"" x 29 7/8\"", 30 3/4\"" x 31 7/8\"", 30 3/4\"" x 33 7/8\"", 30 3/4\"" x 35 7/8\"", 34 3/4\"" x 11 7/8\"", 34 3/4\"" x 13 7/8\"", 34 3/4\"" x 15 7/8\"", 34 3/4\"" x 19 7/8\"", 34 3/4\"" x 21 7/8\"", 34 3/4\"" x 23 7/8\"", 34 3/4\"" x 25 7/8\"", 34 3/4\"" x 27 7/8\"", 34 3/4\"" x 29 7/8\"", 34 3/4\"" x 31 7/8\"", 34 3/4\"" x 33 7/8\"", 34 3/4\"" x 35 7/8\"", 38 3/4\"" x 11 7/8\"", 38 3/4\"" x 13 7/8\"", 38 3/4\"" x 15 7/8\"", 38 3/4\"" x 19 7/8\"", 38 3/4\"" x 21 7/8\"", 38 3/4\"" x 23 7/8\"", 38 3/4\"" x 25 7/8\"", 38 3/4\"" x 27 7/8\"", 38 3/4\"" x 29 7/8\"", 38 3/4\"" x 31 7/8\"", 38 3/4\"" x 33 7/8\"", 38 3/4\"" x 35 7/8\"""", ""Color"": ""White, Dark Bronze, Sandstone"", ""Number of Locks"": ""1, 2"", ""Sash Position"": ""Bottom Sash, Top Sash""}",,,
Double / Single Hung Parts(16),Double Hung Window Sash Lock,https://truthentrygard.com/product/double-hinge-sash-lock/,TEG-BB-040,$ 21.33,"For questions or concerns, please contact info@truthentrygard.com",,"{""Color"": ""White, Goldtone, Dark Bronze""}",TEG-BB-040,21.33,"{""attribute_color"": ""White""}"
Double / Single Hung Parts(16),Double Hung Window Sash Lock,https://truthentrygard.com/product/double-hinge-sash-lock/,TEG-BB-040,$ 21.33,"For questions or concerns, please contact info@truthentrygard.com",,"{""Color"": ""White, Goldtone, Dark Bronze""}",TEG-BB-040,21.33,"{""attribute_color"": ""Goldtone""}"
Double / Single Hung Parts(16),Double Hung Window Sash Lock,https://truthentrygard.com/product/double-hinge-sash-lock/,TEG-BB-040,$ 21.33,"For questions or concerns, please contact info@truthentrygard.com",,"{""Color"": ""White, Goldtone, Dark Bronze""}",TEG-BB-040,21.33,"{""attribute_color"": ""Dark Bronze""}"
Double / Single Hung Parts(16),Double Hung Window Sash Tilt Pins,https://truthentrygard.com/product/double-hung-window-sash-tilt-pins/,TEG-bbrp-00041,$ 63.97,,,{},,,
Double / Single Hung Parts(16),Double Hung Wood Sash-Low E Glass,https://truthentrygard.com/product/replacement-double-hung-wood-sash-with-low-e-glass/,TEG-bbrp-00043,,"For questions or concerns, feel free to reach out to info@truthentrygard.com",,"{""Size"": ""14 3/4\"" x 11 7/8\"", 14 3/4\"" x 13 7/8\"", 14 3/4\"" x 15 7/8\"", 14 3/4\"" x 19 7/8\"", 14 3/4\"" x 21 7/8\"", 14 3/4\"" x 23 7/8\"", 14 3/4\"" x 25 7/8\"", 14 3/4\"" x 27 7/8\"", 14 3/4\"" x 29 7/8\"", 14 3/4\"" x 31 7/8\"", 14 3/4\"" x 33 7/8\"", 14 3/4\"" x 35 7/8\"", 18 3/4\"" x 11 7/8\"", 18 3/4\"" x 13 7/8\"", 18 3/4\"" x 15 7/8\"", 18 3/4\"" x 19 7/8\"", 18 3/4\"" x 21 7/8\"", 18 3/4\"" x 23 7/8\"", 18 3/4\"" x 25 7/8\"", 18 3/4\"" x 27 7/8\"", 18 3/4\"" x 29 7/8\"", 18 3/4\"" x 31 7/8\"", 18 3/4\"" x 33 7/8\"", 18 3/4\"" x 35 7/8\"", 22 3/4\"" x 11 7/8\"", 22 3/4\"" x 13 7/8\"", 22 3/4\"" x 15 7/8\"", 22 3/4\"" x 19 7/8\"", 22 3/4\"" x 21 7/8\"", 22 3/4\"" x 23 7/8\"", 22 3/4\"" x 25 7/8\"", 22 3/4\"" x 27 7/8\"", 22 3/4\"" x 29 7/8\"", 22 3/4\"" x 31 7/8\"", 22 3/4\"" x 33 7/8\"", 22 3/4\"" x 35 7/8\"", 26 3/4\"" x 11 7/8\"", 26 3/4\"" x 13 7/8\"", 26 3/4\"" x 15 7/8\"", 26 3/4\"" x 19 7/8\"", 26 3/4\"" x 21 7/8\"", 26 3/4\"" x 23 7/8\"", 26 3/4\"" x 25 7/8\"", 26 3/4\"" x 27 7/8\"", 26 3/4\"" x 29 7/8\"", 26 3/4\"" x 31 7/8\"", 26 3/4\"" x 33 7/8\"", 26 3/4\"" x 35 7/8\"", 30 3/4\"" x 11 7/8\"", 30 3/4\"" x 13 7/8\"", 30 3/4\"" x 15 7/8\"", 30 3/4\"" x 19 7/8\"", 30 3/4\"" x 21 7/8\"", 30 3/4\"" x 23 7/8\"", 30 3/4\"" x 25 7/8\"", 30 3/4\"" x 27 7/8\"", 30 3/4\"" x 29 7/8\"", 30 3/4\"" x 31 7/8\"", 30 3/4\"" x 33 7/8\"", 30 3/4\"" x 35 7/8\"", 34 3/4\"" x 11 7/8\"", 34 3/4\"" x 13 7/8\"", 34 3/4\"" x 15 7/8\"", 34 3/4\"" x 19 7/8\"", 34 3/4\"" x 21 7/8\"", 34 3/4\"" x 23 7/8\"", 34 3/4\"" x 25 7/8\"", 34 3/4\"" x 27 7/8\"", 34 3/4\"" x 29 7/8\"", 34 3/4\"" x 31 7/8\"", 34 3/4\"" x 33 7/8\"", 34 3/4\"" x 35 7/8\"", 38 3/4\"" x 11 7/8\"", 38 3/4\"" x 13 7/8\"", 38 3/4\"" x 15 7/8\"", 38 3/4\"" x 19 7/8\"", 38 3/4\"" x 21 7/8\"", 38 3/4\"" x 23 7/8\"", 38 3/4\"" x 25 7/8\"", 38 3/4\"" x 27 7/8\"", 38 3/4\"" x 29 7/8\"", 38 3/4\"" x 31 7/8\"", 38 3/4\"" x 33 7/8\"", 38 3/4\"" x 35 7/8\"""", ""Sash Position"": ""Bottom Sash, Top Sash"", ""Number of Locks"": ""1, 2""}",,,
Double / Single Hung Parts(16),Double Hung Wood Sash-Standard Glass,https://truthentrygard.com/product/replacement-double-hung-wood-sash-with-standard-glass/,TEG-bbrp-00044,,"This product is made with standard glass. Also available with low e glass. We offer various types of grilles: Grilles sealed in the insulating glass, and three sizes of SDL (Grilles permanently applied to the interior and exterior of the glass). If your window requires grilles please contact us for pricing.",,"{""Number of Locks"": ""1, 2"", ""Sash Position"": ""Bottom Sash, Top Sash"", ""Size"": ""14 3/4\"" x 11 7/8\"", 14 3/4\"" x 13 7/8\"", 14 3/4\"" x 15 7/8\"", 14 3/4\"" x 19 7/8\"", 14 3/4\"" x 21 7/8\"", 14 3/4\"" x 23 7/8\"", 14 3/4\"" x 25 7/8\"", 14 3/4\"" x 27 7/8\"", 14 3/4\"" x 29 7/8\"", 14 3/4\"" x 31 7/8\"", 14 3/4\"" x 33 7/8\"", 14 3/4\"" x 35 7/8\"", 18 3/4\"" x 11 7/8\"", 18 3/4\"" x 13 7/8\"", 18 3/4\"" x 15 7/8\"", 18 3/4\"" x 19 7/8\"", 18 3/4\"" x 21 7/8\"", 18 3/4\"" x 23 7/8\"", 18 3/4\"" x 25 7/8\"", 18 3/4\"" x 27 7/8\"", 18 3/4\"" x 29 7/8\"", 18 3/4\"" x 31 7/8\"", 18 3/4\"" x 33 7/8\"", 18 3/4\"" x 35 7/8\"", 22 3/4\"" x 11 7/8\"", 22 3/4\"" x 13 7/8\"", 22 3/4\"" x 15 7/8\"", 22 3/4\"" x 19 7/8\"", 22 3/4\"" x 21 7/8\"", 22 3/4\"" x 23 7/8\"", 22 3/4\"" x 25 7/8\"", 22 3/4\"" x 27 7/8\"", 22 3/4\"" x 29 7/8\"", 22 3/4\"" x 31 7/8\"", 22 3/4\"" x 33 7/8\"", 22 3/4\"" x 35 7/8\"", 26 3/4\"" x 11 7/8\"", 26 3/4\"" x 13 7/8\"", 26 3/4\"" x 15 7/8\"", 26 3/4\"" x 19 7/8\"", 26 3/4\"" x 21 7/8\"", 26 3/4\"" x 23 7/8\"", 26 3/4\"" x 25 7/8\"", 26 3/4\"" x 27 7/8\"", 26 3/4\"" x 29 7/8\"", 26 3/4\"" x 31 7/8\"", 26 3/4\"" x 33 7/8\"", 26 3/4\"" x 35 7/8\"", 30 3/4\"" x 11 7/8\"", 30 3/4\"" x 13 7/8\"", 30 3/4\"" x 15 7/8\"", 30 3/4\"" x 19 7/8\"", 30 3/4\"" x 21 7/8\"", 30 3/4\"" x 23 7/8\"", 30 3/4\"" x 25 7/8\"", 30 3/4\"" x 27 7/8\"", 30 3/4\"" x 29 7/8\"", 30 3/4\"" x 31 7/8\"", 30 3/4\"" x 33 7/8\"", 30 3/4\"" x 35 7/8\"", 34 3/4\"" x 11 7/8\"", 34 3/4\"" x 13 7/8\"", 34 3/4\"" x 15 7/8\"", 34 3/4\"" x 19 7/8\"", 34 3/4\"" x 21 7/8\"", 34 3/4\"" x 23 7/8\"", 34 3/4\"" x 25 7/8\"", 34 3/4\"" x 27 7/8\"", 34 3/4\"" x 29 7/8\"", 34 3/4\"" x 31 7/8\"", 34 3/4\"" x 33 7/8\"", 34 3/4\"" x 35 7/8\"", 38 3/4\"" x 11 7/8\"", 38 3/4\"" x 13 7/8\"", 38 3/4\"" x 15 7/8\"", 38 3/4\"" x 19 7/8\"", 38 3/4\"" x 21 7/8\"", 38 3/4\"" x 23 7/8\"", 38 3/4\"" x 25 7/8\"", 38 3/4\"" x 27 7/8\"", 38 3/4\"" x 29 7/8\"", 38 3/4\"" x 31 7/8\"", 38 3/4\"" x 33 7/8\"", 38 3/4\"" x 35 7/8\""""}",,,
Double / Single Hung Parts(16),Encore Series Sill Mounted Single Arm Crank Operator,https://truthentrygard.com/product/encore-series-sill-mounted-single-arm-crank-operator/,TEG- OT-402EN,$ 88.88 – $ 90.88 Price range: $88.88 through $90.88,Got Questions? Not sure what you need? Feel free to email: info@truthentrygard.com NOT SURE WHAT YOU NEED?!? EMAIL PICTURES AND WE WILL GET YOU TAKEN CARE OF!,,"{""Color"": ""Beige, Bronze, Stainless Steel, White"", ""Handing"": ""Left, Right""}",TEG- OT-402EN,88.88,"{""attribute_pa_color"": ""beige"", ""attribute_pa_handing"": ""left""}"
Double / Single Hung Parts(16),Encore Series Sill Mounted Single Arm Crank Operator,https://truthentrygard.com/product/encore-series-sill-mounted-single-arm-crank-operator/,TEG- OT-402EN,$ 88.88 – $ 90.88 Price range: $88.88 through $90.88,Got Questions? Not sure what you need? Feel free to email: info@truthentrygard.com NOT SURE WHAT YOU NEED?!? EMAIL PICTURES AND WE WILL GET YOU TAKEN CARE OF!,,"{""Color"": ""Beige, Bronze, Stainless Steel, White"", ""Handing"": ""Left, Right""}",TEG- OT-402EN,88.88,"{""attribute_pa_color"": ""beige"", ""attribute_pa_handing"": ""right""}"
Double / Single Hung Parts(16),Encore Series Sill Mounted Single Arm Crank Operator,https://truthentrygard.com/product/encore-series-sill-mounted-single-arm-crank-operator/,TEG- OT-402EN,$ 88.88 – $ 90.88 Price range: $88.88 through $90.88,Got Questions? Not sure what you need? Feel free to email: info@truthentrygard.com NOT SURE WHAT YOU NEED?!? EMAIL PICTURES AND WE WILL GET YOU TAKEN CARE OF!,,"{""Color"": ""Beige, Bronze, Stainless Steel, White"", ""Handing"": ""Left, Right""}",TEG- OT-402EN,88.88,"{""attribute_pa_color"": ""bronze"", ""attribute_pa_handing"": ""left""}"
Double / Single Hung Parts(16),Encore Series Sill Mounted Single Arm Crank Operator,https://truthentrygard.com/product/encore-series-sill-mounted-single-arm-crank-operator/,TEG- OT-402EN,$ 88.88 – $ 90.88 Price range: $88.88 through $90.88,Got Questions? Not sure what you need? Feel free to email: info@truthentrygard.com NOT SURE WHAT YOU NEED?!? EMAIL PICTURES AND WE WILL GET YOU TAKEN CARE OF!,,"{""Color"": ""Beige, Bronze, Stainless Steel, White"", ""Handing"": ""Left, Right""}",TEG- OT-402EN,88.88,"{""attribute_pa_color"": ""bronze"", ""attribute_pa_handing"": ""right""}"
Double / Single Hung Parts(16),Encore Series Sill Mounted Single Arm Crank Operator,https://truthentrygard.com/product/encore-series-sill-mounted-single-arm-crank-operator/,TEG- OT-402EN,$ 88.88 – $ 90.88 Price range: $88.88 through $90.88,Got Questions? Not sure what you need? Feel free to email: info@truthentrygard.com NOT SURE WHAT YOU NEED?!? EMAIL PICTURES AND WE WILL GET YOU TAKEN CARE OF!,,"{""Color"": ""Beige, Bronze, Stainless Steel, White"", ""Handing"": ""Left, Right""}",TEG- OT-402EN,90.88,"{""attribute_pa_color"": ""stainless-steel"", ""attribute_pa_handing"": ""left""}"
Double / Single Hung Parts(16),Encore Series Sill Mounted Single Arm Crank Operator,https://truthentrygard.com/product/encore-series-sill-mounted-single-arm-crank-operator/,TEG- OT-402EN,$ 88.88 – $ 90.88 Price range: $88.88 through $90.88,Got Questions? Not sure what you need? Feel free to email: info@truthentrygard.com NOT SURE WHAT YOU NEED?!? EMAIL PICTURES AND WE WILL GET YOU TAKEN CARE OF!,,"{""Color"": ""Beige, Bronze, Stainless Steel, White"", ""Handing"": ""Left, Right""}",TEG- OT-402EN,90.88,"{""attribute_pa_color"": ""stainless-steel"", ""attribute_pa_handing"": ""right""}"
Double / Single Hung Parts(16),Encore Series Sill Mounted Single Arm Crank Operator,https://truthentrygard.com/product/encore-series-sill-mounted-single-arm-crank-operator/,TEG- OT-402EN,$ 88.88 – $ 90.88 Price range: $88.88 through $90.88,Got Questions? Not sure what you need? Feel free to email: info@truthentrygard.com NOT SURE WHAT YOU NEED?!? EMAIL PICTURES AND WE WILL GET YOU TAKEN CARE OF!,,"{""Color"": ""Beige, Bronze, Stainless Steel, White"", ""Handing"": ""Left, Right""}",TEG- OT-402EN,88.88,"{""attribute_pa_color"": ""white"", ""attribute_pa_handing"": ""left""}"
Double / Single Hung Parts(16),Encore Series Sill Mounted Single Arm Crank Operator,https://truthentrygard.com/product/encore-series-sill-mounted-single-arm-crank-operator/,TEG- OT-402EN,$ 88.88 – $ 90.88 Price range: $88.88 through $90.88,Got Questions? Not sure what you need? Feel free to email: info@truthentrygard.com NOT SURE WHAT YOU NEED?!? EMAIL PICTURES AND WE WILL GET YOU TAKEN CARE OF!,,"{""Color"": ""Beige, Bronze, Stainless Steel, White"", ""Handing"": ""Left, Right""}",TEG- OT-402EN,88.88,"{""attribute_pa_color"": ""white"", ""attribute_pa_handing"": ""right""}"
Double / Single Hung Parts(16),Entrygard Awning Window Operator Assembly | Model: RL-168,https://truthentrygard.com/product/entrygard-awning-window-operator-assembly-model-rl-168/,TEG-OP Part 29-168,$ 151.23,Got Questions? Not sure what you need? Feel free to email: info@truthentrygard.com NOT SURE WHAT YOU NEED?!? EMAIL PICTURES AND WE WILL GET YOU TAKEN CARE OF!,,{},,,
Double / Single Hung Parts(16),Kolbe Window Door Parts Hardware | Window and Door | Replacement Parts [KOLBE&KOLBE],https://truthentrygard.com/product/kolbe-window-door-parts-hardware-window-and-door-replacement-parts-kolbekolbe/,TEG-K&K Window Door,$ 20.17,,,{},,,
Double / Single Hung Parts(16),Replacement Double Hung Clad Sash With Standard Glass,https://truthentrygard.com/product/replacement-double-hung-clad-sash-with-standard-glass/,TEG-bbrp-00046,,"For questions or concerns, please contact info@truthentrygard.com",,"{""Size"": ""14 3/4\"" x 11 7/8\"", 14 3/4\"" x 13 7/8\"", 14 3/4\"" x 15 7/8\"", 14 3/4\"" x 19 7/8\"", 14 3/4\"" x 21 7/8\"", 14 3/4\"" x 23 7/8\"", 14 3/4\"" x 25 7/8\"", 14 3/4\"" x 27 7/8\"", 14 3/4\"" x 29 7/8\"", 14 3/4\"" x 31 7/8\"", 14 3/4\"" x 33 7/8\"", 14 3/4\"" x 35 7/8\"", 18 3/4\"" x 11 7/8\"", 18 3/4\"" x 13 7/8\"", 18 3/4\"" x 15 7/8\"", 18 3/4\"" x 19 7/8\"", 18 3/4\"" x 21 7/8\"", 18 3/4\"" x 23 7/8\"", 18 3/4\"" x 25 7/8\"", 18 3/4\"" x 27 7/8\"", 18 3/4\"" x 29 7/8\"", 18 3/4\"" x 31 7/8\"", 18 3/4\"" x 33 7/8\"", 18 3/4\"" x 35 7/8\"", 22 3/4\"" x 11 7/8\"", 22 3/4\"" x 13 7/8\"", 22 3/4\"" x 15 7/8\"", 22 3/4\"" x 19 7/8\"", 22 3/4\"" x 21 7/8\"", 22 3/4\"" x 23 7/8\"", 22 3/4\"" x 25 7/8\"", 22 3/4\"" x 27 7/8\"", 22 3/4\"" x 29 7/8\"", 22 3/4\"" x 31 7/8\"", 22 3/4\"" x 33 7/8\"", 22 3/4\"" x 35 7/8\"", 26 3/4\"" x 11 7/8\"", 26 3/4\"" x 13 7/8\"", 26 3/4\"" x 15 7/8\"", 26 3/4\"" x 19 7/8\"", 26 3/4\"" x 21 7/8\"", 26 3/4\"" x 23 7/8\"", 26 3/4\"" x 25 7/8\"", 26 3/4\"" x 27 7/8\"", 26 3/4\"" x 29 7/8\"", 26 3/4\"" x 31 7/8\"", 26 3/4\"" x 33 7/8\"", 26 3/4\"" x 35 7/8\"", 30 3/4\"" x 11 7/8\"", 30 3/4\"" x 13 7/8\"", 30 3/4\"" x 15 7/8\"", 30 3/4\"" x 19 7/8\"", 30 3/4\"" x 21 7/8\"", 30 3/4\"" x 23 7/8\"", 30 3/4\"" x 25 7/8\"", 30 3/4\"" x 27 7/8\"", 30 3/4\"" x 29 7/8\"", 30 3/4\"" x 31 7/8\"", 30 3/4\"" x 33 7/8\"", 30 3/4\"" x 35 7/8\"", 34 3/4\"" x 11 7/8\"", 34 3/4\"" x 13 7/8\"", 34 3/4\"" x 15 7/8\"", 34 3/4\"" x 19 7/8\"", 34 3/4\"" x 21 7/8\"", 34 3/4\"" x 23 7/8\"", 34 3/4\"" x 25 7/8\"", 34 3/4\"" x 27 7/8\"", 34 3/4\"" x 29 7/8\"", 34 3/4\"" x 31 7/8\"", 34 3/4\"" x 33 7/8\"", 34 3/4\"" x 35 7/8\"", 38 3/4\"" x 11 7/8\"", 38 3/4\"" x 13 7/8\"", 38 3/4\"" x 15 7/8\"", 38 3/4\"" x 19 7/8\"", 38 3/4\"" x 21 7/8\"", 38 3/4\"" x 23 7/8\"", 38 3/4\"" x 25 7/8\"", 38 3/4\"" x 27 7/8\"", 38 3/4\"" x 29 7/8\"", 38 3/4\"" x 31 7/8\"", 38 3/4\"" x 33 7/8\"", 38 3/4\"" x 35 7/8\"""", ""Color"": ""White, Dark Bronze, Sandstone"", ""Number of Locks"": ""1, 2"", ""Sash Position"": ""Bottom Sash, Top Sash""}",,,
Double / Single Hung Parts(16),Sash Carrier Track | Jambliner Kits,https://truthentrygard.com/product/sash-carrier-track-jambliner-kits-caradco-biltbest-marvin-wenco/,Plastic Jamb Liner Sets,$ 299.52,"For questions or concerns, please contact info@truthentrygard.com",,{},,,
Double / Single Hung Parts(16),"Window Hardware Parts – SLIMFOLD, STANLEY, THERMALGARD, TRACO",https://truthentrygard.com/product/window-hardware-parts-slimfold-stanley-thermalgard-traco/,TEG-A-B-987,$ 2.70,"Window Split Arm Operators, Latches, Keepers, Hinges and Slide Track Hardware Parts",,{},,,
Double / Single Hung Parts(16),Window Nailing Flange / Fin Replacement Parts,https://truthentrygard.com/product/window-nailing-flange-fin-replacement-part-72/,TEG-BBNF-72,$ 116.30,"For questions or concerns, please contact info@truthentrygard.com",,{},,,
Double / Single Hung Parts(16),"Window Weatherstrip, Vertical L Offset – 100′ Roll",https://truthentrygard.com/product/window-weatherstrip-vertical-l-offset-100-roll/,TEG-bbrp-0RF-R9,$ 133.49,"For questions or concerns, please contact info@truthentrygard.com",,{},,,
Door Handles and Hardware(9),Casement Window Operators – Ellipse Styles | All Colors All Finishes | All Lengths 7.5″ 9.5″ and 13.5″ Arm,https://truthentrygard.com/product/casement-window-operators-ellipse-styles-all-colors-all-finishes-all-lengths-7-5-9-5-and-13-5-arm/,TEG-36-205 36-206 -1E -2E -3E,$ 62.17,"For questions or concerns, please contact info@truthentrygard.com",,"{""Color"": ""Bronze, White, Gold"", ""Lenght"": ""13-1/2\"", 9 1/2\"", 7 1/2\""""}",TEG-36-205 36-206 -1E -2E -3E,62.17,"{""attribute_color"": ""Bronze"", ""attribute_lenght"": ""13-1/2\""""}"
Door Handles and Hardware(9),Casement Window Operators – Ellipse Styles | All Colors All Finishes | All Lengths 7.5″ 9.5″ and 13.5″ Arm,https://truthentrygard.com/product/casement-window-operators-ellipse-styles-all-colors-all-finishes-all-lengths-7-5-9-5-and-13-5-arm/,TEG-36-205 36-206 -1E -2E -3E,$ 62.17,"For questions or concerns, please contact info@truthentrygard.com",,"{""Color"": ""Bronze, White, Gold"", ""Lenght"": ""13-1/2\"", 9 1/2\"", 7 1/2\""""}",TEG-36-205 36-206 -1E -2E -3E,62.17,"{""attribute_color"": ""Bronze"", ""attribute_lenght"": ""9 1/2\""""}"
Door Handles and Hardware(9),Casement Window Operators – Ellipse Styles | All Colors All Finishes | All Lengths 7.5″ 9.5″ and 13.5″ Arm,https://truthentrygard.com/product/casement-window-operators-ellipse-styles-all-colors-all-finishes-all-lengths-7-5-9-5-and-13-5-arm/,TEG-36-205 36-206 -1E -2E -3E,$ 62.17,"For questions or concerns, please contact info@truthentrygard.com",,"{""Color"": ""Bronze, White, Gold"", ""Lenght"": ""13-1/2\"", 9 1/2\"", 7 1/2\""""}",TEG-36-205 36-206 -1E -2E -3E,62.17,"{""attribute_color"": ""Bronze"", ""attribute_lenght"": ""7 1/2\""""}"
Door Handles and Hardware(9),Casement Window Operators – Ellipse Styles | All Colors All Finishes | All Lengths 7.5″ 9.5″ and 13.5″ Arm,https://truthentrygard.com/product/casement-window-operators-ellipse-styles-all-colors-all-finishes-all-lengths-7-5-9-5-and-13-5-arm/,TEG-36-205 36-206 -1E -2E -3E,$ 62.17,"For questions or concerns, please contact info@truthentrygard.com",,"{""Color"": ""Bronze, White, Gold"", ""Lenght"": ""13-1/2\"", 9 1/2\"", 7 1/2\""""}",TEG-36-205 36-206 -1E -2E -3E,62.17,"{""attribute_color"": ""White"", ""attribute_lenght"": ""13-1/2\""""}"
Door Handles and Hardware(9),Casement Window Operators – Ellipse Styles | All Colors All Finishes | All Lengths 7.5″ 9.5″ and 13.5″ Arm,https://truthentrygard.com/product/casement-window-operators-ellipse-styles-all-colors-all-finishes-all-lengths-7-5-9-5-and-13-5-arm/,TEG-36-205 36-206 -1E -2E -3E,$ 62.17,"For questions or concerns, please contact info@truthentrygard.com",,"{""Color"": ""Bronze, White, Gold"", ""Lenght"": ""13-1/2\"", 9 1/2\"", 7 1/2\""""}",TEG-36-205 36-206 -1E -2E -3E,62.17,"{""attribute_color"": ""White"", ""attribute_lenght"": ""9 1/2\""""}"
Door Handles and Hardware(9),Casement Window Operators – Ellipse Styles | All Colors All Finishes | All Lengths 7.5″ 9.5″ and 13.5″ Arm,https://truthentrygard.com/product/casement-window-operators-ellipse-styles-all-colors-all-finishes-all-lengths-7-5-9-5-and-13-5-arm/,TEG-36-205 36-206 -1E -2E -3E,$ 62.17,"For questions or concerns, please contact info@truthentrygard.com",,"{""Color"": ""Bronze, White, Gold"", ""Lenght"": ""13-1/2\"", 9 1/2\"", 7 1/2\""""}",TEG-36-205 36-206 -1E -2E -3E,62.17,"{""attribute_color"": ""White"", ""attribute_lenght"": ""7 1/2\""""}"
Door Handles and Hardware(9),Casement Window Operators – Ellipse Styles | All Colors All Finishes | All Lengths 7.5″ 9.5″ and 13.5″ Arm,https://truthentrygard.com/product/casement-window-operators-ellipse-styles-all-colors-all-finishes-all-lengths-7-5-9-5-and-13-5-arm/,TEG-36-205 36-206 -1E -2E -3E,$ 62.17,"For questions or concerns, please contact info@truthentrygard.com",,"{""Color"": ""Bronze, White, Gold"", ""Lenght"": ""13-1/2\"", 9 1/2\"", 7 1/2\""""}",TEG-36-205 36-206 -1E -2E -3E,62.17,"{""attribute_color"": ""Gold"", ""attribute_lenght"": ""13-1/2\""""}"
Door Handles and Hardware(9),Casement Window Operators – Ellipse Styles | All Colors All Finishes | All Lengths 7.5″ 9.5″ and 13.5″ Arm,https://truthentrygard.com/product/casement-window-operators-ellipse-styles-all-colors-all-finishes-all-lengths-7-5-9-5-and-13-5-arm/,TEG-36-205 36-206 -1E -2E -3E,$ 62.17,"For questions or concerns, please contact info@truthentrygard.com",,"{""Color"": ""Bronze, White, Gold"", ""Lenght"": ""13-1/2\"", 9 1/2\"", 7 1/2\""""}",TEG-36-205 36-206 -1E -2E -3E,62.17,"{""attribute_color"": ""Gold"", ""attribute_lenght"": ""9 1/2\""""}"
Door Handles and Hardware(9),Casement Window Operators – Ellipse Styles | All Colors All Finishes | All Lengths 7.5″ 9.5″ and 13.5″ Arm,https://truthentrygard.com/product/casement-window-operators-ellipse-styles-all-colors-all-finishes-all-lengths-7-5-9-5-and-13-5-arm/,TEG-36-205 36-206 -1E -2E -3E,$ 62.17,"For questions or concerns, please contact info@truthentrygard.com",,"{""Color"": ""Bronze, White, Gold"", ""Lenght"": ""13-1/2\"", 9 1/2\"", 7 1/2\""""}",TEG-36-205 36-206 -1E -2E -3E,62.17,"{""attribute_color"": ""Gold"", ""attribute_lenght"": ""7 1/2\""""}"
Door Handles and Hardware(9),Hard To Find Obsolete Rare Old Door Parts | Mortise Locks | Muti-Point Lock Parts,https://truthentrygard.com/product/hard-to-find-obsolete-rare-old-door-parts-mortise-locks-muti-point-lock-parts/,TEG-Multipoint Mortise Locks,$ 188.90,"Obsolete door parts, hard-to-find parts, Door parts, Mortise Locks, Multi-Point Locks, Multi Point Hardware, Door Replacement hardware, Locks, Hinges, repair parts, from the 1950’s, 1960’s, 1970’s, 1980’s, 1990’s, and 2000’s — with more than 160,000 replacement and hardware parts for doors.",,{},,,
Door Handles and Hardware(9),Patio Door Adjustable Hinge,https://truthentrygard.com/product/hinges-patio-door-adjustable-hinge/,TEG-bbrp-00047,$ 88.88,Please Specify LH or RH Hinged Patio Door Adjustable Hinge.,,"{""Hinges"": ""Left Hand, Right Hand""}",TEG-bbrp-00047,88.88,"{""attribute_hinges"": ""Left Hand""}"
Door Handles and Hardware(9),Patio Door Adjustable Hinge,https://truthentrygard.com/product/hinges-patio-door-adjustable-hinge/,TEG-bbrp-00047,$ 88.88,Please Specify LH or RH Hinged Patio Door Adjustable Hinge.,,"{""Hinges"": ""Left Hand, Right Hand""}",TEG-bbrp-00047,88.88,"{""attribute_hinges"": ""Right Hand""}"
Door Handles and Hardware(9),Pella Windows and Doors: Replacement and Repair Parts,https://truthentrygard.com/product/pella-windows-and-doors-replacement-and-repair-parts/,,$ 0.00,Got Questions? Not sure what you need? Feel free to email: info@truthentrygard.com NOT SURE WHAT YOU NEED?!? EMAIL PICTURES AND WE WILL GET YOU TAKEN CARE OF!,,{},,,
Door Handles and Hardware(9),Rolling Patio Door Adjustment,https://truthentrygard.com/product/rolling-patio-door-adjustment/,TEG-bbrp-00049,$ 1.18,Rolling Hole Plugs,,{},,,
Door Handles and Hardware(9),Rolling Patio Door Footbolt,https://truthentrygard.com/product/rolling-patio-door-footbolt/,TEG-bbrp-00050,$ 121.88,,,{},,,
Door Handles and Hardware(9),Rolling Patio Door Locking Mechanism,https://truthentrygard.com/product/rolling-patio-door-locking-mechanism/,TEG-bbrp-00051,$ 40.63,,,{},,,
Door Handles and Hardware(9),Rolling Patio Door Strike Plate,https://truthentrygard.com/product/rolling-patio-door-strike-plate/,TEG-bbrp-00052,$ 20.32,,,{},,,
Door Handles and Hardware(9),Truth Maxim Series Dual Arm Operators | Right & Left-Handed Options and Various Finishes,https://truthentrygard.com/product/truth-maxim-series-dual-arm-operators-right-left-handed-options-and-various-finishes/,TEG-OT-368-1,$ 88.88,Got Questions? Not sure what you need? Feel free to email: info@truthentrygard.com NOT SURE WHAT YOU NEED?!? EMAIL PICTURES AND WE WILL GET YOU TAKEN CARE OF!,,"{""Handing"": ""Left, Right"", ""Color"": ""Beige, Bronze, Cocoa Brown, Stainless Steel, White""}",TEG-OT-368-1,88.88,"{""attribute_pa_handing"": ""left"", ""attribute_pa_color"": ""beige""}"
Door Handles and Hardware(9),Truth Maxim Series Dual Arm Operators | Right & Left-Handed Options and Various Finishes,https://truthentrygard.com/product/truth-maxim-series-dual-arm-operators-right-left-handed-options-and-various-finishes/,TEG-OT-368-1,$ 88.88,Got Questions? Not sure what you need? Feel free to email: info@truthentrygard.com NOT SURE WHAT YOU NEED?!? EMAIL PICTURES AND WE WILL GET YOU TAKEN CARE OF!,,"{""Handing"": ""Left, Right"", ""Color"": ""Beige, Bronze, Cocoa Brown, Stainless Steel, White""}",TEG-OT-368-1,88.88,"{""attribute_pa_handing"": ""left"", ""attribute_pa_color"": ""bronze""}"
Door Handles and Hardware(9),Truth Maxim Series Dual Arm Operators | Right & Left-Handed Options and Various Finishes,https://truthentrygard.com/product/truth-maxim-series-dual-arm-operators-right-left-handed-options-and-various-finishes/,TEG-OT-368-1,$ 88.88,Got Questions? Not sure what you need? Feel free to email: info@truthentrygard.com NOT SURE WHAT YOU NEED?!? EMAIL PICTURES AND WE WILL GET YOU TAKEN CARE OF!,,"{""Handing"": ""Left, Right"", ""Color"": ""Beige, Bronze, Cocoa Brown, Stainless Steel, White""}",TEG-OT-368-1,88.88,"{""attribute_pa_handing"": ""left"", ""attribute_pa_color"": ""cocoa-brown""}"
Door Handles and Hardware(9),Truth Maxim Series Dual Arm Operators | Right & Left-Handed Options and Various Finishes,https://truthentrygard.com/product/truth-maxim-series-dual-arm-operators-right-left-handed-options-and-various-finishes/,TEG-OT-368-1,$ 88.88,Got Questions? Not sure what you need? Feel free to email: info@truthentrygard.com NOT SURE WHAT YOU NEED?!? EMAIL PICTURES AND WE WILL GET YOU TAKEN CARE OF!,,"{""Handing"": ""Left, Right"", ""Color"": ""Beige, Bronze, Cocoa Brown, Stainless Steel, White""}",TEG-OT-368-1,88.88,"{""attribute_pa_handing"": ""left"", ""attribute_pa_color"": ""stainless-steel""}"
Door Handles and Hardware(9),Truth Maxim Series Dual Arm Operators | Right & Left-Handed Options and Various Finishes,https://truthentrygard.com/product/truth-maxim-series-dual-arm-operators-right-left-handed-options-and-various-finishes/,TEG-OT-368-1,$ 88.88,Got Questions? Not sure what you need? Feel free to email: info@truthentrygard.com NOT SURE WHAT YOU NEED?!? EMAIL PICTURES AND WE WILL GET YOU TAKEN CARE OF!,,"{""Handing"": ""Left, Right"", ""Color"": ""Beige, Bronze, Cocoa Brown, Stainless Steel, White""}",TEG-OT-368-1,88.88,"{""attribute_pa_handing"": ""left"", ""attribute_pa_color"": ""white""}"
Door Handles and Hardware(9),Truth Maxim Series Dual Arm Operators | Right & Left-Handed Options and Various Finishes,https://truthentrygard.com/product/truth-maxim-series-dual-arm-operators-right-left-handed-options-and-various-finishes/,TEG-OT-368-1,$ 88.88,Got Questions? Not sure what you need? Feel free to email: info@truthentrygard.com NOT SURE WHAT YOU NEED?!? EMAIL PICTURES AND WE WILL GET YOU TAKEN CARE OF!,,"{""Handing"": ""Left, Right"", ""Color"": ""Beige, Bronze, Cocoa Brown, Stainless Steel, White""}",TEG-OT-368-1,88.88,"{""attribute_pa_handing"": ""right"", ""attribute_pa_color"": ""beige""}"
Door Handles and Hardware(9),Truth Maxim Series Dual Arm Operators | Right & Left-Handed Options and Various Finishes,https://truthentrygard.com/product/truth-maxim-series-dual-arm-operators-right-left-handed-options-and-various-finishes/,TEG-OT-368-1,$ 88.88,Got Questions? Not sure what you need? Feel free to email: info@truthentrygard.com NOT SURE WHAT YOU NEED?!? EMAIL PICTURES AND WE WILL GET YOU TAKEN CARE OF!,,"{""Handing"": ""Left, Right"", ""Color"": ""Beige, Bronze, Cocoa Brown, Stainless Steel, White""}",TEG-OT-368-1,88.88,"{""attribute_pa_handing"": ""right"", ""attribute_pa_color"": ""bronze""}"
Door Handles and Hardware(9),Truth Maxim Series Dual Arm Operators | Right & Left-Handed Options and Various Finishes,https://truthentrygard.com/product/truth-maxim-series-dual-arm-operators-right-left-handed-options-and-various-finishes/,TEG-OT-368-1,$ 88.88,Got Questions? Not sure what you need? Feel free to email: info@truthentrygard.com NOT SURE WHAT YOU NEED?!? EMAIL PICTURES AND WE WILL GET YOU TAKEN CARE OF!,,"{""Handing"": ""Left, Right"", ""Color"": ""Beige, Bronze, Cocoa Brown, Stainless Steel, White""}",TEG-OT-368-1,88.88,"{""attribute_pa_handing"": ""right"", ""attribute_pa_color"": ""cocoa-brown""}"
Door Handles and Hardware(9),Truth Maxim Series Dual Arm Operators | Right & Left-Handed Options and Various Finishes,https://truthentrygard.com/product/truth-maxim-series-dual-arm-operators-right-left-handed-options-and-various-finishes/,TEG-OT-368-1,$ 88.88,Got Questions? Not sure what you need? Feel free to email: info@truthentrygard.com NOT SURE WHAT YOU NEED?!? EMAIL PICTURES AND WE WILL GET YOU TAKEN CARE OF!,,"{""Handing"": ""Left, Right"", ""Color"": ""Beige, Bronze, Cocoa Brown, Stainless Steel, White""}",TEG-OT-368-1,88.88,"{""attribute_pa_handing"": ""right"", ""attribute_pa_color"": ""stainless-steel""}"
Door Handles and Hardware(9),Truth Maxim Series Dual Arm Operators | Right & Left-Handed Options and Various Finishes,https://truthentrygard.com/product/truth-maxim-series-dual-arm-operators-right-left-handed-options-and-various-finishes/,TEG-OT-368-1,$ 88.88,Got Questions? Not sure what you need? Feel free to email: info@truthentrygard.com NOT SURE WHAT YOU NEED?!? EMAIL PICTURES AND WE WILL GET YOU TAKEN CARE OF!,,"{""Handing"": ""Left, Right"", ""Color"": ""Beige, Bronze, Cocoa Brown, Stainless Steel, White""}",TEG-OT-368-1,88.88,"{""attribute_pa_handing"": ""right"", ""attribute_pa_color"": ""white""}"
Deer Blind Windows and Doors(100),.300 Kerf Insert Weather-Strip Seal,https://truthentrygard.com/product/300-kerf-insert-weather-strip-seal/,TEG-LPB-713.,$ 0.00,Got Questions? Not sure what you need? Feel free to email: info@truthentrygard.com NOT SURE WHAT YOU NEED?!? EMAIL PICTURES AND WE WILL GET YOU TAKEN CARE OF!,,{},,,
Deer Blind Windows and Doors(100),1 3/8″ Aluminum Divided Lite Muntin Bar with Tape,https://truthentrygard.com/product/1-3-8-aluminum-divided-lite-muntin-bar-with-tape/,TEG-bbrp-00055,$ 23.88,"**For questions or concerns, please contact info@truthentrygard.com",,"{""Length"": ""1', 2', 3', 4', 5', 6'"", ""Color"": ""White, Dark Bronze, Sandstone""}",TEG-bbrp-00055,23.88,"{""attribute_length"": ""1'"", ""attribute_color"": ""White""}"
Deer Blind Windows and Doors(100),1 3/8″ Aluminum Divided Lite Muntin Bar with Tape,https://truthentrygard.com/product/1-3-8-aluminum-divided-lite-muntin-bar-with-tape/,TEG-bbrp-00055,$ 23.88,"**For questions or concerns, please contact info@truthentrygard.com",,"{""Length"": ""1', 2', 3', 4', 5', 6'"", ""Color"": ""White, Dark Bronze, Sandstone""}",TEG-bbrp-00055,23.88,"{""attribute_length"": ""1'"", ""attribute_color"": ""Dark Bronze""}"
Deer Blind Windows and Doors(100),1 3/8″ Aluminum Divided Lite Muntin Bar with Tape,https://truthentrygard.com/product/1-3-8-aluminum-divided-lite-muntin-bar-with-tape/,TEG-bbrp-00055,$ 23.88,"**For questions or concerns, please contact info@truthentrygard.com",,"{""Length"": ""1', 2', 3', 4', 5', 6'"", ""Color"": ""White, Dark Bronze, Sandstone""}",TEG-bbrp-00055,23.88,"{""attribute_length"": ""1'"", ""attribute_color"": ""Sandstone""}"
Deer Blind Windows and Doors(100),1 3/8″ Aluminum Divided Lite Muntin Bar with Tape,https://truthentrygard.com/product/1-3-8-aluminum-divided-lite-muntin-bar-with-tape/,TEG-bbrp-00055,$ 23.88,"**For questions or concerns, please contact info@truthentrygard.com",,"{""Length"": ""1', 2', 3', 4', 5', 6'"", ""Color"": ""White, Dark Bronze, Sandstone""}",TEG-bbrp-00055,23.88,"{""attribute_length"": ""2'"", ""attribute_color"": ""White""}"
Deer Blind Windows and Doors(100),1 3/8″ Aluminum Divided Lite Muntin Bar with Tape,https://truthentrygard.com/product/1-3-8-aluminum-divided-lite-muntin-bar-with-tape/,TEG-bbrp-00055,$ 23.88,"**For questions or concerns, please contact info@truthentrygard.com",,"{""Length"": ""1', 2', 3', 4', 5', 6'"", ""Color"": ""White, Dark Bronze, Sandstone""}",TEG-bbrp-00055,23.88,"{""attribute_length"": ""2'"", ""attribute_color"": ""Dark Bronze""}"
Deer Blind Windows and Doors(100),1 3/8″ Aluminum Divided Lite Muntin Bar with Tape,https://truthentrygard.com/product/1-3-8-aluminum-divided-lite-muntin-bar-with-tape/,TEG-bbrp-00055,$ 23.88,"**For questions or concerns, please contact info@truthentrygard.com",,"{""Length"": ""1', 2', 3', 4', 5', 6'"", ""Color"": ""White, Dark Bronze, Sandstone""}",TEG-bbrp-00055,23.88,"{""attribute_length"": ""2'"", ""attribute_color"": ""Sandstone""}"
Deer Blind Windows and Doors(100),1 3/8″ Aluminum Divided Lite Muntin Bar with Tape,https://truthentrygard.com/product/1-3-8-aluminum-divided-lite-muntin-bar-with-tape/,TEG-bbrp-00055,$ 23.88,"**For questions or concerns, please contact info@truthentrygard.com",,"{""Length"": ""1', 2', 3', 4', 5', 6'"", ""Color"": ""White, Dark Bronze, Sandstone""}",TEG-bbrp-00055,23.88,"{""attribute_length"": ""3'"", ""attribute_color"": ""White""}"
Deer Blind Windows and Doors(100),1 3/8″ Aluminum Divided Lite Muntin Bar with Tape,https://truthentrygard.com/product/1-3-8-aluminum-divided-lite-muntin-bar-with-tape/,TEG-bbrp-00055,$ 23.88,"**For questions or concerns, please contact info@truthentrygard.com",,"{""Length"": ""1', 2', 3', 4', 5', 6'"", ""Color"": ""White, Dark Bronze, Sandstone""}",TEG-bbrp-00055,23.88,"{""attribute_length"": ""3'"", ""attribute_color"": ""Dark Bronze""}"
Deer Blind Windows and Doors(100),1 3/8″ Aluminum Divided Lite Muntin Bar with Tape,https://truthentrygard.com/product/1-3-8-aluminum-divided-lite-muntin-bar-with-tape/,TEG-bbrp-00055,$ 23.88,"**For questions or concerns, please contact info@truthentrygard.com",,"{""Length"": ""1', 2', 3', 4', 5', 6'"", ""Color"": ""White, Dark Bronze, Sandstone""}",TEG-bbrp-00055,23.88,"{""attribute_length"": ""3'"", ""attribute_color"": ""Sandstone""}"
Deer Blind Windows and Doors(100),1 3/8″ Aluminum Divided Lite Muntin Bar with Tape,https://truthentrygard.com/product/1-3-8-aluminum-divided-lite-muntin-bar-with-tape/,TEG-bbrp-00055,$ 23.88,"**For questions or concerns, please contact info@truthentrygard.com",,"{""Length"": ""1', 2', 3', 4', 5', 6'"", ""Color"": ""White, Dark Bronze, Sandstone""}",TEG-bbrp-00055,23.88,"{""attribute_length"": ""4'"", ""attribute_color"": ""White""}"
Deer Blind Windows and Doors(100),1 3/8″ Aluminum Divided Lite Muntin Bar with Tape,https://truthentrygard.com/product/1-3-8-aluminum-divided-lite-muntin-bar-with-tape/,TEG-bbrp-00055,$ 23.88,"**For questions or concerns, please contact info@truthentrygard.com",,"{""Length"": ""1', 2', 3', 4', 5', 6'"", ""Color"": ""White, Dark Bronze, Sandstone""}",TEG-bbrp-00055,23.88,"{""attribute_length"": ""4'"", ""attribute_color"": ""Dark Bronze""}"
Deer Blind Windows and Doors(100),1 3/8″ Aluminum Divided Lite Muntin Bar with Tape,https://truthentrygard.com/product/1-3-8-aluminum-divided-lite-muntin-bar-with-tape/,TEG-bbrp-00055,$ 23.88,"**For questions or concerns, please contact info@truthentrygard.com",,"{""Length"": ""1', 2', 3', 4', 5', 6'"", ""Color"": ""White, Dark Bronze, Sandstone""}",TEG-bbrp-00055,23.88,"{""attribute_length"": ""4'"", ""attribute_color"": ""Sandstone""}"
Deer Blind Windows and Doors(100),1 3/8″ Aluminum Divided Lite Muntin Bar with Tape,https://truthentrygard.com/product/1-3-8-aluminum-divided-lite-muntin-bar-with-tape/,TEG-bbrp-00055,$ 23.88,"**For questions or concerns, please contact info@truthentrygard.com",,"{""Length"": ""1', 2', 3', 4', 5', 6'"", ""Color"": ""White, Dark Bronze, Sandstone""}",TEG-bbrp-00055,23.88,"{""attribute_length"": ""5'"", ""attribute_color"": ""White""}"
Deer Blind Windows and Doors(100),1 3/8″ Aluminum Divided Lite Muntin Bar with Tape,https://truthentrygard.com/product/1-3-8-aluminum-divided-lite-muntin-bar-with-tape/,TEG-bbrp-00055,$ 23.88,"**For questions or concerns, please contact info@truthentrygard.com",,"{""Length"": ""1', 2', 3', 4', 5', 6'"", ""Color"": ""White, Dark Bronze, Sandstone""}",TEG-bbrp-00055,23.88,"{""attribute_length"": ""5'"", ""attribute_color"": ""Dark Bronze""}"
Deer Blind Windows and Doors(100),1 3/8″ Aluminum Divided Lite Muntin Bar with Tape,https://truthentrygard.com/product/1-3-8-aluminum-divided-lite-muntin-bar-with-tape/,TEG-bbrp-00055,$ 23.88,"**For questions or concerns, please contact info@truthentrygard.com",,"{""Length"": ""1', 2', 3', 4', 5', 6'"", ""Color"": ""White, Dark Bronze, Sandstone""}",TEG-bbrp-00055,23.88,"{""attribute_length"": ""5'"", ""attribute_color"": ""Sandstone""}"
Deer Blind Windows and Doors(100),1 3/8″ Aluminum Divided Lite Muntin Bar with Tape,https://truthentrygard.com/product/1-3-8-aluminum-divided-lite-muntin-bar-with-tape/,TEG-bbrp-00055,$ 23.88,"**For questions or concerns, please contact info@truthentrygard.com",,"{""Length"": ""1', 2', 3', 4', 5', 6'"", ""Color"": ""White, Dark Bronze, Sandstone""}",TEG-bbrp-00055,23.88,"{""attribute_length"": ""6'"", ""attribute_color"": ""White""}"
Deer Blind Windows and Doors(100),1 3/8″ Aluminum Divided Lite Muntin Bar with Tape,https://truthentrygard.com/product/1-3-8-aluminum-divided-lite-muntin-bar-with-tape/,TEG-bbrp-00055,$ 23.88,"**For questions or concerns, please contact info@truthentrygard.com",,"{""Length"": ""1', 2', 3', 4', 5', 6'"", ""Color"": ""White, Dark Bronze, Sandstone""}",TEG-bbrp-00055,23.88,"{""attribute_length"": ""6'"", ""attribute_color"": ""Dark Bronze""}"
Deer Blind Windows and Doors(100),1 3/8″ Aluminum Divided Lite Muntin Bar with Tape,https://truthentrygard.com/product/1-3-8-aluminum-divided-lite-muntin-bar-with-tape/,TEG-bbrp-00055,$ 23.88,"**For questions or concerns, please contact info@truthentrygard.com",,"{""Length"": ""1', 2', 3', 4', 5', 6'"", ""Color"": ""White, Dark Bronze, Sandstone""}",TEG-bbrp-00055,23.88,"{""attribute_length"": ""6'"", ""attribute_color"": ""Sandstone""}"
Deer Blind Windows and Doors(100),1 3/8″ Wood Divided Lite Muntin Bar with Tape,https://truthentrygard.com/product/1-3-8-wood-divided-lite-muntin-bar-with-tape/,TEG-bbrp-00054,$ 5.95 – $ 35.71 Price range: $5.95 through $35.71,"**For questions or concerns, please contact info@truthentrygard.com",,"{""Length"": ""1', 2', 3', 4', 5', 6'""}",TEG-bbrp-00054,5.95,"{""attribute_length"": ""1'""}"
Deer Blind Windows and Doors(100),1 3/8″ Wood Divided Lite Muntin Bar with Tape,https://truthentrygard.com/product/1-3-8-wood-divided-lite-muntin-bar-with-tape/,TEG-bbrp-00054,$ 5.95 – $ 35.71 Price range: $5.95 through $35.71,"**For questions or concerns, please contact info@truthentrygard.com",,"{""Length"": ""1', 2', 3', 4', 5', 6'""}",TEG-bbrp-00054,11.9,"{""attribute_length"": ""2'""}"
Deer Blind Windows and Doors(100),1 3/8″ Wood Divided Lite Muntin Bar with Tape,https://truthentrygard.com/product/1-3-8-wood-divided-lite-muntin-bar-with-tape/,TEG-bbrp-00054,$ 5.95 – $ 35.71 Price range: $5.95 through $35.71,"**For questions or concerns, please contact info@truthentrygard.com",,"{""Length"": ""1', 2', 3', 4', 5', 6'""}",TEG-bbrp-00054,17.85,"{""attribute_length"": ""3'""}"
Deer Blind Windows and Doors(100),1 3/8″ Wood Divided Lite Muntin Bar with Tape,https://truthentrygard.com/product/1-3-8-wood-divided-lite-muntin-bar-with-tape/,TEG-bbrp-00054,$ 5.95 – $ 35.71 Price range: $5.95 through $35.71,"**For questions or concerns, please contact info@truthentrygard.com",,"{""Length"": ""1', 2', 3', 4', 5', 6'""}",TEG-bbrp-00054,23.81,"{""attribute_length"": ""4'""}"
Deer Blind Windows and Doors(100),1 3/8″ Wood Divided Lite Muntin Bar with Tape,https://truthentrygard.com/product/1-3-8-wood-divided-lite-muntin-bar-with-tape/,TEG-bbrp-00054,$ 5.95 – $ 35.71 Price range: $5.95 through $35.71,"**For questions or concerns, please contact info@truthentrygard.com",,"{""Length"": ""1', 2', 3', 4', 5', 6'""}",TEG-bbrp-00054,29.75,"{""attribute_length"": ""5'""}"
Deer Blind Windows and Doors(100),1 3/8″ Wood Divided Lite Muntin Bar with Tape,https://truthentrygard.com/product/1-3-8-wood-divided-lite-muntin-bar-with-tape/,TEG-bbrp-00054,$ 5.95 – $ 35.71 Price range: $5.95 through $35.71,"**For questions or concerns, please contact info@truthentrygard.com",,"{""Length"": ""1', 2', 3', 4', 5', 6'""}",TEG-bbrp-00054,35.71,"{""attribute_length"": ""6'""}"
Deer Blind Windows and Doors(100),1″ Aluminum Divided Lite Muntin Bar with Tape,https://truthentrygard.com/product/1-aluminum-divided-lite-muntin-bar-with-tape/,TEG-bbrp-00056,$ 17.66 – $ 99.29 Price range: $17.66 through $99.29,,,"{""Length"": ""1', 2', 3', 4', 5', 6'"", ""Color"": ""White, Dark Bronze, Sandstone""}",TEG-bbrp-00056,17.66,"{""attribute_length"": ""1'"", ""attribute_color"": ""White""}"
Deer Blind Windows and Doors(100),1″ Aluminum Divided Lite Muntin Bar with Tape,https://truthentrygard.com/product/1-aluminum-divided-lite-muntin-bar-with-tape/,TEG-bbrp-00056,$ 17.66 – $ 99.29 Price range: $17.66 through $99.29,,,"{""Length"": ""1', 2', 3', 4', 5', 6'"", ""Color"": ""White, Dark Bronze, Sandstone""}",TEG-bbrp-00056,17.66,"{""attribute_length"": ""1'"", ""attribute_color"": ""Dark Bronze""}"
Deer Blind Windows and Doors(100),1″ Aluminum Divided Lite Muntin Bar with Tape,https://truthentrygard.com/product/1-aluminum-divided-lite-muntin-bar-with-tape/,TEG-bbrp-00056,$ 17.66 – $ 99.29 Price range: $17.66 through $99.29,,,"{""Length"": ""1', 2', 3', 4', 5', 6'"", ""Color"": ""White, Dark Bronze, Sandstone""}",TEG-bbrp-00056,17.66,"{""attribute_length"": ""1'"", ""attribute_color"": ""Sandstone""}"
Deer Blind Windows and Doors(100),1″ Aluminum Divided Lite Muntin Bar with Tape,https://truthentrygard.com/product/1-aluminum-divided-lite-muntin-bar-with-tape/,TEG-bbrp-00056,$ 17.66 – $ 99.29 Price range: $17.66 through $99.29,,,"{""Length"": ""1', 2', 3', 4', 5', 6'"", ""Color"": ""White, Dark Bronze, Sandstone""}",TEG-bbrp-00056,33.58,"{""attribute_length"": ""2'"", ""attribute_color"": ""White""}"
Deer Blind Windows and Doors(100),1″ Aluminum Divided Lite Muntin Bar with Tape,https://truthentrygard.com/product/1-aluminum-divided-lite-muntin-bar-with-tape/,TEG-bbrp-00056,$ 17.66 – $ 99.29 Price range: $17.66 through $99.29,,,"{""Length"": ""1', 2', 3', 4', 5', 6'"", ""Color"": ""White, Dark Bronze, Sandstone""}",TEG-bbrp-00056,33.58,"{""attribute_length"": ""2'"", ""attribute_color"": ""Dark Bronze""}"
Deer Blind Windows and Doors(100),1″ Aluminum Divided Lite Muntin Bar with Tape,https://truthentrygard.com/product/1-aluminum-divided-lite-muntin-bar-with-tape/,TEG-bbrp-00056,$ 17.66 – $ 99.29 Price range: $17.66 through $99.29,,,"{""Length"": ""1', 2', 3', 4', 5', 6'"", ""Color"": ""White, Dark Bronze, Sandstone""}",TEG-bbrp-00056,33.58,"{""attribute_length"": ""2'"", ""attribute_color"": ""Sandstone""}"
Deer Blind Windows and Doors(100),1″ Aluminum Divided Lite Muntin Bar with Tape,https://truthentrygard.com/product/1-aluminum-divided-lite-muntin-bar-with-tape/,TEG-bbrp-00056,$ 17.66 – $ 99.29 Price range: $17.66 through $99.29,,,"{""Length"": ""1', 2', 3', 4', 5', 6'"", ""Color"": ""White, Dark Bronze, Sandstone""}",TEG-bbrp-00056,50.79,"{""attribute_length"": ""3'"", ""attribute_color"": ""White""}"
Deer Blind Windows and Doors(100),1″ Aluminum Divided Lite Muntin Bar with Tape,https://truthentrygard.com/product/1-aluminum-divided-lite-muntin-bar-with-tape/,TEG-bbrp-00056,$ 17.66 – $ 99.29 Price range: $17.66 through $99.29,,,"{""Length"": ""1', 2', 3', 4', 5', 6'"", ""Color"": ""White, Dark Bronze, Sandstone""}",TEG-bbrp-00056,50.79,"{""attribute_length"": ""3'"", ""attribute_color"": ""Dark Bronze""}"
Deer Blind Windows and Doors(100),1″ Aluminum Divided Lite Muntin Bar with Tape,https://truthentrygard.com/product/1-aluminum-divided-lite-muntin-bar-with-tape/,TEG-bbrp-00056,$ 17.66 – $ 99.29 Price range: $17.66 through $99.29,,,"{""Length"": ""1', 2', 3', 4', 5', 6'"", ""Color"": ""White, Dark Bronze, Sandstone""}",TEG-bbrp-00056,50.79,"{""attribute_length"": ""3'"", ""attribute_color"": ""Sandstone""}"
Deer Blind Windows and Doors(100),1″ Aluminum Divided Lite Muntin Bar with Tape,https://truthentrygard.com/product/1-aluminum-divided-lite-muntin-bar-with-tape/,TEG-bbrp-00056,$ 17.66 – $ 99.29 Price range: $17.66 through $99.29,,,"{""Length"": ""1', 2', 3', 4', 5', 6'"", ""Color"": ""White, Dark Bronze, Sandstone""}",TEG-bbrp-00056,70.18,"{""attribute_length"": ""4'"", ""attribute_color"": ""White""}"
Deer Blind Windows and Doors(100),1″ Aluminum Divided Lite Muntin Bar with Tape,https://truthentrygard.com/product/1-aluminum-divided-lite-muntin-bar-with-tape/,TEG-bbrp-00056,$ 17.66 – $ 99.29 Price range: $17.66 through $99.29,,,"{""Length"": ""1', 2', 3', 4', 5', 6'"", ""Color"": ""White, Dark Bronze, Sandstone""}",TEG-bbrp-00056,70.18,"{""attribute_length"": ""4'"", ""attribute_color"": ""Dark Bronze""}"
Deer Blind Windows and Doors(100),1″ Aluminum Divided Lite Muntin Bar with Tape,https://truthentrygard.com/product/1-aluminum-divided-lite-muntin-bar-with-tape/,TEG-bbrp-00056,$ 17.66 – $ 99.29 Price range: $17.66 through $99.29,,,"{""Length"": ""1', 2', 3', 4', 5', 6'"", ""Color"": ""White, Dark Bronze, Sandstone""}",TEG-bbrp-00056,70.18,"{""attribute_length"": ""4'"", ""attribute_color"": ""Sandstone""}"
Deer Blind Windows and Doors(100),1″ Aluminum Divided Lite Muntin Bar with Tape,https://truthentrygard.com/product/1-aluminum-divided-lite-muntin-bar-with-tape/,TEG-bbrp-00056,$ 17.66 – $ 99.29 Price range: $17.66 through $99.29,,,"{""Length"": ""1', 2', 3', 4', 5', 6'"", ""Color"": ""White, Dark Bronze, Sandstone""}",TEG-bbrp-00056,88.35,"{""attribute_length"": ""5'"", ""attribute_color"": ""White""}"
Deer Blind Windows and Doors(100),1″ Aluminum Divided Lite Muntin Bar with Tape,https://truthentrygard.com/product/1-aluminum-divided-lite-muntin-bar-with-tape/,TEG-bbrp-00056,$ 17.66 – $ 99.29 Price range: $17.66 through $99.29,,,"{""Length"": ""1', 2', 3', 4', 5', 6'"", ""Color"": ""White, Dark Bronze, Sandstone""}",TEG-bbrp-00056,88.35,"{""attribute_length"": ""5'"", ""attribute_color"": ""Dark Bronze""}"
Deer Blind Windows and Doors(100),1″ Aluminum Divided Lite Muntin Bar with Tape,https://truthentrygard.com/product/1-aluminum-divided-lite-muntin-bar-with-tape/,TEG-bbrp-00056,$ 17.66 – $ 99.29 Price range: $17.66 through $99.29,,,"{""Length"": ""1', 2', 3', 4', 5', 6'"", ""Color"": ""White, Dark Bronze, Sandstone""}",TEG-bbrp-00056,88.35,"{""attribute_length"": ""5'"", ""attribute_color"": ""Sandstone""}"
Deer Blind Windows and Doors(100),1″ Aluminum Divided Lite Muntin Bar with Tape,https://truthentrygard.com/product/1-aluminum-divided-lite-muntin-bar-with-tape/,TEG-bbrp-00056,$ 17.66 – $ 99.29 Price range: $17.66 through $99.29,,,"{""Length"": ""1', 2', 3', 4', 5', 6'"", ""Color"": ""White, Dark Bronze, Sandstone""}",TEG-bbrp-00056,99.29,"{""attribute_length"": ""6'"", ""attribute_color"": ""White""}"
Deer Blind Windows and Doors(100),1″ Aluminum Divided Lite Muntin Bar with Tape,https://truthentrygard.com/product/1-aluminum-divided-lite-muntin-bar-with-tape/,TEG-bbrp-00056,$ 17.66 – $ 99.29 Price range: $17.66 through $99.29,,,"{""Length"": ""1', 2', 3', 4', 5', 6'"", ""Color"": ""White, Dark Bronze, Sandstone""}",TEG-bbrp-00056,99.29,"{""attribute_length"": ""6'"", ""attribute_color"": ""Dark Bronze""}"
Deer Blind Windows and Doors(100),1″ Aluminum Divided Lite Muntin Bar with Tape,https://truthentrygard.com/product/1-aluminum-divided-lite-muntin-bar-with-tape/,TEG-bbrp-00056,$ 17.66 – $ 99.29 Price range: $17.66 through $99.29,,,"{""Length"": ""1', 2', 3', 4', 5', 6'"", ""Color"": ""White, Dark Bronze, Sandstone""}",TEG-bbrp-00056,99.29,"{""attribute_length"": ""6'"", ""attribute_color"": ""Sandstone""}"
Deer Blind Windows and Doors(100),2R Window Limit Device,https://truthentrygard.com/product/2r-window-limit-device/,N/A,$ 135.88,GOT QUESTIONS?! Contact us: info@truthentrygard.com,,"{""Handing"": ""Left, Right""}",,135.88,"{""attribute_handing"": ""Left""}"
Deer Blind Windows and Doors(100),7/8″ Aluminum Divided Lite Muntin Bar with Tape,https://truthentrygard.com/product/7-8-aluminum-divided-lite-muntin-bar-with-tape/,TEG-bbrp-00057,$ 13.99 – $ 78.38 Price range: $13.99 through $78.38,"**For questions or concerns, please contact info@truthentrygard.com",,"{""Length"": ""1', 2', 3', 4', 5', 6'"", ""Color"": ""White, Dark Bronze, Sandstone""}",TEG-bbrp-00057,13.99,"{""attribute_length"": ""1'"", ""attribute_color"": ""White""}"
Deer Blind Windows and Doors(100),7/8″ Aluminum Divided Lite Muntin Bar with Tape,https://truthentrygard.com/product/7-8-aluminum-divided-lite-muntin-bar-with-tape/,TEG-bbrp-00057,$ 13.99 – $ 78.38 Price range: $13.99 through $78.38,"**For questions or concerns, please contact info@truthentrygard.com",,"{""Length"": ""1', 2', 3', 4', 5', 6'"", ""Color"": ""White, Dark Bronze, Sandstone""}",TEG-bbrp-00057,13.99,"{""attribute_length"": ""1'"", ""attribute_color"": ""Dark Bronze""}"
Deer Blind Windows and Doors(100),7/8″ Aluminum Divided Lite Muntin Bar with Tape,https://truthentrygard.com/product/7-8-aluminum-divided-lite-muntin-bar-with-tape/,TEG-bbrp-00057,$ 13.99 – $ 78.38 Price range: $13.99 through $78.38,"**For questions or concerns, please contact info@truthentrygard.com",,"{""Length"": ""1', 2', 3', 4', 5', 6'"", ""Color"": ""White, Dark Bronze, Sandstone""}",TEG-bbrp-00057,13.99,"{""attribute_length"": ""1'"", ""attribute_color"": ""Sandstone""}"
Deer Blind Windows and Doors(100),7/8″ Aluminum Divided Lite Muntin Bar with Tape,https://truthentrygard.com/product/7-8-aluminum-divided-lite-muntin-bar-with-tape/,TEG-bbrp-00057,$ 13.99 – $ 78.38 Price range: $13.99 through $78.38,"**For questions or concerns, please contact info@truthentrygard.com",,"{""Length"": ""1', 2', 3', 4', 5', 6'"", ""Color"": ""White, Dark Bronze, Sandstone""}",TEG-bbrp-00057,28.55,"{""attribute_length"": ""2'"", ""attribute_color"": ""White""}"
Deer Blind Windows and Doors(100),7/8″ Aluminum Divided Lite Muntin Bar with Tape,https://truthentrygard.com/product/7-8-aluminum-divided-lite-muntin-bar-with-tape/,TEG-bbrp-00057,$ 13.99 – $ 78.38 Price range: $13.99 through $78.38,"**For questions or concerns, please contact info@truthentrygard.com",,"{""Length"": ""1', 2', 3', 4', 5', 6'"", ""Color"": ""White, Dark Bronze, Sandstone""}",TEG-bbrp-00057,28.55,"{""attribute_length"": ""2'"", ""attribute_color"": ""Dark Bronze""}"
Deer Blind Windows and Doors(100),7/8″ Aluminum Divided Lite Muntin Bar with Tape,https://truthentrygard.com/product/7-8-aluminum-divided-lite-muntin-bar-with-tape/,TEG-bbrp-00057,$ 13.99 – $ 78.38 Price range: $13.99 through $78.38,"**For questions or concerns, please contact info@truthentrygard.com",,"{""Length"": ""1', 2', 3', 4', 5', 6'"", ""Color"": ""White, Dark Bronze, Sandstone""}",TEG-bbrp-00057,28.55,"{""attribute_length"": ""2'"", ""attribute_color"": ""Sandstone""}"
Deer Blind Windows and Doors(100),7/8″ Aluminum Divided Lite Muntin Bar with Tape,https://truthentrygard.com/product/7-8-aluminum-divided-lite-muntin-bar-with-tape/,TEG-bbrp-00057,$ 13.99 – $ 78.38 Price range: $13.99 through $78.38,"**For questions or concerns, please contact info@truthentrygard.com",,"{""Length"": ""1', 2', 3', 4', 5', 6'"", ""Color"": ""White, Dark Bronze, Sandstone""}",TEG-bbrp-00057,45.44,"{""attribute_length"": ""3'"", ""attribute_color"": ""White""}"
Deer Blind Windows and Doors(100),7/8″ Aluminum Divided Lite Muntin Bar with Tape,https://truthentrygard.com/product/7-8-aluminum-divided-lite-muntin-bar-with-tape/,TEG-bbrp-00057,$ 13.99 – $ 78.38 Price range: $13.99 through $78.38,"**For questions or concerns, please contact info@truthentrygard.com",,"{""Length"": ""1', 2', 3', 4', 5', 6'"", ""Color"": ""White, Dark Bronze, Sandstone""}",TEG-bbrp-00057,45.44,"{""attribute_length"": ""3'"", ""attribute_color"": ""Dark Bronze""}"
Deer Blind Windows and Doors(100),7/8″ Aluminum Divided Lite Muntin Bar with Tape,https://truthentrygard.com/product/7-8-aluminum-divided-lite-muntin-bar-with-tape/,TEG-bbrp-00057,$ 13.99 – $ 78.38 Price range: $13.99 through $78.38,"**For questions or concerns, please contact info@truthentrygard.com",,"{""Length"": ""1', 2', 3', 4', 5', 6'"", ""Color"": ""White, Dark Bronze, Sandstone""}",TEG-bbrp-00057,45.44,"{""attribute_length"": ""3'"", ""attribute_color"": ""Sandstone""}"
Deer Blind Windows and Doors(100),7/8″ Aluminum Divided Lite Muntin Bar with Tape,https://truthentrygard.com/product/7-8-aluminum-divided-lite-muntin-bar-with-tape/,TEG-bbrp-00057,$ 13.99 – $ 78.38 Price range: $13.99 through $78.38,"**For questions or concerns, please contact info@truthentrygard.com",,"{""Length"": ""1', 2', 3', 4', 5', 6'"", ""Color"": ""White, Dark Bronze, Sandstone""}",TEG-bbrp-00057,52.22,"{""attribute_length"": ""4'"", ""attribute_color"": ""White""}"
Deer Blind Windows and Doors(100),7/8″ Aluminum Divided Lite Muntin Bar with Tape,https://truthentrygard.com/product/7-8-aluminum-divided-lite-muntin-bar-with-tape/,TEG-bbrp-00057,$ 13.99 – $ 78.38 Price range: $13.99 through $78.38,"**For questions or concerns, please contact info@truthentrygard.com",,"{""Length"": ""1', 2', 3', 4', 5', 6'"", ""Color"": ""White, Dark Bronze, Sandstone""}",TEG-bbrp-00057,52.22,"{""attribute_length"": ""4'"", ""attribute_color"": ""Dark Bronze""}"
Deer Blind Windows and Doors(100),7/8″ Aluminum Divided Lite Muntin Bar with Tape,https://truthentrygard.com/product/7-8-aluminum-divided-lite-muntin-bar-with-tape/,TEG-bbrp-00057,$ 13.99 – $ 78.38 Price range: $13.99 through $78.38,"**For questions or concerns, please contact info@truthentrygard.com",,"{""Length"": ""1', 2', 3', 4', 5', 6'"", ""Color"": ""White, Dark Bronze, Sandstone""}",TEG-bbrp-00057,52.22,"{""attribute_length"": ""4'"", ""attribute_color"": ""Sandstone""}"
Deer Blind Windows and Doors(100),7/8″ Aluminum Divided Lite Muntin Bar with Tape,https://truthentrygard.com/product/7-8-aluminum-divided-lite-muntin-bar-with-tape/,TEG-bbrp-00057,$ 13.99 – $ 78.38 Price range: $13.99 through $78.38,"**For questions or concerns, please contact info@truthentrygard.com",,"{""Length"": ""1', 2', 3', 4', 5', 6'"", ""Color"": ""White, Dark Bronze, Sandstone""}",TEG-bbrp-00057,71.44,"{""attribute_length"": ""5'"", ""attribute_color"": ""White""}"
Deer Blind Windows and Doors(100),7/8″ Aluminum Divided Lite Muntin Bar with Tape,https://truthentrygard.com/product/7-8-aluminum-divided-lite-muntin-bar-with-tape/,TEG-bbrp-00057,$ 13.99 – $ 78.38 Price range: $13.99 through $78.38,"**For questions or concerns, please contact info@truthentrygard.com",,"{""Length"": ""1', 2', 3', 4', 5', 6'"", ""Color"": ""White, Dark Bronze, Sandstone""}",TEG-bbrp-00057,71.44,"{""attribute_length"": ""5'"", ""attribute_color"": ""Dark Bronze""}"
Deer Blind Windows and Doors(100),7/8″ Aluminum Divided Lite Muntin Bar with Tape,https://truthentrygard.com/product/7-8-aluminum-divided-lite-muntin-bar-with-tape/,TEG-bbrp-00057,$ 13.99 – $ 78.38 Price range: $13.99 through $78.38,"**For questions or concerns, please contact info@truthentrygard.com",,"{""Length"": ""1', 2', 3', 4', 5', 6'"", ""Color"": ""White, Dark Bronze, Sandstone""}",TEG-bbrp-00057,71.44,"{""attribute_length"": ""5'"", ""attribute_color"": ""Sandstone""}"
Deer Blind Windows and Doors(100),7/8″ Aluminum Divided Lite Muntin Bar with Tape,https://truthentrygard.com/product/7-8-aluminum-divided-lite-muntin-bar-with-tape/,TEG-bbrp-00057,$ 13.99 – $ 78.38 Price range: $13.99 through $78.38,"**For questions or concerns, please contact info@truthentrygard.com",,"{""Length"": ""1', 2', 3', 4', 5', 6'"", ""Color"": ""White, Dark Bronze, Sandstone""}",TEG-bbrp-00057,78.38,"{""attribute_length"": ""6'"", ""attribute_color"": ""White""}"
Deer Blind Windows and Doors(100),7/8″ Aluminum Divided Lite Muntin Bar with Tape,https://truthentrygard.com/product/7-8-aluminum-divided-lite-muntin-bar-with-tape/,TEG-bbrp-00057,$ 13.99 – $ 78.38 Price range: $13.99 through $78.38,"**For questions or concerns, please contact info@truthentrygard.com",,"{""Length"": ""1', 2', 3', 4', 5', 6'"", ""Color"": ""White, Dark Bronze, Sandstone""}",TEG-bbrp-00057,78.38,"{""attribute_length"": ""6'"", ""attribute_color"": ""Dark Bronze""}"
Deer Blind Windows and Doors(100),7/8″ Aluminum Divided Lite Muntin Bar with Tape,https://truthentrygard.com/product/7-8-aluminum-divided-lite-muntin-bar-with-tape/,TEG-bbrp-00057,$ 13.99 – $ 78.38 Price range: $13.99 through $78.38,"**For questions or concerns, please contact info@truthentrygard.com",,"{""Length"": ""1', 2', 3', 4', 5', 6'"", ""Color"": ""White, Dark Bronze, Sandstone""}",TEG-bbrp-00057,78.38,"{""attribute_length"": ""6'"", ""attribute_color"": ""Sandstone""}"
Deer Blind Windows and Doors(100),7/8″ Wood Divided Lite Muntin,https://truthentrygard.com/product/7-8-wood-divided-lite-muntin/,TEG-bbrp-00058,$ 5.16 – $ 30.97 Price range: $5.16 through $30.97,"**For questions or concerns, please contact info@truthentrygard.com",,"{""Length"": ""1', 2', 3', 4', 5', 6'""}",TEG-bbrp-00058,5.16,"{""attribute_length"": ""1'""}"
Deer Blind Windows and Doors(100),7/8″ Wood Divided Lite Muntin,https://truthentrygard.com/product/7-8-wood-divided-lite-muntin/,TEG-bbrp-00058,$ 5.16 – $ 30.97 Price range: $5.16 through $30.97,"**For questions or concerns, please contact info@truthentrygard.com",,"{""Length"": ""1', 2', 3', 4', 5', 6'""}",TEG-bbrp-00058,10.33,"{""attribute_length"": ""2'""}"
Deer Blind Windows and Doors(100),7/8″ Wood Divided Lite Muntin,https://truthentrygard.com/product/7-8-wood-divided-lite-muntin/,TEG-bbrp-00058,$ 5.16 – $ 30.97 Price range: $5.16 through $30.97,"**For questions or concerns, please contact info@truthentrygard.com",,"{""Length"": ""1', 2', 3', 4', 5', 6'""}",TEG-bbrp-00058,15.48,"{""attribute_length"": ""3'""}"
Deer Blind Windows and Doors(100),7/8″ Wood Divided Lite Muntin,https://truthentrygard.com/product/7-8-wood-divided-lite-muntin/,TEG-bbrp-00058,$ 5.16 – $ 30.97 Price range: $5.16 through $30.97,"**For questions or concerns, please contact info@truthentrygard.com",,"{""Length"": ""1', 2', 3', 4', 5', 6'""}",TEG-bbrp-00058,20.65,"{""attribute_length"": ""4'""}"
Deer Blind Windows and Doors(100),7/8″ Wood Divided Lite Muntin,https://truthentrygard.com/product/7-8-wood-divided-lite-muntin/,TEG-bbrp-00058,$ 5.16 – $ 30.97 Price range: $5.16 through $30.97,"**For questions or concerns, please contact info@truthentrygard.com",,"{""Length"": ""1', 2', 3', 4', 5', 6'""}",TEG-bbrp-00058,25.81,"{""attribute_length"": ""5'""}"
Deer Blind Windows and Doors(100),7/8″ Wood Divided Lite Muntin,https://truthentrygard.com/product/7-8-wood-divided-lite-muntin/,TEG-bbrp-00058,$ 5.16 – $ 30.97 Price range: $5.16 through $30.97,"**For questions or concerns, please contact info@truthentrygard.com",,"{""Length"": ""1', 2', 3', 4', 5', 6'""}",TEG-bbrp-00058,30.97,"{""attribute_length"": ""6'""}"
Deer Blind Windows and Doors(100),Anderson Andersen Window Door Replacement Hardware Parts Free ID Help,https://truthentrygard.com/product/anderson-andersen-window-door-replacement-hardware-parts-free-id-help/,TEG- 2573517 1274104,$ 16.92,,,{},,,
Deer Blind Windows and Doors(100),Ashland Dual Arm Casement Window Operator Components,https://truthentrygard.com/product/ashland-dual-arm-casement-window-operator-components/,TEG-OT-565SS,$ 80.88,Got Questions? Not sure what you need? Feel free to email: info@truthentrygard.com NOT SURE WHAT YOU NEED?!? EMAIL PICTURES AND WE WILL GET YOU TAKEN CARE OF!,,"{""Handing"": ""Left, Right""}",TEG-OT-565SS,80.88,"{""attribute_pa_handing"": ""left""}"
Deer Blind Windows and Doors(100),Ashland Dual Arm Casement Window Operator Components,https://truthentrygard.com/product/ashland-dual-arm-casement-window-operator-components/,TEG-OT-565SS,$ 80.88,Got Questions? Not sure what you need? Feel free to email: info@truthentrygard.com NOT SURE WHAT YOU NEED?!? EMAIL PICTURES AND WE WILL GET YOU TAKEN CARE OF!,,"{""Handing"": ""Left, Right""}",TEG-OT-565SS,80.88,"{""attribute_pa_handing"": ""right""}"
Deer Blind Windows and Doors(100),Awning Window Operator Parts | 29168 AWNING UNIT ASSEMBLY 28.75″,https://truthentrygard.com/product/awning-window-operator-parts-29168-awning-unit-assembly-28-75/,TEG-29-168,$ 207.91,"For questions or concerns, please contact info@truthentrygard.com",,{},,,
Deer Blind Windows and Doors(100),CAM SASH LOCK | ENTRYGARD | TRUTH HARDWARE,https://truthentrygard.com/product/cam-sash-lock-entrygard/,TEG-,$ 32.22,GOT QUESTIONS?! Contact us at info@truthentrygard.com,,"{""Color"": ""Bronze, White""}",TEG-,32.22,"{""attribute_pa_color"": ""bronze""}"
Deer Blind Windows and Doors(100),CAM SASH LOCK | ENTRYGARD | TRUTH HARDWARE,https://truthentrygard.com/product/cam-sash-lock-entrygard/,TEG-,$ 32.22,GOT QUESTIONS?! Contact us at info@truthentrygard.com,,"{""Color"": ""Bronze, White""}",TEG-,32.22,"{""attribute_pa_color"": ""white""}"
Deer Blind Windows and Doors(100),CARADCO CONTOUR HANDLE AND COVER,https://truthentrygard.com/product/caradco-contour-handle-and-cover/,PEOFP-HC-2,$ 28.88 – $ 32.88 Price range: $28.88 through $32.88,GOT QUESTIONS?! Contact us at info@truthentrygard.com,,"{""Color"": ""Beige, Black, Bronze, Chestnut Bronze, Clay, Coppertone, Gold, Satin Taupe, White""}",PEOFP-HC-2,28.88,"{""attribute_pa_color"": ""beige""}"
Deer Blind Windows and Doors(100),CARADCO CONTOUR HANDLE AND COVER,https://truthentrygard.com/product/caradco-contour-handle-and-cover/,PEOFP-HC-2,$ 28.88 – $ 32.88 Price range: $28.88 through $32.88,GOT QUESTIONS?! Contact us at info@truthentrygard.com,,"{""Color"": ""Beige, Black, Bronze, Chestnut Bronze, Clay, Coppertone, Gold, Satin Taupe, White""}",PEOFP-HC-2,28.88,"{""attribute_pa_color"": ""black""}"
Deer Blind Windows and Doors(100),CARADCO CONTOUR HANDLE AND COVER,https://truthentrygard.com/product/caradco-contour-handle-and-cover/,PEOFP-HC-2,$ 28.88 – $ 32.88 Price range: $28.88 through $32.88,GOT QUESTIONS?! Contact us at info@truthentrygard.com,,"{""Color"": ""Beige, Black, Bronze, Chestnut Bronze, Clay, Coppertone, Gold, Satin Taupe, White""}",PEOFP-HC-2,28.88,"{""attribute_pa_color"": ""chestnut-bronze""}"
Deer Blind Windows and Doors(100),CARADCO CONTOUR HANDLE AND COVER,https://truthentrygard.com/product/caradco-contour-handle-and-cover/,PEOFP-HC-2,$ 28.88 – $ 32.88 Price range: $28.88 through $32.88,GOT QUESTIONS?! Contact us at info@truthentrygard.com,,"{""Color"": ""Beige, Black, Bronze, Chestnut Bronze, Clay, Coppertone, Gold, Satin Taupe, White""}",PEOFP-HC-2,28.88,"{""attribute_pa_color"": ""clay""}"
Deer Blind Windows and Doors(100),CARADCO CONTOUR HANDLE AND COVER,https://truthentrygard.com/product/caradco-contour-handle-and-cover/,PEOFP-HC-2,$ 28.88 – $ 32.88 Price range: $28.88 through $32.88,GOT QUESTIONS?! Contact us at info@truthentrygard.com,,"{""Color"": ""Beige, Black, Bronze, Chestnut Bronze, Clay, Coppertone, Gold, Satin Taupe, White""}",PEOFP-HC-2,29.88,"{""attribute_pa_color"": ""coppertone""}"
Deer Blind Windows and Doors(100),CARADCO CONTOUR HANDLE AND COVER,https://truthentrygard.com/product/caradco-contour-handle-and-cover/,PEOFP-HC-2,$ 28.88 – $ 32.88 Price range: $28.88 through $32.88,GOT QUESTIONS?! Contact us at info@truthentrygard.com,,"{""Color"": ""Beige, Black, Bronze, Chestnut Bronze, Clay, Coppertone, Gold, Satin Taupe, White""}",PEOFP-HC-2,32.88,"{""attribute_pa_color"": ""gold""}"
Deer Blind Windows and Doors(100),CARADCO CONTOUR HANDLE AND COVER,https://truthentrygard.com/product/caradco-contour-handle-and-cover/,PEOFP-HC-2,$ 28.88 – $ 32.88 Price range: $28.88 through $32.88,GOT QUESTIONS?! Contact us at info@truthentrygard.com,,"{""Color"": ""Beige, Black, Bronze, Chestnut Bronze, Clay, Coppertone, Gold, Satin Taupe, White""}",PEOFP-HC-2,28.88,"{""attribute_pa_color"": ""bronze""}"
Deer Blind Windows and Doors(100),CARADCO CONTOUR HANDLE AND COVER,https://truthentrygard.com/product/caradco-contour-handle-and-cover/,PEOFP-HC-2,$ 28.88 – $ 32.88 Price range: $28.88 through $32.88,GOT QUESTIONS?! Contact us at info@truthentrygard.com,,"{""Color"": ""Beige, Black, Bronze, Chestnut Bronze, Clay, Coppertone, Gold, Satin Taupe, White""}",PEOFP-HC-2,28.88,"{""attribute_pa_color"": ""satin-taupe""}"
Deer Blind Windows and Doors(100),CARADCO CONTOUR HANDLE AND COVER,https://truthentrygard.com/product/caradco-contour-handle-and-cover/,PEOFP-HC-2,$ 28.88 – $ 32.88 Price range: $28.88 through $32.88,GOT QUESTIONS?! Contact us at info@truthentrygard.com,,"{""Color"": ""Beige, Black, Bronze, Chestnut Bronze, Clay, Coppertone, Gold, Satin Taupe, White""}",PEOFP-HC-2,28.88,"{""attribute_pa_color"": ""white""}"
Deer Blind Windows and Doors(100),"Casement & Awning Window Replacement Parts | Operators, Cranks, Handles | Norco NorClad Jeld-Wen, Pozzi and Others",https://truthentrygard.com/product/casement-awning-window-replacement-parts-operators-cranks-handles-norco-norclad-jeld-wen-pozzi-and-others/,All Window Door Parts Group USA,$ 130.27,,,{},,,
Deer Blind Windows and Doors(100),Casement and Awning Window Styles – Narrow Sash Leaf Seals | Beige Tan | Home Owner Contractor Packs Available,https://truthentrygard.com/product/casement-and-awning-window-styles-narrow-sash-leaf-seals-beige-tan-home-owner-contractor-packs-available/,TEG-bbrp-00025,$ 37.51,"For questions or concerns, please contact info@truthentrygard.com",,{},,,
Deer Blind Windows and Doors(100),Casement Awning Window Parts | Foam Seal Weatherstrip,https://truthentrygard.com/product/casement-awning-window-parts-foam-seal-weatherstrip/,TOOLP-WHT,"$ 1,063.22",HAVE QUESTIONS??? CONTACT INFO@TRUTHENTRYGARD.COM,,{},,,
Deer Blind Windows and Doors(100),Casement Window Complete Weather Strip Seal Kit #1672,https://truthentrygard.com/product/casement-window-complete-weather-strip-seal-kit-1672/,TEG-bbrp-SPK1672,$ 124.17,"For questions or concerns, please contact info@truthentrygard.com",,{},,,
Cranks and Handle Hardware(113),.300 Kerf Insert Weather-Strip Seal,https://truthentrygard.com/product/300-kerf-insert-weather-strip-seal/,TEG-LPB-713.,$ 0.00,Got Questions? Not sure what you need? Feel free to email: info@truthentrygard.com NOT SURE WHAT YOU NEED?!? EMAIL PICTURES AND WE WILL GET YOU TAKEN CARE OF!,,{},,,
Cranks and Handle Hardware(113),1 3/8″ Aluminum Divided Lite Muntin Bar with Tape,https://truthentrygard.com/product/1-3-8-aluminum-divided-lite-muntin-bar-with-tape/,TEG-bbrp-00055,$ 23.88,"**For questions or concerns, please contact info@truthentrygard.com",,"{""Length"": ""1', 2', 3', 4', 5', 6'"", ""Color"": ""White, Dark Bronze, Sandstone""}",TEG-bbrp-00055,23.88,"{""attribute_length"": ""1'"", ""attribute_color"": ""White""}"
Cranks and Handle Hardware(113),1 3/8″ Aluminum Divided Lite Muntin Bar with Tape,https://truthentrygard.com/product/1-3-8-aluminum-divided-lite-muntin-bar-with-tape/,TEG-bbrp-00055,$ 23.88,"**For questions or concerns, please contact info@truthentrygard.com",,"{""Length"": ""1', 2', 3', 4', 5', 6'"", ""Color"": ""White, Dark Bronze, Sandstone""}",TEG-bbrp-00055,23.88,"{""attribute_length"": ""1'"", ""attribute_color"": ""Dark Bronze""}"
Cranks and Handle Hardware(113),1 3/8″ Aluminum Divided Lite Muntin Bar with Tape,https://truthentrygard.com/product/1-3-8-aluminum-divided-lite-muntin-bar-with-tape/,TEG-bbrp-00055,$ 23.88,"**For questions or concerns, please contact info@truthentrygard.com",,"{""Length"": ""1', 2', 3', 4', 5', 6'"", ""Color"": ""White, Dark Bronze, Sandstone""}",TEG-bbrp-00055,23.88,"{""attribute_length"": ""1'"", ""attribute_color"": ""Sandstone""}"
Cranks and Handle Hardware(113),1 3/8″ Aluminum Divided Lite Muntin Bar with Tape,https://truthentrygard.com/product/1-3-8-aluminum-divided-lite-muntin-bar-with-tape/,TEG-bbrp-00055,$ 23.88,"**For questions or concerns, please contact info@truthentrygard.com",,"{""Length"": ""1', 2', 3', 4', 5', 6'"", ""Color"": ""White, Dark Bronze, Sandstone""}",TEG-bbrp-00055,23.88,"{""attribute_length"": ""2'"", ""attribute_color"": ""White""}"
Cranks and Handle Hardware(113),1 3/8″ Aluminum Divided Lite Muntin Bar with Tape,https://truthentrygard.com/product/1-3-8-aluminum-divided-lite-muntin-bar-with-tape/,TEG-bbrp-00055,$ 23.88,"**For questions or concerns, please contact info@truthentrygard.com",,"{""Length"": ""1', 2', 3', 4', 5', 6'"", ""Color"": ""White, Dark Bronze, Sandstone""}",TEG-bbrp-00055,23.88,"{""attribute_length"": ""2'"", ""attribute_color"": ""Dark Bronze""}"
Cranks and Handle Hardware(113),1 3/8″ Aluminum Divided Lite Muntin Bar with Tape,https://truthentrygard.com/product/1-3-8-aluminum-divided-lite-muntin-bar-with-tape/,TEG-bbrp-00055,$ 23.88,"**For questions or concerns, please contact info@truthentrygard.com",,"{""Length"": ""1', 2', 3', 4', 5', 6'"", ""Color"": ""White, Dark Bronze, Sandstone""}",TEG-bbrp-00055,23.88,"{""attribute_length"": ""2'"", ""attribute_color"": ""Sandstone""}"
Cranks and Handle Hardware(113),1 3/8″ Aluminum Divided Lite Muntin Bar with Tape,https://truthentrygard.com/product/1-3-8-aluminum-divided-lite-muntin-bar-with-tape/,TEG-bbrp-00055,$ 23.88,"**For questions or concerns, please contact info@truthentrygard.com",,"{""Length"": ""1', 2', 3', 4', 5', 6'"", ""Color"": ""White, Dark Bronze, Sandstone""}",TEG-bbrp-00055,23.88,"{""attribute_length"": ""3'"", ""attribute_color"": ""White""}"
Cranks and Handle Hardware(113),1 3/8″ Aluminum Divided Lite Muntin Bar with Tape,https://truthentrygard.com/product/1-3-8-aluminum-divided-lite-muntin-bar-with-tape/,TEG-bbrp-00055,$ 23.88,"**For questions or concerns, please contact info@truthentrygard.com",,"{""Length"": ""1', 2', 3', 4', 5', 6'"", ""Color"": ""White, Dark Bronze, Sandstone""}",TEG-bbrp-00055,23.88,"{""attribute_length"": ""3'"", ""attribute_color"": ""Dark Bronze""}"
Cranks and Handle Hardware(113),1 3/8″ Aluminum Divided Lite Muntin Bar with Tape,https://truthentrygard.com/product/1-3-8-aluminum-divided-lite-muntin-bar-with-tape/,TEG-bbrp-00055,$ 23.88,"**For questions or concerns, please contact info@truthentrygard.com",,"{""Length"": ""1', 2', 3', 4', 5', 6'"", ""Color"": ""White, Dark Bronze, Sandstone""}",TEG-bbrp-00055,23.88,"{""attribute_length"": ""3'"", ""attribute_color"": ""Sandstone""}"
Cranks and Handle Hardware(113),1 3/8″ Aluminum Divided Lite Muntin Bar with Tape,https://truthentrygard.com/product/1-3-8-aluminum-divided-lite-muntin-bar-with-tape/,TEG-bbrp-00055,$ 23.88,"**For questions or concerns, please contact info@truthentrygard.com",,"{""Length"": ""1', 2', 3', 4', 5', 6'"", ""Color"": ""White, Dark Bronze, Sandstone""}",TEG-bbrp-00055,23.88,"{""attribute_length"": ""4'"", ""attribute_color"": ""White""}"
Cranks and Handle Hardware(113),1 3/8″ Aluminum Divided Lite Muntin Bar with Tape,https://truthentrygard.com/product/1-3-8-aluminum-divided-lite-muntin-bar-with-tape/,TEG-bbrp-00055,$ 23.88,"**For questions or concerns, please contact info@truthentrygard.com",,"{""Length"": ""1', 2', 3', 4', 5', 6'"", ""Color"": ""White, Dark Bronze, Sandstone""}",TEG-bbrp-00055,23.88,"{""attribute_length"": ""4'"", ""attribute_color"": ""Dark Bronze""}"
Cranks and Handle Hardware(113),1 3/8″ Aluminum Divided Lite Muntin Bar with Tape,https://truthentrygard.com/product/1-3-8-aluminum-divided-lite-muntin-bar-with-tape/,TEG-bbrp-00055,$ 23.88,"**For questions or concerns, please contact info@truthentrygard.com",,"{""Length"": ""1', 2', 3', 4', 5', 6'"", ""Color"": ""White, Dark Bronze, Sandstone""}",TEG-bbrp-00055,23.88,"{""attribute_length"": ""4'"", ""attribute_color"": ""Sandstone""}"
Cranks and Handle Hardware(113),1 3/8″ Aluminum Divided Lite Muntin Bar with Tape,https://truthentrygard.com/product/1-3-8-aluminum-divided-lite-muntin-bar-with-tape/,TEG-bbrp-00055,$ 23.88,"**For questions or concerns, please contact info@truthentrygard.com",,"{""Length"": ""1', 2', 3', 4', 5', 6'"", ""Color"": ""White, Dark Bronze, Sandstone""}",TEG-bbrp-00055,23.88,"{""attribute_length"": ""5'"", ""attribute_color"": ""White""}"
Cranks and Handle Hardware(113),1 3/8″ Aluminum Divided Lite Muntin Bar with Tape,https://truthentrygard.com/product/1-3-8-aluminum-divided-lite-muntin-bar-with-tape/,TEG-bbrp-00055,$ 23.88,"**For questions or concerns, please contact info@truthentrygard.com",,"{""Length"": ""1', 2', 3', 4', 5', 6'"", ""Color"": ""White, Dark Bronze, Sandstone""}",TEG-bbrp-00055,23.88,"{""attribute_length"": ""5'"", ""attribute_color"": ""Dark Bronze""}"
Cranks and Handle Hardware(113),1 3/8″ Aluminum Divided Lite Muntin Bar with Tape,https://truthentrygard.com/product/1-3-8-aluminum-divided-lite-muntin-bar-with-tape/,TEG-bbrp-00055,$ 23.88,"**For questions or concerns, please contact info@truthentrygard.com",,"{""Length"": ""1', 2', 3', 4', 5', 6'"", ""Color"": ""White, Dark Bronze, Sandstone""}",TEG-bbrp-00055,23.88,"{""attribute_length"": ""5'"", ""attribute_color"": ""Sandstone""}"
Cranks and Handle Hardware(113),1 3/8″ Aluminum Divided Lite Muntin Bar with Tape,https://truthentrygard.com/product/1-3-8-aluminum-divided-lite-muntin-bar-with-tape/,TEG-bbrp-00055,$ 23.88,"**For questions or concerns, please contact info@truthentrygard.com",,"{""Length"": ""1', 2', 3', 4', 5', 6'"", ""Color"": ""White, Dark Bronze, Sandstone""}",TEG-bbrp-00055,23.88,"{""attribute_length"": ""6'"", ""attribute_color"": ""White""}"
Cranks and Handle Hardware(113),1 3/8″ Aluminum Divided Lite Muntin Bar with Tape,https://truthentrygard.com/product/1-3-8-aluminum-divided-lite-muntin-bar-with-tape/,TEG-bbrp-00055,$ 23.88,"**For questions or concerns, please contact info@truthentrygard.com",,"{""Length"": ""1', 2', 3', 4', 5', 6'"", ""Color"": ""White, Dark Bronze, Sandstone""}",TEG-bbrp-00055,23.88,"{""attribute_length"": ""6'"", ""attribute_color"": ""Dark Bronze""}"
Cranks and Handle Hardware(113),1 3/8″ Aluminum Divided Lite Muntin Bar with Tape,https://truthentrygard.com/product/1-3-8-aluminum-divided-lite-muntin-bar-with-tape/,TEG-bbrp-00055,$ 23.88,"**For questions or concerns, please contact info@truthentrygard.com",,"{""Length"": ""1', 2', 3', 4', 5', 6'"", ""Color"": ""White, Dark Bronze, Sandstone""}",TEG-bbrp-00055,23.88,"{""attribute_length"": ""6'"", ""attribute_color"": ""Sandstone""}"
Cranks and Handle Hardware(113),1 3/8″ Wood Divided Lite Muntin Bar with Tape,https://truthentrygard.com/product/1-3-8-wood-divided-lite-muntin-bar-with-tape/,TEG-bbrp-00054,$ 5.95 – $ 35.71 Price range: $5.95 through $35.71,"**For questions or concerns, please contact info@truthentrygard.com",,"{""Length"": ""1', 2', 3', 4', 5', 6'""}",TEG-bbrp-00054,5.95,"{""attribute_length"": ""1'""}"
Cranks and Handle Hardware(113),1 3/8″ Wood Divided Lite Muntin Bar with Tape,https://truthentrygard.com/product/1-3-8-wood-divided-lite-muntin-bar-with-tape/,TEG-bbrp-00054,$ 5.95 – $ 35.71 Price range: $5.95 through $35.71,"**For questions or concerns, please contact info@truthentrygard.com",,"{""Length"": ""1', 2', 3', 4', 5', 6'""}",TEG-bbrp-00054,11.9,"{""attribute_length"": ""2'""}"
Cranks and Handle Hardware(113),1 3/8″ Wood Divided Lite Muntin Bar with Tape,https://truthentrygard.com/product/1-3-8-wood-divided-lite-muntin-bar-with-tape/,TEG-bbrp-00054,$ 5.95 – $ 35.71 Price range: $5.95 through $35.71,"**For questions or concerns, please contact info@truthentrygard.com",,"{""Length"": ""1', 2', 3', 4', 5', 6'""}",TEG-bbrp-00054,17.85,"{""attribute_length"": ""3'""}"
Cranks and Handle Hardware(113),1 3/8″ Wood Divided Lite Muntin Bar with Tape,https://truthentrygard.com/product/1-3-8-wood-divided-lite-muntin-bar-with-tape/,TEG-bbrp-00054,$ 5.95 – $ 35.71 Price range: $5.95 through $35.71,"**For questions or concerns, please contact info@truthentrygard.com",,"{""Length"": ""1', 2', 3', 4', 5', 6'""}",TEG-bbrp-00054,23.81,"{""attribute_length"": ""4'""}"
Cranks and Handle Hardware(113),1 3/8″ Wood Divided Lite Muntin Bar with Tape,https://truthentrygard.com/product/1-3-8-wood-divided-lite-muntin-bar-with-tape/,TEG-bbrp-00054,$ 5.95 – $ 35.71 Price range: $5.95 through $35.71,"**For questions or concerns, please contact info@truthentrygard.com",,"{""Length"": ""1', 2', 3', 4', 5', 6'""}",TEG-bbrp-00054,29.75,"{""attribute_length"": ""5'""}"
Cranks and Handle Hardware(113),1 3/8″ Wood Divided Lite Muntin Bar with Tape,https://truthentrygard.com/product/1-3-8-wood-divided-lite-muntin-bar-with-tape/,TEG-bbrp-00054,$ 5.95 – $ 35.71 Price range: $5.95 through $35.71,"**For questions or concerns, please contact info@truthentrygard.com",,"{""Length"": ""1', 2', 3', 4', 5', 6'""}",TEG-bbrp-00054,35.71,"{""attribute_length"": ""6'""}"
Cranks and Handle Hardware(113),1″ Aluminum Divided Lite Muntin Bar with Tape,https://truthentrygard.com/product/1-aluminum-divided-lite-muntin-bar-with-tape/,TEG-bbrp-00056,$ 17.66 – $ 99.29 Price range: $17.66 through $99.29,,,"{""Length"": ""1', 2', 3', 4', 5', 6'"", ""Color"": ""White, Dark Bronze, Sandstone""}",TEG-bbrp-00056,17.66,"{""attribute_length"": ""1'"", ""attribute_color"": ""White""}"
Cranks and Handle Hardware(113),1″ Aluminum Divided Lite Muntin Bar with Tape,https://truthentrygard.com/product/1-aluminum-divided-lite-muntin-bar-with-tape/,TEG-bbrp-00056,$ 17.66 – $ 99.29 Price range: $17.66 through $99.29,,,"{""Length"": ""1', 2', 3', 4', 5', 6'"", ""Color"": ""White, Dark Bronze, Sandstone""}",TEG-bbrp-00056,17.66,"{""attribute_length"": ""1'"", ""attribute_color"": ""Dark Bronze""}"
Cranks and Handle Hardware(113),1″ Aluminum Divided Lite Muntin Bar with Tape,https://truthentrygard.com/product/1-aluminum-divided-lite-muntin-bar-with-tape/,TEG-bbrp-00056,$ 17.66 – $ 99.29 Price range: $17.66 through $99.29,,,"{""Length"": ""1', 2', 3', 4', 5', 6'"", ""Color"": ""White, Dark Bronze, Sandstone""}",TEG-bbrp-00056,17.66,"{""attribute_length"": ""1'"", ""attribute_color"": ""Sandstone""}"
Cranks and Handle Hardware(113),1″ Aluminum Divided Lite Muntin Bar with Tape,https://truthentrygard.com/product/1-aluminum-divided-lite-muntin-bar-with-tape/,TEG-bbrp-00056,$ 17.66 – $ 99.29 Price range: $17.66 through $99.29,,,"{""Length"": ""1', 2', 3', 4', 5', 6'"", ""Color"": ""White, Dark Bronze, Sandstone""}",TEG-bbrp-00056,33.58,"{""attribute_length"": ""2'"", ""attribute_color"": ""White""}"
Cranks and Handle Hardware(113),1″ Aluminum Divided Lite Muntin Bar with Tape,https://truthentrygard.com/product/1-aluminum-divided-lite-muntin-bar-with-tape/,TEG-bbrp-00056,$ 17.66 – $ 99.29 Price range: $17.66 through $99.29,,,"{""Length"": ""1', 2', 3', 4', 5', 6'"", ""Color"": ""White, Dark Bronze, Sandstone""}",TEG-bbrp-00056,33.58,"{""attribute_length"": ""2'"", ""attribute_color"": ""Dark Bronze""}"
Cranks and Handle Hardware(113),1″ Aluminum Divided Lite Muntin Bar with Tape,https://truthentrygard.com/product/1-aluminum-divided-lite-muntin-bar-with-tape/,TEG-bbrp-00056,$ 17.66 – $ 99.29 Price range: $17.66 through $99.29,,,"{""Length"": ""1', 2', 3', 4', 5', 6'"", ""Color"": ""White, Dark Bronze, Sandstone""}",TEG-bbrp-00056,33.58,"{""attribute_length"": ""2'"", ""attribute_color"": ""Sandstone""}"
Cranks and Handle Hardware(113),1″ Aluminum Divided Lite Muntin Bar with Tape,https://truthentrygard.com/product/1-aluminum-divided-lite-muntin-bar-with-tape/,TEG-bbrp-00056,$ 17.66 – $ 99.29 Price range: $17.66 through $99.29,,,"{""Length"": ""1', 2', 3', 4', 5', 6'"", ""Color"": ""White, Dark Bronze, Sandstone""}",TEG-bbrp-00056,50.79,"{""attribute_length"": ""3'"", ""attribute_color"": ""White""}"
Cranks and Handle Hardware(113),1″ Aluminum Divided Lite Muntin Bar with Tape,https://truthentrygard.com/product/1-aluminum-divided-lite-muntin-bar-with-tape/,TEG-bbrp-00056,$ 17.66 – $ 99.29 Price range: $17.66 through $99.29,,,"{""Length"": ""1', 2', 3', 4', 5', 6'"", ""Color"": ""White, Dark Bronze, Sandstone""}",TEG-bbrp-00056,50.79,"{""attribute_length"": ""3'"", ""attribute_color"": ""Dark Bronze""}"
Cranks and Handle Hardware(113),1″ Aluminum Divided Lite Muntin Bar with Tape,https://truthentrygard.com/product/1-aluminum-divided-lite-muntin-bar-with-tape/,TEG-bbrp-00056,$ 17.66 – $ 99.29 Price range: $17.66 through $99.29,,,"{""Length"": ""1', 2', 3', 4', 5', 6'"", ""Color"": ""White, Dark Bronze, Sandstone""}",TEG-bbrp-00056,50.79,"{""attribute_length"": ""3'"", ""attribute_color"": ""Sandstone""}"
Cranks and Handle Hardware(113),1″ Aluminum Divided Lite Muntin Bar with Tape,https://truthentrygard.com/product/1-aluminum-divided-lite-muntin-bar-with-tape/,TEG-bbrp-00056,$ 17.66 – $ 99.29 Price range: $17.66 through $99.29,,,"{""Length"": ""1', 2', 3', 4', 5', 6'"", ""Color"": ""White, Dark Bronze, Sandstone""}",TEG-bbrp-00056,70.18,"{""attribute_length"": ""4'"", ""attribute_color"": ""White""}"
Cranks and Handle Hardware(113),1″ Aluminum Divided Lite Muntin Bar with Tape,https://truthentrygard.com/product/1-aluminum-divided-lite-muntin-bar-with-tape/,TEG-bbrp-00056,$ 17.66 – $ 99.29 Price range: $17.66 through $99.29,,,"{""Length"": ""1', 2', 3', 4', 5', 6'"", ""Color"": ""White, Dark Bronze, Sandstone""}",TEG-bbrp-00056,70.18,"{""attribute_length"": ""4'"", ""attribute_color"": ""Dark Bronze""}"
Cranks and Handle Hardware(113),1″ Aluminum Divided Lite Muntin Bar with Tape,https://truthentrygard.com/product/1-aluminum-divided-lite-muntin-bar-with-tape/,TEG-bbrp-00056,$ 17.66 – $ 99.29 Price range: $17.66 through $99.29,,,"{""Length"": ""1', 2', 3', 4', 5', 6'"", ""Color"": ""White, Dark Bronze, Sandstone""}",TEG-bbrp-00056,70.18,"{""attribute_length"": ""4'"", ""attribute_color"": ""Sandstone""}"
Cranks and Handle Hardware(113),1″ Aluminum Divided Lite Muntin Bar with Tape,https://truthentrygard.com/product/1-aluminum-divided-lite-muntin-bar-with-tape/,TEG-bbrp-00056,$ 17.66 – $ 99.29 Price range: $17.66 through $99.29,,,"{""Length"": ""1', 2', 3', 4', 5', 6'"", ""Color"": ""White, Dark Bronze, Sandstone""}",TEG-bbrp-00056,88.35,"{""attribute_length"": ""5'"", ""attribute_color"": ""White""}"
Cranks and Handle Hardware(113),1″ Aluminum Divided Lite Muntin Bar with Tape,https://truthentrygard.com/product/1-aluminum-divided-lite-muntin-bar-with-tape/,TEG-bbrp-00056,$ 17.66 – $ 99.29 Price range: $17.66 through $99.29,,,"{""Length"": ""1', 2', 3', 4', 5', 6'"", ""Color"": ""White, Dark Bronze, Sandstone""}",TEG-bbrp-00056,88.35,"{""attribute_length"": ""5'"", ""attribute_color"": ""Dark Bronze""}"
Cranks and Handle Hardware(113),1″ Aluminum Divided Lite Muntin Bar with Tape,https://truthentrygard.com/product/1-aluminum-divided-lite-muntin-bar-with-tape/,TEG-bbrp-00056,$ 17.66 – $ 99.29 Price range: $17.66 through $99.29,,,"{""Length"": ""1', 2', 3', 4', 5', 6'"", ""Color"": ""White, Dark Bronze, Sandstone""}",TEG-bbrp-00056,88.35,"{""attribute_length"": ""5'"", ""attribute_color"": ""Sandstone""}"
Cranks and Handle Hardware(113),1″ Aluminum Divided Lite Muntin Bar with Tape,https://truthentrygard.com/product/1-aluminum-divided-lite-muntin-bar-with-tape/,TEG-bbrp-00056,$ 17.66 – $ 99.29 Price range: $17.66 through $99.29,,,"{""Length"": ""1', 2', 3', 4', 5', 6'"", ""Color"": ""White, Dark Bronze, Sandstone""}",TEG-bbrp-00056,99.29,"{""attribute_length"": ""6'"", ""attribute_color"": ""White""}"
Cranks and Handle Hardware(113),1″ Aluminum Divided Lite Muntin Bar with Tape,https://truthentrygard.com/product/1-aluminum-divided-lite-muntin-bar-with-tape/,TEG-bbrp-00056,$ 17.66 – $ 99.29 Price range: $17.66 through $99.29,,,"{""Length"": ""1', 2', 3', 4', 5', 6'"", ""Color"": ""White, Dark Bronze, Sandstone""}",TEG-bbrp-00056,99.29,"{""attribute_length"": ""6'"", ""attribute_color"": ""Dark Bronze""}"
Cranks and Handle Hardware(113),1″ Aluminum Divided Lite Muntin Bar with Tape,https://truthentrygard.com/product/1-aluminum-divided-lite-muntin-bar-with-tape/,TEG-bbrp-00056,$ 17.66 – $ 99.29 Price range: $17.66 through $99.29,,,"{""Length"": ""1', 2', 3', 4', 5', 6'"", ""Color"": ""White, Dark Bronze, Sandstone""}",TEG-bbrp-00056,99.29,"{""attribute_length"": ""6'"", ""attribute_color"": ""Sandstone""}"
Cranks and Handle Hardware(113),2R Window Limit Device,https://truthentrygard.com/product/2r-window-limit-device/,N/A,$ 135.88,GOT QUESTIONS?! Contact us: info@truthentrygard.com,,"{""Handing"": ""Left, Right""}",,135.88,"{""attribute_handing"": ""Left""}"
Cranks and Handle Hardware(113),7/8″ Aluminum Divided Lite Muntin Bar with Tape,https://truthentrygard.com/product/7-8-aluminum-divided-lite-muntin-bar-with-tape/,TEG-bbrp-00057,$ 13.99 – $ 78.38 Price range: $13.99 through $78.38,"**For questions or concerns, please contact info@truthentrygard.com",,"{""Length"": ""1', 2', 3', 4', 5', 6'"", ""Color"": ""White, Dark Bronze, Sandstone""}",TEG-bbrp-00057,13.99,"{""attribute_length"": ""1'"", ""attribute_color"": ""White""}"
Cranks and Handle Hardware(113),7/8″ Aluminum Divided Lite Muntin Bar with Tape,https://truthentrygard.com/product/7-8-aluminum-divided-lite-muntin-bar-with-tape/,TEG-bbrp-00057,$ 13.99 – $ 78.38 Price range: $13.99 through $78.38,"**For questions or concerns, please contact info@truthentrygard.com",,"{""Length"": ""1', 2', 3', 4', 5', 6'"", ""Color"": ""White, Dark Bronze, Sandstone""}",TEG-bbrp-00057,13.99,"{""attribute_length"": ""1'"", ""attribute_color"": ""Dark Bronze""}"
Cranks and Handle Hardware(113),7/8″ Aluminum Divided Lite Muntin Bar with Tape,https://truthentrygard.com/product/7-8-aluminum-divided-lite-muntin-bar-with-tape/,TEG-bbrp-00057,$ 13.99 – $ 78.38 Price range: $13.99 through $78.38,"**For questions or concerns, please contact info@truthentrygard.com",,"{""Length"": ""1', 2', 3', 4', 5', 6'"", ""Color"": ""White, Dark Bronze, Sandstone""}",TEG-bbrp-00057,13.99,"{""attribute_length"": ""1'"", ""attribute_color"": ""Sandstone""}"
Cranks and Handle Hardware(113),7/8″ Aluminum Divided Lite Muntin Bar with Tape,https://truthentrygard.com/product/7-8-aluminum-divided-lite-muntin-bar-with-tape/,TEG-bbrp-00057,$ 13.99 – $ 78.38 Price range: $13.99 through $78.38,"**For questions or concerns, please contact info@truthentrygard.com",,"{""Length"": ""1', 2', 3', 4', 5', 6'"", ""Color"": ""White, Dark Bronze, Sandstone""}",TEG-bbrp-00057,28.55,"{""attribute_length"": ""2'"", ""attribute_color"": ""White""}"
Cranks and Handle Hardware(113),7/8″ Aluminum Divided Lite Muntin Bar with Tape,https://truthentrygard.com/product/7-8-aluminum-divided-lite-muntin-bar-with-tape/,TEG-bbrp-00057,$ 13.99 – $ 78.38 Price range: $13.99 through $78.38,"**For questions or concerns, please contact info@truthentrygard.com",,"{""Length"": ""1', 2', 3', 4', 5', 6'"", ""Color"": ""White, Dark Bronze, Sandstone""}",TEG-bbrp-00057,28.55,"{""attribute_length"": ""2'"", ""attribute_color"": ""Dark Bronze""}"
Cranks and Handle Hardware(113),7/8″ Aluminum Divided Lite Muntin Bar with Tape,https://truthentrygard.com/product/7-8-aluminum-divided-lite-muntin-bar-with-tape/,TEG-bbrp-00057,$ 13.99 – $ 78.38 Price range: $13.99 through $78.38,"**For questions or concerns, please contact info@truthentrygard.com",,"{""Length"": ""1', 2', 3', 4', 5', 6'"", ""Color"": ""White, Dark Bronze, Sandstone""}",TEG-bbrp-00057,28.55,"{""attribute_length"": ""2'"", ""attribute_color"": ""Sandstone""}"
Cranks and Handle Hardware(113),7/8″ Aluminum Divided Lite Muntin Bar with Tape,https://truthentrygard.com/product/7-8-aluminum-divided-lite-muntin-bar-with-tape/,TEG-bbrp-00057,$ 13.99 – $ 78.38 Price range: $13.99 through $78.38,"**For questions or concerns, please contact info@truthentrygard.com",,"{""Length"": ""1', 2', 3', 4', 5', 6'"", ""Color"": ""White, Dark Bronze, Sandstone""}",TEG-bbrp-00057,45.44,"{""attribute_length"": ""3'"", ""attribute_color"": ""White""}"
Cranks and Handle Hardware(113),7/8″ Aluminum Divided Lite Muntin Bar with Tape,https://truthentrygard.com/product/7-8-aluminum-divided-lite-muntin-bar-with-tape/,TEG-bbrp-00057,$ 13.99 – $ 78.38 Price range: $13.99 through $78.38,"**For questions or concerns, please contact info@truthentrygard.com",,"{""Length"": ""1', 2', 3', 4', 5', 6'"", ""Color"": ""White, Dark Bronze, Sandstone""}",TEG-bbrp-00057,45.44,"{""attribute_length"": ""3'"", ""attribute_color"": ""Dark Bronze""}"
Cranks and Handle Hardware(113),7/8″ Aluminum Divided Lite Muntin Bar with Tape,https://truthentrygard.com/product/7-8-aluminum-divided-lite-muntin-bar-with-tape/,TEG-bbrp-00057,$ 13.99 – $ 78.38 Price range: $13.99 through $78.38,"**For questions or concerns, please contact info@truthentrygard.com",,"{""Length"": ""1', 2', 3', 4', 5', 6'"", ""Color"": ""White, Dark Bronze, Sandstone""}",TEG-bbrp-00057,45.44,"{""attribute_length"": ""3'"", ""attribute_color"": ""Sandstone""}"
Cranks and Handle Hardware(113),7/8″ Aluminum Divided Lite Muntin Bar with Tape,https://truthentrygard.com/product/7-8-aluminum-divided-lite-muntin-bar-with-tape/,TEG-bbrp-00057,$ 13.99 – $ 78.38 Price range: $13.99 through $78.38,"**For questions or concerns, please contact info@truthentrygard.com",,"{""Length"": ""1', 2', 3', 4', 5', 6'"", ""Color"": ""White, Dark Bronze, Sandstone""}",TEG-bbrp-00057,52.22,"{""attribute_length"": ""4'"", ""attribute_color"": ""White""}"
Cranks and Handle Hardware(113),7/8″ Aluminum Divided Lite Muntin Bar with Tape,https://truthentrygard.com/product/7-8-aluminum-divided-lite-muntin-bar-with-tape/,TEG-bbrp-00057,$ 13.99 – $ 78.38 Price range: $13.99 through $78.38,"**For questions or concerns, please contact info@truthentrygard.com",,"{""Length"": ""1', 2', 3', 4', 5', 6'"", ""Color"": ""White, Dark Bronze, Sandstone""}",TEG-bbrp-00057,52.22,"{""attribute_length"": ""4'"", ""attribute_color"": ""Dark Bronze""}"
Cranks and Handle Hardware(113),7/8″ Aluminum Divided Lite Muntin Bar with Tape,https://truthentrygard.com/product/7-8-aluminum-divided-lite-muntin-bar-with-tape/,TEG-bbrp-00057,$ 13.99 – $ 78.38 Price range: $13.99 through $78.38,"**For questions or concerns, please contact info@truthentrygard.com",,"{""Length"": ""1', 2', 3', 4', 5', 6'"", ""Color"": ""White, Dark Bronze, Sandstone""}",TEG-bbrp-00057,52.22,"{""attribute_length"": ""4'"", ""attribute_color"": ""Sandstone""}"
Cranks and Handle Hardware(113),7/8″ Aluminum Divided Lite Muntin Bar with Tape,https://truthentrygard.com/product/7-8-aluminum-divided-lite-muntin-bar-with-tape/,TEG-bbrp-00057,$ 13.99 – $ 78.38 Price range: $13.99 through $78.38,"**For questions or concerns, please contact info@truthentrygard.com",,"{""Length"": ""1', 2', 3', 4', 5', 6'"", ""Color"": ""White, Dark Bronze, Sandstone""}",TEG-bbrp-00057,71.44,"{""attribute_length"": ""5'"", ""attribute_color"": ""White""}"
Cranks and Handle Hardware(113),7/8″ Aluminum Divided Lite Muntin Bar with Tape,https://truthentrygard.com/product/7-8-aluminum-divided-lite-muntin-bar-with-tape/,TEG-bbrp-00057,$ 13.99 – $ 78.38 Price range: $13.99 through $78.38,"**For questions or concerns, please contact info@truthentrygard.com",,"{""Length"": ""1', 2', 3', 4', 5', 6'"", ""Color"": ""White, Dark Bronze, Sandstone""}",TEG-bbrp-00057,71.44,"{""attribute_length"": ""5'"", ""attribute_color"": ""Dark Bronze""}"
Cranks and Handle Hardware(113),7/8″ Aluminum Divided Lite Muntin Bar with Tape,https://truthentrygard.com/product/7-8-aluminum-divided-lite-muntin-bar-with-tape/,TEG-bbrp-00057,$ 13.99 – $ 78.38 Price range: $13.99 through $78.38,"**For questions or concerns, please contact info@truthentrygard.com",,"{""Length"": ""1', 2', 3', 4', 5', 6'"", ""Color"": ""White, Dark Bronze, Sandstone""}",TEG-bbrp-00057,71.44,"{""attribute_length"": ""5'"", ""attribute_color"": ""Sandstone""}"
Cranks and Handle Hardware(113),7/8″ Aluminum Divided Lite Muntin Bar with Tape,https://truthentrygard.com/product/7-8-aluminum-divided-lite-muntin-bar-with-tape/,TEG-bbrp-00057,$ 13.99 – $ 78.38 Price range: $13.99 through $78.38,"**For questions or concerns, please contact info@truthentrygard.com",,"{""Length"": ""1', 2', 3', 4', 5', 6'"", ""Color"": ""White, Dark Bronze, Sandstone""}",TEG-bbrp-00057,78.38,"{""attribute_length"": ""6'"", ""attribute_color"": ""White""}"
Cranks and Handle Hardware(113),7/8″ Aluminum Divided Lite Muntin Bar with Tape,https://truthentrygard.com/product/7-8-aluminum-divided-lite-muntin-bar-with-tape/,TEG-bbrp-00057,$ 13.99 – $ 78.38 Price range: $13.99 through $78.38,"**For questions or concerns, please contact info@truthentrygard.com",,"{""Length"": ""1', 2', 3', 4', 5', 6'"", ""Color"": ""White, Dark Bronze, Sandstone""}",TEG-bbrp-00057,78.38,"{""attribute_length"": ""6'"", ""attribute_color"": ""Dark Bronze""}"
Cranks and Handle Hardware(113),7/8″ Aluminum Divided Lite Muntin Bar with Tape,https://truthentrygard.com/product/7-8-aluminum-divided-lite-muntin-bar-with-tape/,TEG-bbrp-00057,$ 13.99 – $ 78.38 Price range: $13.99 through $78.38,"**For questions or concerns, please contact info@truthentrygard.com",,"{""Length"": ""1', 2', 3', 4', 5', 6'"", ""Color"": ""White, Dark Bronze, Sandstone""}",TEG-bbrp-00057,78.38,"{""attribute_length"": ""6'"", ""attribute_color"": ""Sandstone""}"
Cranks and Handle Hardware(113),7/8″ Wood Divided Lite Muntin,https://truthentrygard.com/product/7-8-wood-divided-lite-muntin/,TEG-bbrp-00058,$ 5.16 – $ 30.97 Price range: $5.16 through $30.97,"**For questions or concerns, please contact info@truthentrygard.com",,"{""Length"": ""1', 2', 3', 4', 5', 6'""}",TEG-bbrp-00058,5.16,"{""attribute_length"": ""1'""}"
Cranks and Handle Hardware(113),7/8″ Wood Divided Lite Muntin,https://truthentrygard.com/product/7-8-wood-divided-lite-muntin/,TEG-bbrp-00058,$ 5.16 – $ 30.97 Price range: $5.16 through $30.97,"**For questions or concerns, please contact info@truthentrygard.com",,"{""Length"": ""1', 2', 3', 4', 5', 6'""}",TEG-bbrp-00058,10.33,"{""attribute_length"": ""2'""}"
Cranks and Handle Hardware(113),7/8″ Wood Divided Lite Muntin,https://truthentrygard.com/product/7-8-wood-divided-lite-muntin/,TEG-bbrp-00058,$ 5.16 – $ 30.97 Price range: $5.16 through $30.97,"**For questions or concerns, please contact info@truthentrygard.com",,"{""Length"": ""1', 2', 3', 4', 5', 6'""}",TEG-bbrp-00058,15.48,"{""attribute_length"": ""3'""}"
Cranks and Handle Hardware(113),7/8″ Wood Divided Lite Muntin,https://truthentrygard.com/product/7-8-wood-divided-lite-muntin/,TEG-bbrp-00058,$ 5.16 – $ 30.97 Price range: $5.16 through $30.97,"**For questions or concerns, please contact info@truthentrygard.com",,"{""Length"": ""1', 2', 3', 4', 5', 6'""}",TEG-bbrp-00058,20.65,"{""attribute_length"": ""4'""}"
Cranks and Handle Hardware(113),7/8″ Wood Divided Lite Muntin,https://truthentrygard.com/product/7-8-wood-divided-lite-muntin/,TEG-bbrp-00058,$ 5.16 – $ 30.97 Price range: $5.16 through $30.97,"**For questions or concerns, please contact info@truthentrygard.com",,"{""Length"": ""1', 2', 3', 4', 5', 6'""}",TEG-bbrp-00058,25.81,"{""attribute_length"": ""5'""}"
Cranks and Handle Hardware(113),7/8″ Wood Divided Lite Muntin,https://truthentrygard.com/product/7-8-wood-divided-lite-muntin/,TEG-bbrp-00058,$ 5.16 – $ 30.97 Price range: $5.16 through $30.97,"**For questions or concerns, please contact info@truthentrygard.com",,"{""Length"": ""1', 2', 3', 4', 5', 6'""}",TEG-bbrp-00058,30.97,"{""attribute_length"": ""6'""}"
Cranks and Handle Hardware(113),Anderson Andersen Window Door Replacement Hardware Parts Free ID Help,https://truthentrygard.com/product/anderson-andersen-window-door-replacement-hardware-parts-free-id-help/,TEG- 2573517 1274104,$ 16.92,,,{},,,
Cranks and Handle Hardware(113),Ashland Dual Arm Casement Window Operator Components,https://truthentrygard.com/product/ashland-dual-arm-casement-window-operator-components/,TEG-OT-565SS,$ 80.88,Got Questions? Not sure what you need? Feel free to email: info@truthentrygard.com NOT SURE WHAT YOU NEED?!? EMAIL PICTURES AND WE WILL GET YOU TAKEN CARE OF!,,"{""Handing"": ""Left, Right""}",TEG-OT-565SS,80.88,"{""attribute_pa_handing"": ""left""}"
Cranks and Handle Hardware(113),Ashland Dual Arm Casement Window Operator Components,https://truthentrygard.com/product/ashland-dual-arm-casement-window-operator-components/,TEG-OT-565SS,$ 80.88,Got Questions? Not sure what you need? Feel free to email: info@truthentrygard.com NOT SURE WHAT YOU NEED?!? EMAIL PICTURES AND WE WILL GET YOU TAKEN CARE OF!,,"{""Handing"": ""Left, Right""}",TEG-OT-565SS,80.88,"{""attribute_pa_handing"": ""right""}"
Cranks and Handle Hardware(113),Awning Window Operator Parts | 29168 AWNING UNIT ASSEMBLY 28.75″,https://truthentrygard.com/product/awning-window-operator-parts-29168-awning-unit-assembly-28-75/,TEG-29-168,$ 207.91,"For questions or concerns, please contact info@truthentrygard.com",,{},,,
Cranks and Handle Hardware(113),CAM SASH LOCK | ENTRYGARD | TRUTH HARDWARE,https://truthentrygard.com/product/cam-sash-lock-entrygard/,TEG-,$ 32.22,GOT QUESTIONS?! Contact us at info@truthentrygard.com,,"{""Color"": ""Bronze, White""}",TEG-,32.22,"{""attribute_pa_color"": ""bronze""}"
Cranks and Handle Hardware(113),CAM SASH LOCK | ENTRYGARD | TRUTH HARDWARE,https://truthentrygard.com/product/cam-sash-lock-entrygard/,TEG-,$ 32.22,GOT QUESTIONS?! Contact us at info@truthentrygard.com,,"{""Color"": ""Bronze, White""}",TEG-,32.22,"{""attribute_pa_color"": ""white""}"
Cranks and Handle Hardware(113),CARADCO CONTOUR HANDLE AND COVER,https://truthentrygard.com/product/caradco-contour-handle-and-cover/,PEOFP-HC-2,$ 28.88 – $ 32.88 Price range: $28.88 through $32.88,GOT QUESTIONS?! Contact us at info@truthentrygard.com,,"{""Color"": ""Beige, Black, Bronze, Chestnut Bronze, Clay, Coppertone, Gold, Satin Taupe, White""}",PEOFP-HC-2,28.88,"{""attribute_pa_color"": ""beige""}"
Cranks and Handle Hardware(113),CARADCO CONTOUR HANDLE AND COVER,https://truthentrygard.com/product/caradco-contour-handle-and-cover/,PEOFP-HC-2,$ 28.88 – $ 32.88 Price range: $28.88 through $32.88,GOT QUESTIONS?! Contact us at info@truthentrygard.com,,"{""Color"": ""Beige, Black, Bronze, Chestnut Bronze, Clay, Coppertone, Gold, Satin Taupe, White""}",PEOFP-HC-2,28.88,"{""attribute_pa_color"": ""black""}"
Cranks and Handle Hardware(113),CARADCO CONTOUR HANDLE AND COVER,https://truthentrygard.com/product/caradco-contour-handle-and-cover/,PEOFP-HC-2,$ 28.88 – $ 32.88 Price range: $28.88 through $32.88,GOT QUESTIONS?! Contact us at info@truthentrygard.com,,"{""Color"": ""Beige, Black, Bronze, Chestnut Bronze, Clay, Coppertone, Gold, Satin Taupe, White""}",PEOFP-HC-2,28.88,"{""attribute_pa_color"": ""chestnut-bronze""}"
Cranks and Handle Hardware(113),CARADCO CONTOUR HANDLE AND COVER,https://truthentrygard.com/product/caradco-contour-handle-and-cover/,PEOFP-HC-2,$ 28.88 – $ 32.88 Price range: $28.88 through $32.88,GOT QUESTIONS?! Contact us at info@truthentrygard.com,,"{""Color"": ""Beige, Black, Bronze, Chestnut Bronze, Clay, Coppertone, Gold, Satin Taupe, White""}",PEOFP-HC-2,28.88,"{""attribute_pa_color"": ""clay""}"
Cranks and Handle Hardware(113),CARADCO CONTOUR HANDLE AND COVER,https://truthentrygard.com/product/caradco-contour-handle-and-cover/,PEOFP-HC-2,$ 28.88 – $ 32.88 Price range: $28.88 through $32.88,GOT QUESTIONS?! Contact us at info@truthentrygard.com,,"{""Color"": ""Beige, Black, Bronze, Chestnut Bronze, Clay, Coppertone, Gold, Satin Taupe, White""}",PEOFP-HC-2,29.88,"{""attribute_pa_color"": ""coppertone""}"
Cranks and Handle Hardware(113),CARADCO CONTOUR HANDLE AND COVER,https://truthentrygard.com/product/caradco-contour-handle-and-cover/,PEOFP-HC-2,$ 28.88 – $ 32.88 Price range: $28.88 through $32.88,GOT QUESTIONS?! Contact us at info@truthentrygard.com,,"{""Color"": ""Beige, Black, Bronze, Chestnut Bronze, Clay, Coppertone, Gold, Satin Taupe, White""}",PEOFP-HC-2,32.88,"{""attribute_pa_color"": ""gold""}"
Cranks and Handle Hardware(113),CARADCO CONTOUR HANDLE AND COVER,https://truthentrygard.com/product/caradco-contour-handle-and-cover/,PEOFP-HC-2,$ 28.88 – $ 32.88 Price range: $28.88 through $32.88,GOT QUESTIONS?! Contact us at info@truthentrygard.com,,"{""Color"": ""Beige, Black, Bronze, Chestnut Bronze, Clay, Coppertone, Gold, Satin Taupe, White""}",PEOFP-HC-2,28.88,"{""attribute_pa_color"": ""bronze""}"
Cranks and Handle Hardware(113),CARADCO CONTOUR HANDLE AND COVER,https://truthentrygard.com/product/caradco-contour-handle-and-cover/,PEOFP-HC-2,$ 28.88 – $ 32.88 Price range: $28.88 through $32.88,GOT QUESTIONS?! Contact us at info@truthentrygard.com,,"{""Color"": ""Beige, Black, Bronze, Chestnut Bronze, Clay, Coppertone, Gold, Satin Taupe, White""}",PEOFP-HC-2,28.88,"{""attribute_pa_color"": ""satin-taupe""}"
Cranks and Handle Hardware(113),CARADCO CONTOUR HANDLE AND COVER,https://truthentrygard.com/product/caradco-contour-handle-and-cover/,PEOFP-HC-2,$ 28.88 – $ 32.88 Price range: $28.88 through $32.88,GOT QUESTIONS?! Contact us at info@truthentrygard.com,,"{""Color"": ""Beige, Black, Bronze, Chestnut Bronze, Clay, Coppertone, Gold, Satin Taupe, White""}",PEOFP-HC-2,28.88,"{""attribute_pa_color"": ""white""}"
Cranks and Handle Hardware(113),"Casement & Awning Window Replacement Parts | Operators, Cranks, Handles | Norco NorClad Jeld-Wen, Pozzi and Others",https://truthentrygard.com/product/casement-awning-window-replacement-parts-operators-cranks-handles-norco-norclad-jeld-wen-pozzi-and-others/,All Window Door Parts Group USA,$ 130.27,,,{},,,
Cranks and Handle Hardware(113),Casement and Awning Window Styles – Narrow Sash Leaf Seals | Beige Tan | Home Owner Contractor Packs Available,https://truthentrygard.com/product/casement-and-awning-window-styles-narrow-sash-leaf-seals-beige-tan-home-owner-contractor-packs-available/,TEG-bbrp-00025,$ 37.51,"For questions or concerns, please contact info@truthentrygard.com",,{},,,
Cranks and Handle Hardware(113),Casement Awning Window Parts | Foam Seal Weatherstrip,https://truthentrygard.com/product/casement-awning-window-parts-foam-seal-weatherstrip/,TOOLP-WHT,"$ 1,063.22",HAVE QUESTIONS??? CONTACT INFO@TRUTHENTRYGARD.COM,,{},,,
Cranks and Handle Hardware(113),Casement Operator Cover with Folding Handle,https://truthentrygard.com/product/casement-operator-cover-with-folding-handle/,TEG-bbrp-00018,$ 45.42,"**For questions or concerns, please contact info@truthentrygard.com",,"{""Color"": ""White, Gold, Dark Bronze"", ""Casement Hinges"": ""Left Hand, Right Hand""}",TEG-bbrp-00018,45.42,"{""attribute_color"": ""White"", ""attribute_casement-hinges"": ""Left Hand""}"
Cranks and Handle Hardware(113),Casement Operator Cover with Folding Handle,https://truthentrygard.com/product/casement-operator-cover-with-folding-handle/,TEG-bbrp-00018,$ 45.42,"**For questions or concerns, please contact info@truthentrygard.com",,"{""Color"": ""White, Gold, Dark Bronze"", ""Casement Hinges"": ""Left Hand, Right Hand""}",TEG-bbrp-00018,45.42,"{""attribute_color"": ""White"", ""attribute_casement-hinges"": ""Right Hand""}"
Cranks and Handle Hardware(113),Casement Operator Cover with Folding Handle,https://truthentrygard.com/product/casement-operator-cover-with-folding-handle/,TEG-bbrp-00018,$ 45.42,"**For questions or concerns, please contact info@truthentrygard.com",,"{""Color"": ""White, Gold, Dark Bronze"", ""Casement Hinges"": ""Left Hand, Right Hand""}",TEG-bbrp-00018,45.42,"{""attribute_color"": ""Gold"", ""attribute_casement-hinges"": ""Left Hand""}"
Cranks and Handle Hardware(113),Casement Operator Cover with Folding Handle,https://truthentrygard.com/product/casement-operator-cover-with-folding-handle/,TEG-bbrp-00018,$ 45.42,"**For questions or concerns, please contact info@truthentrygard.com",,"{""Color"": ""White, Gold, Dark Bronze"", ""Casement Hinges"": ""Left Hand, Right Hand""}",TEG-bbrp-00018,45.42,"{""attribute_color"": ""Gold"", ""attribute_casement-hinges"": ""Right Hand""}"
Cranks and Handle Hardware(113),Casement Operator Cover with Folding Handle,https://truthentrygard.com/product/casement-operator-cover-with-folding-handle/,TEG-bbrp-00018,$ 45.42,"**For questions or concerns, please contact info@truthentrygard.com",,"{""Color"": ""White, Gold, Dark Bronze"", ""Casement Hinges"": ""Left Hand, Right Hand""}",TEG-bbrp-00018,45.42,"{""attribute_color"": ""Dark Bronze"", ""attribute_casement-hinges"": ""Left Hand""}"
Cranks and Handle Hardware(113),Casement Operator Cover with Folding Handle,https://truthentrygard.com/product/casement-operator-cover-with-folding-handle/,TEG-bbrp-00018,$ 45.42,"**For questions or concerns, please contact info@truthentrygard.com",,"{""Color"": ""White, Gold, Dark Bronze"", ""Casement Hinges"": ""Left Hand, Right Hand""}",TEG-bbrp-00018,45.42,"{""attribute_color"": ""Dark Bronze"", ""attribute_casement-hinges"": ""Right Hand""}"
Casement Parts(149),.300 Kerf Insert Weather-Strip Seal,https://truthentrygard.com/product/300-kerf-insert-weather-strip-seal/,TEG-LPB-713.,$ 0.00,Got Questions? Not sure what you need? Feel free to email: info@truthentrygard.com NOT SURE WHAT YOU NEED?!? EMAIL PICTURES AND WE WILL GET YOU TAKEN CARE OF!,,{},,,
Casement Parts(149),1 3/8″ Aluminum Divided Lite Muntin Bar with Tape,https://truthentrygard.com/product/1-3-8-aluminum-divided-lite-muntin-bar-with-tape/,TEG-bbrp-00055,$ 23.88,"**For questions or concerns, please contact info@truthentrygard.com",,"{""Length"": ""1', 2', 3', 4', 5', 6'"", ""Color"": ""White, Dark Bronze, Sandstone""}",TEG-bbrp-00055,23.88,"{""attribute_length"": ""1'"", ""attribute_color"": ""White""}"
Casement Parts(149),1 3/8″ Aluminum Divided Lite Muntin Bar with Tape,https://truthentrygard.com/product/1-3-8-aluminum-divided-lite-muntin-bar-with-tape/,TEG-bbrp-00055,$ 23.88,"**For questions or concerns, please contact info@truthentrygard.com",,"{""Length"": ""1', 2', 3', 4', 5', 6'"", ""Color"": ""White, Dark Bronze, Sandstone""}",TEG-bbrp-00055,23.88,"{""attribute_length"": ""1'"", ""attribute_color"": ""Dark Bronze""}"
Casement Parts(149),1 3/8″ Aluminum Divided Lite Muntin Bar with Tape,https://truthentrygard.com/product/1-3-8-aluminum-divided-lite-muntin-bar-with-tape/,TEG-bbrp-00055,$ 23.88,"**For questions or concerns, please contact info@truthentrygard.com",,"{""Length"": ""1', 2', 3', 4', 5', 6'"", ""Color"": ""White, Dark Bronze, Sandstone""}",TEG-bbrp-00055,23.88,"{""attribute_length"": ""1'"", ""attribute_color"": ""Sandstone""}"
Casement Parts(149),1 3/8″ Aluminum Divided Lite Muntin Bar with Tape,https://truthentrygard.com/product/1-3-8-aluminum-divided-lite-muntin-bar-with-tape/,TEG-bbrp-00055,$ 23.88,"**For questions or concerns, please contact info@truthentrygard.com",,"{""Length"": ""1', 2', 3', 4', 5', 6'"", ""Color"": ""White, Dark Bronze, Sandstone""}",TEG-bbrp-00055,23.88,"{""attribute_length"": ""2'"", ""attribute_color"": ""White""}"
Casement Parts(149),1 3/8″ Aluminum Divided Lite Muntin Bar with Tape,https://truthentrygard.com/product/1-3-8-aluminum-divided-lite-muntin-bar-with-tape/,TEG-bbrp-00055,$ 23.88,"**For questions or concerns, please contact info@truthentrygard.com",,"{""Length"": ""1', 2', 3', 4', 5', 6'"", ""Color"": ""White, Dark Bronze, Sandstone""}",TEG-bbrp-00055,23.88,"{""attribute_length"": ""2'"", ""attribute_color"": ""Dark Bronze""}"
Casement Parts(149),1 3/8″ Aluminum Divided Lite Muntin Bar with Tape,https://truthentrygard.com/product/1-3-8-aluminum-divided-lite-muntin-bar-with-tape/,TEG-bbrp-00055,$ 23.88,"**For questions or concerns, please contact info@truthentrygard.com",,"{""Length"": ""1', 2', 3', 4', 5', 6'"", ""Color"": ""White, Dark Bronze, Sandstone""}",TEG-bbrp-00055,23.88,"{""attribute_length"": ""2'"", ""attribute_color"": ""Sandstone""}"
Casement Parts(149),1 3/8″ Aluminum Divided Lite Muntin Bar with Tape,https://truthentrygard.com/product/1-3-8-aluminum-divided-lite-muntin-bar-with-tape/,TEG-bbrp-00055,$ 23.88,"**For questions or concerns, please contact info@truthentrygard.com",,"{""Length"": ""1', 2', 3', 4', 5', 6'"", ""Color"": ""White, Dark Bronze, Sandstone""}",TEG-bbrp-00055,23.88,"{""attribute_length"": ""3'"", ""attribute_color"": ""White""}"
Casement Parts(149),1 3/8″ Aluminum Divided Lite Muntin Bar with Tape,https://truthentrygard.com/product/1-3-8-aluminum-divided-lite-muntin-bar-with-tape/,TEG-bbrp-00055,$ 23.88,"**For questions or concerns, please contact info@truthentrygard.com",,"{""Length"": ""1', 2', 3', 4', 5', 6'"", ""Color"": ""White, Dark Bronze, Sandstone""}",TEG-bbrp-00055,23.88,"{""attribute_length"": ""3'"", ""attribute_color"": ""Dark Bronze""}"
Casement Parts(149),1 3/8″ Aluminum Divided Lite Muntin Bar with Tape,https://truthentrygard.com/product/1-3-8-aluminum-divided-lite-muntin-bar-with-tape/,TEG-bbrp-00055,$ 23.88,"**For questions or concerns, please contact info@truthentrygard.com",,"{""Length"": ""1', 2', 3', 4', 5', 6'"", ""Color"": ""White, Dark Bronze, Sandstone""}",TEG-bbrp-00055,23.88,"{""attribute_length"": ""3'"", ""attribute_color"": ""Sandstone""}"
Casement Parts(149),1 3/8″ Aluminum Divided Lite Muntin Bar with Tape,https://truthentrygard.com/product/1-3-8-aluminum-divided-lite-muntin-bar-with-tape/,TEG-bbrp-00055,$ 23.88,"**For questions or concerns, please contact info@truthentrygard.com",,"{""Length"": ""1', 2', 3', 4', 5', 6'"", ""Color"": ""White, Dark Bronze, Sandstone""}",TEG-bbrp-00055,23.88,"{""attribute_length"": ""4'"", ""attribute_color"": ""White""}"
Casement Parts(149),1 3/8″ Aluminum Divided Lite Muntin Bar with Tape,https://truthentrygard.com/product/1-3-8-aluminum-divided-lite-muntin-bar-with-tape/,TEG-bbrp-00055,$ 23.88,"**For questions or concerns, please contact info@truthentrygard.com",,"{""Length"": ""1', 2', 3', 4', 5', 6'"", ""Color"": ""White, Dark Bronze, Sandstone""}",TEG-bbrp-00055,23.88,"{""attribute_length"": ""4'"", ""attribute_color"": ""Dark Bronze""}"
Casement Parts(149),1 3/8″ Aluminum Divided Lite Muntin Bar with Tape,https://truthentrygard.com/product/1-3-8-aluminum-divided-lite-muntin-bar-with-tape/,TEG-bbrp-00055,$ 23.88,"**For questions or concerns, please contact info@truthentrygard.com",,"{""Length"": ""1', 2', 3', 4', 5', 6'"", ""Color"": ""White, Dark Bronze, Sandstone""}",TEG-bbrp-00055,23.88,"{""attribute_length"": ""4'"", ""attribute_color"": ""Sandstone""}"
Casement Parts(149),1 3/8″ Aluminum Divided Lite Muntin Bar with Tape,https://truthentrygard.com/product/1-3-8-aluminum-divided-lite-muntin-bar-with-tape/,TEG-bbrp-00055,$ 23.88,"**For questions or concerns, please contact info@truthentrygard.com",,"{""Length"": ""1', 2', 3', 4', 5', 6'"", ""Color"": ""White, Dark Bronze, Sandstone""}",TEG-bbrp-00055,23.88,"{""attribute_length"": ""5'"", ""attribute_color"": ""White""}"
Casement Parts(149),1 3/8″ Aluminum Divided Lite Muntin Bar with Tape,https://truthentrygard.com/product/1-3-8-aluminum-divided-lite-muntin-bar-with-tape/,TEG-bbrp-00055,$ 23.88,"**For questions or concerns, please contact info@truthentrygard.com",,"{""Length"": ""1', 2', 3', 4', 5', 6'"", ""Color"": ""White, Dark Bronze, Sandstone""}",TEG-bbrp-00055,23.88,"{""attribute_length"": ""5'"", ""attribute_color"": ""Dark Bronze""}"
Casement Parts(149),1 3/8″ Aluminum Divided Lite Muntin Bar with Tape,https://truthentrygard.com/product/1-3-8-aluminum-divided-lite-muntin-bar-with-tape/,TEG-bbrp-00055,$ 23.88,"**For questions or concerns, please contact info@truthentrygard.com",,"{""Length"": ""1', 2', 3', 4', 5', 6'"", ""Color"": ""White, Dark Bronze, Sandstone""}",TEG-bbrp-00055,23.88,"{""attribute_length"": ""5'"", ""attribute_color"": ""Sandstone""}"
Casement Parts(149),1 3/8″ Aluminum Divided Lite Muntin Bar with Tape,https://truthentrygard.com/product/1-3-8-aluminum-divided-lite-muntin-bar-with-tape/,TEG-bbrp-00055,$ 23.88,"**For questions or concerns, please contact info@truthentrygard.com",,"{""Length"": ""1', 2', 3', 4', 5', 6'"", ""Color"": ""White, Dark Bronze, Sandstone""}",TEG-bbrp-00055,23.88,"{""attribute_length"": ""6'"", ""attribute_color"": ""White""}"
Casement Parts(149),1 3/8″ Aluminum Divided Lite Muntin Bar with Tape,https://truthentrygard.com/product/1-3-8-aluminum-divided-lite-muntin-bar-with-tape/,TEG-bbrp-00055,$ 23.88,"**For questions or concerns, please contact info@truthentrygard.com",,"{""Length"": ""1', 2', 3', 4', 5', 6'"", ""Color"": ""White, Dark Bronze, Sandstone""}",TEG-bbrp-00055,23.88,"{""attribute_length"": ""6'"", ""attribute_color"": ""Dark Bronze""}"
Casement Parts(149),1 3/8″ Aluminum Divided Lite Muntin Bar with Tape,https://truthentrygard.com/product/1-3-8-aluminum-divided-lite-muntin-bar-with-tape/,TEG-bbrp-00055,$ 23.88,"**For questions or concerns, please contact info@truthentrygard.com",,"{""Length"": ""1', 2', 3', 4', 5', 6'"", ""Color"": ""White, Dark Bronze, Sandstone""}",TEG-bbrp-00055,23.88,"{""attribute_length"": ""6'"", ""attribute_color"": ""Sandstone""}"
Casement Parts(149),1 3/8″ Wood Divided Lite Muntin Bar with Tape,https://truthentrygard.com/product/1-3-8-wood-divided-lite-muntin-bar-with-tape/,TEG-bbrp-00054,$ 5.95 – $ 35.71 Price range: $5.95 through $35.71,"**For questions or concerns, please contact info@truthentrygard.com",,"{""Length"": ""1', 2', 3', 4', 5', 6'""}",TEG-bbrp-00054,5.95,"{""attribute_length"": ""1'""}"
Casement Parts(149),1 3/8″ Wood Divided Lite Muntin Bar with Tape,https://truthentrygard.com/product/1-3-8-wood-divided-lite-muntin-bar-with-tape/,TEG-bbrp-00054,$ 5.95 – $ 35.71 Price range: $5.95 through $35.71,"**For questions or concerns, please contact info@truthentrygard.com",,"{""Length"": ""1', 2', 3', 4', 5', 6'""}",TEG-bbrp-00054,11.9,"{""attribute_length"": ""2'""}"
Casement Parts(149),1 3/8″ Wood Divided Lite Muntin Bar with Tape,https://truthentrygard.com/product/1-3-8-wood-divided-lite-muntin-bar-with-tape/,TEG-bbrp-00054,$ 5.95 – $ 35.71 Price range: $5.95 through $35.71,"**For questions or concerns, please contact info@truthentrygard.com",,"{""Length"": ""1', 2', 3', 4', 5', 6'""}",TEG-bbrp-00054,17.85,"{""attribute_length"": ""3'""}"
Casement Parts(149),1 3/8″ Wood Divided Lite Muntin Bar with Tape,https://truthentrygard.com/product/1-3-8-wood-divided-lite-muntin-bar-with-tape/,TEG-bbrp-00054,$ 5.95 – $ 35.71 Price range: $5.95 through $35.71,"**For questions or concerns, please contact info@truthentrygard.com",,"{""Length"": ""1', 2', 3', 4', 5', 6'""}",TEG-bbrp-00054,23.81,"{""attribute_length"": ""4'""}"
Casement Parts(149),1 3/8″ Wood Divided Lite Muntin Bar with Tape,https://truthentrygard.com/product/1-3-8-wood-divided-lite-muntin-bar-with-tape/,TEG-bbrp-00054,$ 5.95 – $ 35.71 Price range: $5.95 through $35.71,"**For questions or concerns, please contact info@truthentrygard.com",,"{""Length"": ""1', 2', 3', 4', 5', 6'""}",TEG-bbrp-00054,29.75,"{""attribute_length"": ""5'""}"
Casement Parts(149),1 3/8″ Wood Divided Lite Muntin Bar with Tape,https://truthentrygard.com/product/1-3-8-wood-divided-lite-muntin-bar-with-tape/,TEG-bbrp-00054,$ 5.95 – $ 35.71 Price range: $5.95 through $35.71,"**For questions or concerns, please contact info@truthentrygard.com",,"{""Length"": ""1', 2', 3', 4', 5', 6'""}",TEG-bbrp-00054,35.71,"{""attribute_length"": ""6'""}"
Casement Parts(149),1″ Aluminum Divided Lite Muntin Bar with Tape,https://truthentrygard.com/product/1-aluminum-divided-lite-muntin-bar-with-tape/,TEG-bbrp-00056,$ 17.66 – $ 99.29 Price range: $17.66 through $99.29,,,"{""Length"": ""1', 2', 3', 4', 5', 6'"", ""Color"": ""White, Dark Bronze, Sandstone""}",TEG-bbrp-00056,17.66,"{""attribute_length"": ""1'"", ""attribute_color"": ""White""}"
Casement Parts(149),1″ Aluminum Divided Lite Muntin Bar with Tape,https://truthentrygard.com/product/1-aluminum-divided-lite-muntin-bar-with-tape/,TEG-bbrp-00056,$ 17.66 – $ 99.29 Price range: $17.66 through $99.29,,,"{""Length"": ""1', 2', 3', 4', 5', 6'"", ""Color"": ""White, Dark Bronze, Sandstone""}",TEG-bbrp-00056,17.66,"{""attribute_length"": ""1'"", ""attribute_color"": ""Dark Bronze""}"
Casement Parts(149),1″ Aluminum Divided Lite Muntin Bar with Tape,https://truthentrygard.com/product/1-aluminum-divided-lite-muntin-bar-with-tape/,TEG-bbrp-00056,$ 17.66 – $ 99.29 Price range: $17.66 through $99.29,,,"{""Length"": ""1', 2', 3', 4', 5', 6'"", ""Color"": ""White, Dark Bronze, Sandstone""}",TEG-bbrp-00056,17.66,"{""attribute_length"": ""1'"", ""attribute_color"": ""Sandstone""}"
Casement Parts(149),1″ Aluminum Divided Lite Muntin Bar with Tape,https://truthentrygard.com/product/1-aluminum-divided-lite-muntin-bar-with-tape/,TEG-bbrp-00056,$ 17.66 – $ 99.29 Price range: $17.66 through $99.29,,,"{""Length"": ""1', 2', 3', 4', 5', 6'"", ""Color"": ""White, Dark Bronze, Sandstone""}",TEG-bbrp-00056,33.58,"{""attribute_length"": ""2'"", ""attribute_color"": ""White""}"
Casement Parts(149),1″ Aluminum Divided Lite Muntin Bar with Tape,https://truthentrygard.com/product/1-aluminum-divided-lite-muntin-bar-with-tape/,TEG-bbrp-00056,$ 17.66 – $ 99.29 Price range: $17.66 through $99.29,,,"{""Length"": ""1', 2', 3', 4', 5', 6'"", ""Color"": ""White, Dark Bronze, Sandstone""}",TEG-bbrp-00056,33.58,"{""attribute_length"": ""2'"", ""attribute_color"": ""Dark Bronze""}"
Casement Parts(149),1″ Aluminum Divided Lite Muntin Bar with Tape,https://truthentrygard.com/product/1-aluminum-divided-lite-muntin-bar-with-tape/,TEG-bbrp-00056,$ 17.66 – $ 99.29 Price range: $17.66 through $99.29,,,"{""Length"": ""1', 2', 3', 4', 5', 6'"", ""Color"": ""White, Dark Bronze, Sandstone""}",TEG-bbrp-00056,33.58,"{""attribute_length"": ""2'"", ""attribute_color"": ""Sandstone""}"
Casement Parts(149),1″ Aluminum Divided Lite Muntin Bar with Tape,https://truthentrygard.com/product/1-aluminum-divided-lite-muntin-bar-with-tape/,TEG-bbrp-00056,$ 17.66 – $ 99.29 Price range: $17.66 through $99.29,,,"{""Length"": ""1', 2', 3', 4', 5', 6'"", ""Color"": ""White, Dark Bronze, Sandstone""}",TEG-bbrp-00056,50.79,"{""attribute_length"": ""3'"", ""attribute_color"": ""White""}"
Casement Parts(149),1″ Aluminum Divided Lite Muntin Bar with Tape,https://truthentrygard.com/product/1-aluminum-divided-lite-muntin-bar-with-tape/,TEG-bbrp-00056,$ 17.66 – $ 99.29 Price range: $17.66 through $99.29,,,"{""Length"": ""1', 2', 3', 4', 5', 6'"", ""Color"": ""White, Dark Bronze, Sandstone""}",TEG-bbrp-00056,50.79,"{""attribute_length"": ""3'"", ""attribute_color"": ""Dark Bronze""}"
Casement Parts(149),1″ Aluminum Divided Lite Muntin Bar with Tape,https://truthentrygard.com/product/1-aluminum-divided-lite-muntin-bar-with-tape/,TEG-bbrp-00056,$ 17.66 – $ 99.29 Price range: $17.66 through $99.29,,,"{""Length"": ""1', 2', 3', 4', 5', 6'"", ""Color"": ""White, Dark Bronze, Sandstone""}",TEG-bbrp-00056,50.79,"{""attribute_length"": ""3'"", ""attribute_color"": ""Sandstone""}"
Casement Parts(149),1″ Aluminum Divided Lite Muntin Bar with Tape,https://truthentrygard.com/product/1-aluminum-divided-lite-muntin-bar-with-tape/,TEG-bbrp-00056,$ 17.66 – $ 99.29 Price range: $17.66 through $99.29,,,"{""Length"": ""1', 2', 3', 4', 5', 6'"", ""Color"": ""White, Dark Bronze, Sandstone""}",TEG-bbrp-00056,70.18,"{""attribute_length"": ""4'"", ""attribute_color"": ""White""}"
Casement Parts(149),1″ Aluminum Divided Lite Muntin Bar with Tape,https://truthentrygard.com/product/1-aluminum-divided-lite-muntin-bar-with-tape/,TEG-bbrp-00056,$ 17.66 – $ 99.29 Price range: $17.66 through $99.29,,,"{""Length"": ""1', 2', 3', 4', 5', 6'"", ""Color"": ""White, Dark Bronze, Sandstone""}",TEG-bbrp-00056,70.18,"{""attribute_length"": ""4'"", ""attribute_color"": ""Dark Bronze""}"
Casement Parts(149),1″ Aluminum Divided Lite Muntin Bar with Tape,https://truthentrygard.com/product/1-aluminum-divided-lite-muntin-bar-with-tape/,TEG-bbrp-00056,$ 17.66 – $ 99.29 Price range: $17.66 through $99.29,,,"{""Length"": ""1', 2', 3', 4', 5', 6'"", ""Color"": ""White, Dark Bronze, Sandstone""}",TEG-bbrp-00056,70.18,"{""attribute_length"": ""4'"", ""attribute_color"": ""Sandstone""}"
Casement Parts(149),1″ Aluminum Divided Lite Muntin Bar with Tape,https://truthentrygard.com/product/1-aluminum-divided-lite-muntin-bar-with-tape/,TEG-bbrp-00056,$ 17.66 – $ 99.29 Price range: $17.66 through $99.29,,,"{""Length"": ""1', 2', 3', 4', 5', 6'"", ""Color"": ""White, Dark Bronze, Sandstone""}",TEG-bbrp-00056,88.35,"{""attribute_length"": ""5'"", ""attribute_color"": ""White""}"
Casement Parts(149),1″ Aluminum Divided Lite Muntin Bar with Tape,https://truthentrygard.com/product/1-aluminum-divided-lite-muntin-bar-with-tape/,TEG-bbrp-00056,$ 17.66 – $ 99.29 Price range: $17.66 through $99.29,,,"{""Length"": ""1', 2', 3', 4', 5', 6'"", ""Color"": ""White, Dark Bronze, Sandstone""}",TEG-bbrp-00056,88.35,"{""attribute_length"": ""5'"", ""attribute_color"": ""Dark Bronze""}"
Casement Parts(149),1″ Aluminum Divided Lite Muntin Bar with Tape,https://truthentrygard.com/product/1-aluminum-divided-lite-muntin-bar-with-tape/,TEG-bbrp-00056,$ 17.66 – $ 99.29 Price range: $17.66 through $99.29,,,"{""Length"": ""1', 2', 3', 4', 5', 6'"", ""Color"": ""White, Dark Bronze, Sandstone""}",TEG-bbrp-00056,88.35,"{""attribute_length"": ""5'"", ""attribute_color"": ""Sandstone""}"
Casement Parts(149),1″ Aluminum Divided Lite Muntin Bar with Tape,https://truthentrygard.com/product/1-aluminum-divided-lite-muntin-bar-with-tape/,TEG-bbrp-00056,$ 17.66 – $ 99.29 Price range: $17.66 through $99.29,,,"{""Length"": ""1', 2', 3', 4', 5', 6'"", ""Color"": ""White, Dark Bronze, Sandstone""}",TEG-bbrp-00056,99.29,"{""attribute_length"": ""6'"", ""attribute_color"": ""White""}"
Casement Parts(149),1″ Aluminum Divided Lite Muntin Bar with Tape,https://truthentrygard.com/product/1-aluminum-divided-lite-muntin-bar-with-tape/,TEG-bbrp-00056,$ 17.66 – $ 99.29 Price range: $17.66 through $99.29,,,"{""Length"": ""1', 2', 3', 4', 5', 6'"", ""Color"": ""White, Dark Bronze, Sandstone""}",TEG-bbrp-00056,99.29,"{""attribute_length"": ""6'"", ""attribute_color"": ""Dark Bronze""}"
Casement Parts(149),1″ Aluminum Divided Lite Muntin Bar with Tape,https://truthentrygard.com/product/1-aluminum-divided-lite-muntin-bar-with-tape/,TEG-bbrp-00056,$ 17.66 – $ 99.29 Price range: $17.66 through $99.29,,,"{""Length"": ""1', 2', 3', 4', 5', 6'"", ""Color"": ""White, Dark Bronze, Sandstone""}",TEG-bbrp-00056,99.29,"{""attribute_length"": ""6'"", ""attribute_color"": ""Sandstone""}"
Casement Parts(149),2R Window Limit Device,https://truthentrygard.com/product/2r-window-limit-device/,N/A,$ 135.88,GOT QUESTIONS?! Contact us: info@truthentrygard.com,,"{""Handing"": ""Left, Right""}",,135.88,"{""attribute_handing"": ""Left""}"
Casement Parts(149),7/8″ Aluminum Divided Lite Muntin Bar with Tape,https://truthentrygard.com/product/7-8-aluminum-divided-lite-muntin-bar-with-tape/,TEG-bbrp-00057,$ 13.99 – $ 78.38 Price range: $13.99 through $78.38,"**For questions or concerns, please contact info@truthentrygard.com",,"{""Length"": ""1', 2', 3', 4', 5', 6'"", ""Color"": ""White, Dark Bronze, Sandstone""}",TEG-bbrp-00057,13.99,"{""attribute_length"": ""1'"", ""attribute_color"": ""White""}"
Casement Parts(149),7/8″ Aluminum Divided Lite Muntin Bar with Tape,https://truthentrygard.com/product/7-8-aluminum-divided-lite-muntin-bar-with-tape/,TEG-bbrp-00057,$ 13.99 – $ 78.38 Price range: $13.99 through $78.38,"**For questions or concerns, please contact info@truthentrygard.com",,"{""Length"": ""1', 2', 3', 4', 5', 6'"", ""Color"": ""White, Dark Bronze, Sandstone""}",TEG-bbrp-00057,13.99,"{""attribute_length"": ""1'"", ""attribute_color"": ""Dark Bronze""}"
Casement Parts(149),7/8″ Aluminum Divided Lite Muntin Bar with Tape,https://truthentrygard.com/product/7-8-aluminum-divided-lite-muntin-bar-with-tape/,TEG-bbrp-00057,$ 13.99 – $ 78.38 Price range: $13.99 through $78.38,"**For questions or concerns, please contact info@truthentrygard.com",,"{""Length"": ""1', 2', 3', 4', 5', 6'"", ""Color"": ""White, Dark Bronze, Sandstone""}",TEG-bbrp-00057,13.99,"{""attribute_length"": ""1'"", ""attribute_color"": ""Sandstone""}"
Casement Parts(149),7/8″ Aluminum Divided Lite Muntin Bar with Tape,https://truthentrygard.com/product/7-8-aluminum-divided-lite-muntin-bar-with-tape/,TEG-bbrp-00057,$ 13.99 – $ 78.38 Price range: $13.99 through $78.38,"**For questions or concerns, please contact info@truthentrygard.com",,"{""Length"": ""1', 2', 3', 4', 5', 6'"", ""Color"": ""White, Dark Bronze, Sandstone""}",TEG-bbrp-00057,28.55,"{""attribute_length"": ""2'"", ""attribute_color"": ""White""}"
Casement Parts(149),7/8″ Aluminum Divided Lite Muntin Bar with Tape,https://truthentrygard.com/product/7-8-aluminum-divided-lite-muntin-bar-with-tape/,TEG-bbrp-00057,$ 13.99 – $ 78.38 Price range: $13.99 through $78.38,"**For questions or concerns, please contact info@truthentrygard.com",,"{""Length"": ""1', 2', 3', 4', 5', 6'"", ""Color"": ""White, Dark Bronze, Sandstone""}",TEG-bbrp-00057,28.55,"{""attribute_length"": ""2'"", ""attribute_color"": ""Dark Bronze""}"
Casement Parts(149),7/8″ Aluminum Divided Lite Muntin Bar with Tape,https://truthentrygard.com/product/7-8-aluminum-divided-lite-muntin-bar-with-tape/,TEG-bbrp-00057,$ 13.99 – $ 78.38 Price range: $13.99 through $78.38,"**For questions or concerns, please contact info@truthentrygard.com",,"{""Length"": ""1', 2', 3', 4', 5', 6'"", ""Color"": ""White, Dark Bronze, Sandstone""}",TEG-bbrp-00057,28.55,"{""attribute_length"": ""2'"", ""attribute_color"": ""Sandstone""}"
Casement Parts(149),7/8″ Aluminum Divided Lite Muntin Bar with Tape,https://truthentrygard.com/product/7-8-aluminum-divided-lite-muntin-bar-with-tape/,TEG-bbrp-00057,$ 13.99 – $ 78.38 Price range: $13.99 through $78.38,"**For questions or concerns, please contact info@truthentrygard.com",,"{""Length"": ""1', 2', 3', 4', 5', 6'"", ""Color"": ""White, Dark Bronze, Sandstone""}",TEG-bbrp-00057,45.44,"{""attribute_length"": ""3'"", ""attribute_color"": ""White""}"
Casement Parts(149),7/8″ Aluminum Divided Lite Muntin Bar with Tape,https://truthentrygard.com/product/7-8-aluminum-divided-lite-muntin-bar-with-tape/,TEG-bbrp-00057,$ 13.99 – $ 78.38 Price range: $13.99 through $78.38,"**For questions or concerns, please contact info@truthentrygard.com",,"{""Length"": ""1', 2', 3', 4', 5', 6'"", ""Color"": ""White, Dark Bronze, Sandstone""}",TEG-bbrp-00057,45.44,"{""attribute_length"": ""3'"", ""attribute_color"": ""Dark Bronze""}"
Casement Parts(149),7/8″ Aluminum Divided Lite Muntin Bar with Tape,https://truthentrygard.com/product/7-8-aluminum-divided-lite-muntin-bar-with-tape/,TEG-bbrp-00057,$ 13.99 – $ 78.38 Price range: $13.99 through $78.38,"**For questions or concerns, please contact info@truthentrygard.com",,"{""Length"": ""1', 2', 3', 4', 5', 6'"", ""Color"": ""White, Dark Bronze, Sandstone""}",TEG-bbrp-00057,45.44,"{""attribute_length"": ""3'"", ""attribute_color"": ""Sandstone""}"
Casement Parts(149),7/8″ Aluminum Divided Lite Muntin Bar with Tape,https://truthentrygard.com/product/7-8-aluminum-divided-lite-muntin-bar-with-tape/,TEG-bbrp-00057,$ 13.99 – $ 78.38 Price range: $13.99 through $78.38,"**For questions or concerns, please contact info@truthentrygard.com",,"{""Length"": ""1', 2', 3', 4', 5', 6'"", ""Color"": ""White, Dark Bronze, Sandstone""}",TEG-bbrp-00057,52.22,"{""attribute_length"": ""4'"", ""attribute_color"": ""White""}"
Casement Parts(149),7/8″ Aluminum Divided Lite Muntin Bar with Tape,https://truthentrygard.com/product/7-8-aluminum-divided-lite-muntin-bar-with-tape/,TEG-bbrp-00057,$ 13.99 – $ 78.38 Price range: $13.99 through $78.38,"**For questions or concerns, please contact info@truthentrygard.com",,"{""Length"": ""1', 2', 3', 4', 5', 6'"", ""Color"": ""White, Dark Bronze, Sandstone""}",TEG-bbrp-00057,52.22,"{""attribute_length"": ""4'"", ""attribute_color"": ""Dark Bronze""}"
Casement Parts(149),7/8″ Aluminum Divided Lite Muntin Bar with Tape,https://truthentrygard.com/product/7-8-aluminum-divided-lite-muntin-bar-with-tape/,TEG-bbrp-00057,$ 13.99 – $ 78.38 Price range: $13.99 through $78.38,"**For questions or concerns, please contact info@truthentrygard.com",,"{""Length"": ""1', 2', 3', 4', 5', 6'"", ""Color"": ""White, Dark Bronze, Sandstone""}",TEG-bbrp-00057,52.22,"{""attribute_length"": ""4'"", ""attribute_color"": ""Sandstone""}"
Casement Parts(149),7/8″ Aluminum Divided Lite Muntin Bar with Tape,https://truthentrygard.com/product/7-8-aluminum-divided-lite-muntin-bar-with-tape/,TEG-bbrp-00057,$ 13.99 – $ 78.38 Price range: $13.99 through $78.38,"**For questions or concerns, please contact info@truthentrygard.com",,"{""Length"": ""1', 2', 3', 4', 5', 6'"", ""Color"": ""White, Dark Bronze, Sandstone""}",TEG-bbrp-00057,71.44,"{""attribute_length"": ""5'"", ""attribute_color"": ""White""}"
Casement Parts(149),7/8″ Aluminum Divided Lite Muntin Bar with Tape,https://truthentrygard.com/product/7-8-aluminum-divided-lite-muntin-bar-with-tape/,TEG-bbrp-00057,$ 13.99 – $ 78.38 Price range: $13.99 through $78.38,"**For questions or concerns, please contact info@truthentrygard.com",,"{""Length"": ""1', 2', 3', 4', 5', 6'"", ""Color"": ""White, Dark Bronze, Sandstone""}",TEG-bbrp-00057,71.44,"{""attribute_length"": ""5'"", ""attribute_color"": ""Dark Bronze""}"
Casement Parts(149),7/8″ Aluminum Divided Lite Muntin Bar with Tape,https://truthentrygard.com/product/7-8-aluminum-divided-lite-muntin-bar-with-tape/,TEG-bbrp-00057,$ 13.99 – $ 78.38 Price range: $13.99 through $78.38,"**For questions or concerns, please contact info@truthentrygard.com",,"{""Length"": ""1', 2', 3', 4', 5', 6'"", ""Color"": ""White, Dark Bronze, Sandstone""}",TEG-bbrp-00057,71.44,"{""attribute_length"": ""5'"", ""attribute_color"": ""Sandstone""}"
Casement Parts(149),7/8″ Aluminum Divided Lite Muntin Bar with Tape,https://truthentrygard.com/product/7-8-aluminum-divided-lite-muntin-bar-with-tape/,TEG-bbrp-00057,$ 13.99 – $ 78.38 Price range: $13.99 through $78.38,"**For questions or concerns, please contact info@truthentrygard.com",,"{""Length"": ""1', 2', 3', 4', 5', 6'"", ""Color"": ""White, Dark Bronze, Sandstone""}",TEG-bbrp-00057,78.38,"{""attribute_length"": ""6'"", ""attribute_color"": ""White""}"
Casement Parts(149),7/8″ Aluminum Divided Lite Muntin Bar with Tape,https://truthentrygard.com/product/7-8-aluminum-divided-lite-muntin-bar-with-tape/,TEG-bbrp-00057,$ 13.99 – $ 78.38 Price range: $13.99 through $78.38,"**For questions or concerns, please contact info@truthentrygard.com",,"{""Length"": ""1', 2', 3', 4', 5', 6'"", ""Color"": ""White, Dark Bronze, Sandstone""}",TEG-bbrp-00057,78.38,"{""attribute_length"": ""6'"", ""attribute_color"": ""Dark Bronze""}"
Casement Parts(149),7/8″ Aluminum Divided Lite Muntin Bar with Tape,https://truthentrygard.com/product/7-8-aluminum-divided-lite-muntin-bar-with-tape/,TEG-bbrp-00057,$ 13.99 – $ 78.38 Price range: $13.99 through $78.38,"**For questions or concerns, please contact info@truthentrygard.com",,"{""Length"": ""1', 2', 3', 4', 5', 6'"", ""Color"": ""White, Dark Bronze, Sandstone""}",TEG-bbrp-00057,78.38,"{""attribute_length"": ""6'"", ""attribute_color"": ""Sandstone""}"
Casement Parts(149),7/8″ Wood Divided Lite Muntin,https://truthentrygard.com/product/7-8-wood-divided-lite-muntin/,TEG-bbrp-00058,$ 5.16 – $ 30.97 Price range: $5.16 through $30.97,"**For questions or concerns, please contact info@truthentrygard.com",,"{""Length"": ""1', 2', 3', 4', 5', 6'""}",TEG-bbrp-00058,5.16,"{""attribute_length"": ""1'""}"
Casement Parts(149),7/8″ Wood Divided Lite Muntin,https://truthentrygard.com/product/7-8-wood-divided-lite-muntin/,TEG-bbrp-00058,$ 5.16 – $ 30.97 Price range: $5.16 through $30.97,"**For questions or concerns, please contact info@truthentrygard.com",,"{""Length"": ""1', 2', 3', 4', 5', 6'""}",TEG-bbrp-00058,10.33,"{""attribute_length"": ""2'""}"
Casement Parts(149),7/8″ Wood Divided Lite Muntin,https://truthentrygard.com/product/7-8-wood-divided-lite-muntin/,TEG-bbrp-00058,$ 5.16 – $ 30.97 Price range: $5.16 through $30.97,"**For questions or concerns, please contact info@truthentrygard.com",,"{""Length"": ""1', 2', 3', 4', 5', 6'""}",TEG-bbrp-00058,15.48,"{""attribute_length"": ""3'""}"
Casement Parts(149),7/8″ Wood Divided Lite Muntin,https://truthentrygard.com/product/7-8-wood-divided-lite-muntin/,TEG-bbrp-00058,$ 5.16 – $ 30.97 Price range: $5.16 through $30.97,"**For questions or concerns, please contact info@truthentrygard.com",,"{""Length"": ""1', 2', 3', 4', 5', 6'""}",TEG-bbrp-00058,20.65,"{""attribute_length"": ""4'""}"
Casement Parts(149),7/8″ Wood Divided Lite Muntin,https://truthentrygard.com/product/7-8-wood-divided-lite-muntin/,TEG-bbrp-00058,$ 5.16 – $ 30.97 Price range: $5.16 through $30.97,"**For questions or concerns, please contact info@truthentrygard.com",,"{""Length"": ""1', 2', 3', 4', 5', 6'""}",TEG-bbrp-00058,25.81,"{""attribute_length"": ""5'""}"
Casement Parts(149),7/8″ Wood Divided Lite Muntin,https://truthentrygard.com/product/7-8-wood-divided-lite-muntin/,TEG-bbrp-00058,$ 5.16 – $ 30.97 Price range: $5.16 through $30.97,"**For questions or concerns, please contact info@truthentrygard.com",,"{""Length"": ""1', 2', 3', 4', 5', 6'""}",TEG-bbrp-00058,30.97,"{""attribute_length"": ""6'""}"
Casement Parts(149),Andersen Window Sash Parts – Locks and Keepers,https://truthentrygard.com/product/andersen-window-sash-parts-locks-and-keepers/,TEG-BB-PF08-1,$ 93.51,**EMAIL US For Current Pricing / Availability: Info@truthentrygard.com**,,"{""Handing"": ""Left, Right""}",TEG-BB-PF08-1,93.51,"{""attribute_handing"": ""Left""}"
Casement Parts(149),Andersen Window Sash Parts – Locks and Keepers,https://truthentrygard.com/product/andersen-window-sash-parts-locks-and-keepers/,TEG-BB-PF08-1,$ 93.51,**EMAIL US For Current Pricing / Availability: Info@truthentrygard.com**,,"{""Handing"": ""Left, Right""}",TEG-BB-PF08-1,93.51,"{""attribute_handing"": ""Right""}"
Casement Parts(149),Anderson Andersen Window Door Replacement Hardware Parts Free ID Help,https://truthentrygard.com/product/anderson-andersen-window-door-replacement-hardware-parts-free-id-help/,TEG- 2573517 1274104,$ 16.92,,,{},,,
Casement Parts(149),Ashland Dual Arm Casement Window Operator Components,https://truthentrygard.com/product/ashland-dual-arm-casement-window-operator-components/,TEG-OT-565SS,$ 80.88,Got Questions? Not sure what you need? Feel free to email: info@truthentrygard.com NOT SURE WHAT YOU NEED?!? EMAIL PICTURES AND WE WILL GET YOU TAKEN CARE OF!,,"{""Handing"": ""Left, Right""}",TEG-OT-565SS,80.88,"{""attribute_pa_handing"": ""left""}"
Casement Parts(149),Ashland Dual Arm Casement Window Operator Components,https://truthentrygard.com/product/ashland-dual-arm-casement-window-operator-components/,TEG-OT-565SS,$ 80.88,Got Questions? Not sure what you need? Feel free to email: info@truthentrygard.com NOT SURE WHAT YOU NEED?!? EMAIL PICTURES AND WE WILL GET YOU TAKEN CARE OF!,,"{""Handing"": ""Left, Right""}",TEG-OT-565SS,80.88,"{""attribute_pa_handing"": ""right""}"
Casement Parts(149),Awning and Casement Window Weatherstrip | Vertical and Frame,https://truthentrygard.com/product/awning-and-casement-window-weatherstrip-vertical-and-frame/,TEG-bbrp-0RFR-9,$ 84.88,"For questions or concerns, please contact info@truthentrygard.com",,"{""Length"": ""25'""}",TEG-bbrp-0RFR-9,84.88,"{""attribute_length"": ""25'""}"
Casement Parts(149),Awning Window Operator Parts | 29168 AWNING UNIT ASSEMBLY 28.75″,https://truthentrygard.com/product/awning-window-operator-parts-29168-awning-unit-assembly-28-75/,TEG-29-168,$ 207.91,"For questions or concerns, please contact info@truthentrygard.com",,{},,,
Casement Parts(149),Birch Buttons-Trim and Finish Parts,https://truthentrygard.com/product/birch-buttons-biltbest-trim-and-finish-parts-12-pack/,TEG-bbrp-00001,$ 21.21,Used on fixed casement or double hung picture windows.,,{},,,
Casement Parts(149),CAM SASH LOCK | ENTRYGARD | TRUTH HARDWARE,https://truthentrygard.com/product/cam-sash-lock-entrygard/,TEG-,$ 32.22,GOT QUESTIONS?! Contact us at info@truthentrygard.com,,"{""Color"": ""Bronze, White""}",TEG-,32.22,"{""attribute_pa_color"": ""bronze""}"
Casement Parts(149),CAM SASH LOCK | ENTRYGARD | TRUTH HARDWARE,https://truthentrygard.com/product/cam-sash-lock-entrygard/,TEG-,$ 32.22,GOT QUESTIONS?! Contact us at info@truthentrygard.com,,"{""Color"": ""Bronze, White""}",TEG-,32.22,"{""attribute_pa_color"": ""white""}"
Casement Parts(149),CARADCO CONTOUR HANDLE AND COVER,https://truthentrygard.com/product/caradco-contour-handle-and-cover/,PEOFP-HC-2,$ 28.88 – $ 32.88 Price range: $28.88 through $32.88,GOT QUESTIONS?! Contact us at info@truthentrygard.com,,"{""Color"": ""Beige, Black, Bronze, Chestnut Bronze, Clay, Coppertone, Gold, Satin Taupe, White""}",PEOFP-HC-2,28.88,"{""attribute_pa_color"": ""beige""}"
Casement Parts(149),CARADCO CONTOUR HANDLE AND COVER,https://truthentrygard.com/product/caradco-contour-handle-and-cover/,PEOFP-HC-2,$ 28.88 – $ 32.88 Price range: $28.88 through $32.88,GOT QUESTIONS?! Contact us at info@truthentrygard.com,,"{""Color"": ""Beige, Black, Bronze, Chestnut Bronze, Clay, Coppertone, Gold, Satin Taupe, White""}",PEOFP-HC-2,28.88,"{""attribute_pa_color"": ""black""}"
Casement Parts(149),CARADCO CONTOUR HANDLE AND COVER,https://truthentrygard.com/product/caradco-contour-handle-and-cover/,PEOFP-HC-2,$ 28.88 – $ 32.88 Price range: $28.88 through $32.88,GOT QUESTIONS?! Contact us at info@truthentrygard.com,,"{""Color"": ""Beige, Black, Bronze, Chestnut Bronze, Clay, Coppertone, Gold, Satin Taupe, White""}",PEOFP-HC-2,28.88,"{""attribute_pa_color"": ""chestnut-bronze""}"
Casement Parts(149),CARADCO CONTOUR HANDLE AND COVER,https://truthentrygard.com/product/caradco-contour-handle-and-cover/,PEOFP-HC-2,$ 28.88 – $ 32.88 Price range: $28.88 through $32.88,GOT QUESTIONS?! Contact us at info@truthentrygard.com,,"{""Color"": ""Beige, Black, Bronze, Chestnut Bronze, Clay, Coppertone, Gold, Satin Taupe, White""}",PEOFP-HC-2,28.88,"{""attribute_pa_color"": ""clay""}"
Casement Parts(149),CARADCO CONTOUR HANDLE AND COVER,https://truthentrygard.com/product/caradco-contour-handle-and-cover/,PEOFP-HC-2,$ 28.88 – $ 32.88 Price range: $28.88 through $32.88,GOT QUESTIONS?! Contact us at info@truthentrygard.com,,"{""Color"": ""Beige, Black, Bronze, Chestnut Bronze, Clay, Coppertone, Gold, Satin Taupe, White""}",PEOFP-HC-2,29.88,"{""attribute_pa_color"": ""coppertone""}"
Casement Parts(149),CARADCO CONTOUR HANDLE AND COVER,https://truthentrygard.com/product/caradco-contour-handle-and-cover/,PEOFP-HC-2,$ 28.88 – $ 32.88 Price range: $28.88 through $32.88,GOT QUESTIONS?! Contact us at info@truthentrygard.com,,"{""Color"": ""Beige, Black, Bronze, Chestnut Bronze, Clay, Coppertone, Gold, Satin Taupe, White""}",PEOFP-HC-2,32.88,"{""attribute_pa_color"": ""gold""}"
Casement Parts(149),CARADCO CONTOUR HANDLE AND COVER,https://truthentrygard.com/product/caradco-contour-handle-and-cover/,PEOFP-HC-2,$ 28.88 – $ 32.88 Price range: $28.88 through $32.88,GOT QUESTIONS?! Contact us at info@truthentrygard.com,,"{""Color"": ""Beige, Black, Bronze, Chestnut Bronze, Clay, Coppertone, Gold, Satin Taupe, White""}",PEOFP-HC-2,28.88,"{""attribute_pa_color"": ""bronze""}"
Casement Parts(149),CARADCO CONTOUR HANDLE AND COVER,https://truthentrygard.com/product/caradco-contour-handle-and-cover/,PEOFP-HC-2,$ 28.88 – $ 32.88 Price range: $28.88 through $32.88,GOT QUESTIONS?! Contact us at info@truthentrygard.com,,"{""Color"": ""Beige, Black, Bronze, Chestnut Bronze, Clay, Coppertone, Gold, Satin Taupe, White""}",PEOFP-HC-2,28.88,"{""attribute_pa_color"": ""satin-taupe""}"
Casement Parts(149),CARADCO CONTOUR HANDLE AND COVER,https://truthentrygard.com/product/caradco-contour-handle-and-cover/,PEOFP-HC-2,$ 28.88 – $ 32.88 Price range: $28.88 through $32.88,GOT QUESTIONS?! Contact us at info@truthentrygard.com,,"{""Color"": ""Beige, Black, Bronze, Chestnut Bronze, Clay, Coppertone, Gold, Satin Taupe, White""}",PEOFP-HC-2,28.88,"{""attribute_pa_color"": ""white""}"
Casement Parts(149),"Casement & Awning Window Replacement Parts | Operators, Cranks, Handles | Norco NorClad Jeld-Wen, Pozzi and Others",https://truthentrygard.com/product/casement-awning-window-replacement-parts-operators-cranks-handles-norco-norclad-jeld-wen-pozzi-and-others/,All Window Door Parts Group USA,$ 130.27,,,{},,,
Bilt-Best e-Clad - Locks and Keepers(107),.300 Kerf Insert Weather-Strip Seal,https://truthentrygard.com/product/300-kerf-insert-weather-strip-seal/,TEG-LPB-713.,$ 0.00,Got Questions? Not sure what you need? Feel free to email: info@truthentrygard.com NOT SURE WHAT YOU NEED?!? EMAIL PICTURES AND WE WILL GET YOU TAKEN CARE OF!,,{},,,
Bilt-Best e-Clad - Locks and Keepers(107),1 3/8″ Aluminum Divided Lite Muntin Bar with Tape,https://truthentrygard.com/product/1-3-8-aluminum-divided-lite-muntin-bar-with-tape/,TEG-bbrp-00055,$ 23.88,"**For questions or concerns, please contact info@truthentrygard.com",,"{""Length"": ""1', 2', 3', 4', 5', 6'"", ""Color"": ""White, Dark Bronze, Sandstone""}",TEG-bbrp-00055,23.88,"{""attribute_length"": ""1'"", ""attribute_color"": ""White""}"
Bilt-Best e-Clad - Locks and Keepers(107),1 3/8″ Aluminum Divided Lite Muntin Bar with Tape,https://truthentrygard.com/product/1-3-8-aluminum-divided-lite-muntin-bar-with-tape/,TEG-bbrp-00055,$ 23.88,"**For questions or concerns, please contact info@truthentrygard.com",,"{""Length"": ""1', 2', 3', 4', 5', 6'"", ""Color"": ""White, Dark Bronze, Sandstone""}",TEG-bbrp-00055,23.88,"{""attribute_length"": ""1'"", ""attribute_color"": ""Dark Bronze""}"
Bilt-Best e-Clad - Locks and Keepers(107),1 3/8″ Aluminum Divided Lite Muntin Bar with Tape,https://truthentrygard.com/product/1-3-8-aluminum-divided-lite-muntin-bar-with-tape/,TEG-bbrp-00055,$ 23.88,"**For questions or concerns, please contact info@truthentrygard.com",,"{""Length"": ""1', 2', 3', 4', 5', 6'"", ""Color"": ""White, Dark Bronze, Sandstone""}",TEG-bbrp-00055,23.88,"{""attribute_length"": ""1'"", ""attribute_color"": ""Sandstone""}"
Bilt-Best e-Clad - Locks and Keepers(107),1 3/8″ Aluminum Divided Lite Muntin Bar with Tape,https://truthentrygard.com/product/1-3-8-aluminum-divided-lite-muntin-bar-with-tape/,TEG-bbrp-00055,$ 23.88,"**For questions or concerns, please contact info@truthentrygard.com",,"{""Length"": ""1', 2', 3', 4', 5', 6'"", ""Color"": ""White, Dark Bronze, Sandstone""}",TEG-bbrp-00055,23.88,"{""attribute_length"": ""2'"", ""attribute_color"": ""White""}"
Bilt-Best e-Clad - Locks and Keepers(107),1 3/8″ Aluminum Divided Lite Muntin Bar with Tape,https://truthentrygard.com/product/1-3-8-aluminum-divided-lite-muntin-bar-with-tape/,TEG-bbrp-00055,$ 23.88,"**For questions or concerns, please contact info@truthentrygard.com",,"{""Length"": ""1', 2', 3', 4', 5', 6'"", ""Color"": ""White, Dark Bronze, Sandstone""}",TEG-bbrp-00055,23.88,"{""attribute_length"": ""2'"", ""attribute_color"": ""Dark Bronze""}"
Bilt-Best e-Clad - Locks and Keepers(107),1 3/8″ Aluminum Divided Lite Muntin Bar with Tape,https://truthentrygard.com/product/1-3-8-aluminum-divided-lite-muntin-bar-with-tape/,TEG-bbrp-00055,$ 23.88,"**For questions or concerns, please contact info@truthentrygard.com",,"{""Length"": ""1', 2', 3', 4', 5', 6'"", ""Color"": ""White, Dark Bronze, Sandstone""}",TEG-bbrp-00055,23.88,"{""attribute_length"": ""2'"", ""attribute_color"": ""Sandstone""}"
Bilt-Best e-Clad - Locks and Keepers(107),1 3/8″ Aluminum Divided Lite Muntin Bar with Tape,https://truthentrygard.com/product/1-3-8-aluminum-divided-lite-muntin-bar-with-tape/,TEG-bbrp-00055,$ 23.88,"**For questions or concerns, please contact info@truthentrygard.com",,"{""Length"": ""1', 2', 3', 4', 5', 6'"", ""Color"": ""White, Dark Bronze, Sandstone""}",TEG-bbrp-00055,23.88,"{""attribute_length"": ""3'"", ""attribute_color"": ""White""}"
Bilt-Best e-Clad - Locks and Keepers(107),1 3/8″ Aluminum Divided Lite Muntin Bar with Tape,https://truthentrygard.com/product/1-3-8-aluminum-divided-lite-muntin-bar-with-tape/,TEG-bbrp-00055,$ 23.88,"**For questions or concerns, please contact info@truthentrygard.com",,"{""Length"": ""1', 2', 3', 4', 5', 6'"", ""Color"": ""White, Dark Bronze, Sandstone""}",TEG-bbrp-00055,23.88,"{""attribute_length"": ""3'"", ""attribute_color"": ""Dark Bronze""}"
Bilt-Best e-Clad - Locks and Keepers(107),1 3/8″ Aluminum Divided Lite Muntin Bar with Tape,https://truthentrygard.com/product/1-3-8-aluminum-divided-lite-muntin-bar-with-tape/,TEG-bbrp-00055,$ 23.88,"**For questions or concerns, please contact info@truthentrygard.com",,"{""Length"": ""1', 2', 3', 4', 5', 6'"", ""Color"": ""White, Dark Bronze, Sandstone""}",TEG-bbrp-00055,23.88,"{""attribute_length"": ""3'"", ""attribute_color"": ""Sandstone""}"
Bilt-Best e-Clad - Locks and Keepers(107),1 3/8″ Aluminum Divided Lite Muntin Bar with Tape,https://truthentrygard.com/product/1-3-8-aluminum-divided-lite-muntin-bar-with-tape/,TEG-bbrp-00055,$ 23.88,"**For questions or concerns, please contact info@truthentrygard.com",,"{""Length"": ""1', 2', 3', 4', 5', 6'"", ""Color"": ""White, Dark Bronze, Sandstone""}",TEG-bbrp-00055,23.88,"{""attribute_length"": ""4'"", ""attribute_color"": ""White""}"
Bilt-Best e-Clad - Locks and Keepers(107),1 3/8″ Aluminum Divided Lite Muntin Bar with Tape,https://truthentrygard.com/product/1-3-8-aluminum-divided-lite-muntin-bar-with-tape/,TEG-bbrp-00055,$ 23.88,"**For questions or concerns, please contact info@truthentrygard.com",,"{""Length"": ""1', 2', 3', 4', 5', 6'"", ""Color"": ""White, Dark Bronze, Sandstone""}",TEG-bbrp-00055,23.88,"{""attribute_length"": ""4'"", ""attribute_color"": ""Dark Bronze""}"
Bilt-Best e-Clad - Locks and Keepers(107),1 3/8″ Aluminum Divided Lite Muntin Bar with Tape,https://truthentrygard.com/product/1-3-8-aluminum-divided-lite-muntin-bar-with-tape/,TEG-bbrp-00055,$ 23.88,"**For questions or concerns, please contact info@truthentrygard.com",,"{""Length"": ""1', 2', 3', 4', 5', 6'"", ""Color"": ""White, Dark Bronze, Sandstone""}",TEG-bbrp-00055,23.88,"{""attribute_length"": ""4'"", ""attribute_color"": ""Sandstone""}"
Bilt-Best e-Clad - Locks and Keepers(107),1 3/8″ Aluminum Divided Lite Muntin Bar with Tape,https://truthentrygard.com/product/1-3-8-aluminum-divided-lite-muntin-bar-with-tape/,TEG-bbrp-00055,$ 23.88,"**For questions or concerns, please contact info@truthentrygard.com",,"{""Length"": ""1', 2', 3', 4', 5', 6'"", ""Color"": ""White, Dark Bronze, Sandstone""}",TEG-bbrp-00055,23.88,"{""attribute_length"": ""5'"", ""attribute_color"": ""White""}"
Bilt-Best e-Clad - Locks and Keepers(107),1 3/8″ Aluminum Divided Lite Muntin Bar with Tape,https://truthentrygard.com/product/1-3-8-aluminum-divided-lite-muntin-bar-with-tape/,TEG-bbrp-00055,$ 23.88,"**For questions or concerns, please contact info@truthentrygard.com",,"{""Length"": ""1', 2', 3', 4', 5', 6'"", ""Color"": ""White, Dark Bronze, Sandstone""}",TEG-bbrp-00055,23.88,"{""attribute_length"": ""5'"", ""attribute_color"": ""Dark Bronze""}"
Bilt-Best e-Clad - Locks and Keepers(107),1 3/8″ Aluminum Divided Lite Muntin Bar with Tape,https://truthentrygard.com/product/1-3-8-aluminum-divided-lite-muntin-bar-with-tape/,TEG-bbrp-00055,$ 23.88,"**For questions or concerns, please contact info@truthentrygard.com",,"{""Length"": ""1', 2', 3', 4', 5', 6'"", ""Color"": ""White, Dark Bronze, Sandstone""}",TEG-bbrp-00055,23.88,"{""attribute_length"": ""5'"", ""attribute_color"": ""Sandstone""}"
Bilt-Best e-Clad - Locks and Keepers(107),1 3/8″ Aluminum Divided Lite Muntin Bar with Tape,https://truthentrygard.com/product/1-3-8-aluminum-divided-lite-muntin-bar-with-tape/,TEG-bbrp-00055,$ 23.88,"**For questions or concerns, please contact info@truthentrygard.com",,"{""Length"": ""1', 2', 3', 4', 5', 6'"", ""Color"": ""White, Dark Bronze, Sandstone""}",TEG-bbrp-00055,23.88,"{""attribute_length"": ""6'"", ""attribute_color"": ""White""}"
Bilt-Best e-Clad - Locks and Keepers(107),1 3/8″ Aluminum Divided Lite Muntin Bar with Tape,https://truthentrygard.com/product/1-3-8-aluminum-divided-lite-muntin-bar-with-tape/,TEG-bbrp-00055,$ 23.88,"**For questions or concerns, please contact info@truthentrygard.com",,"{""Length"": ""1', 2', 3', 4', 5', 6'"", ""Color"": ""White, Dark Bronze, Sandstone""}",TEG-bbrp-00055,23.88,"{""attribute_length"": ""6'"", ""attribute_color"": ""Dark Bronze""}"
Bilt-Best e-Clad - Locks and Keepers(107),1 3/8″ Aluminum Divided Lite Muntin Bar with Tape,https://truthentrygard.com/product/1-3-8-aluminum-divided-lite-muntin-bar-with-tape/,TEG-bbrp-00055,$ 23.88,"**For questions or concerns, please contact info@truthentrygard.com",,"{""Length"": ""1', 2', 3', 4', 5', 6'"", ""Color"": ""White, Dark Bronze, Sandstone""}",TEG-bbrp-00055,23.88,"{""attribute_length"": ""6'"", ""attribute_color"": ""Sandstone""}"
Bilt-Best e-Clad - Locks and Keepers(107),1 3/8″ Wood Divided Lite Muntin Bar with Tape,https://truthentrygard.com/product/1-3-8-wood-divided-lite-muntin-bar-with-tape/,TEG-bbrp-00054,$ 5.95 – $ 35.71 Price range: $5.95 through $35.71,"**For questions or concerns, please contact info@truthentrygard.com",,"{""Length"": ""1', 2', 3', 4', 5', 6'""}",TEG-bbrp-00054,5.95,"{""attribute_length"": ""1'""}"
Bilt-Best e-Clad - Locks and Keepers(107),1 3/8″ Wood Divided Lite Muntin Bar with Tape,https://truthentrygard.com/product/1-3-8-wood-divided-lite-muntin-bar-with-tape/,TEG-bbrp-00054,$ 5.95 – $ 35.71 Price range: $5.95 through $35.71,"**For questions or concerns, please contact info@truthentrygard.com",,"{""Length"": ""1', 2', 3', 4', 5', 6'""}",TEG-bbrp-00054,11.9,"{""attribute_length"": ""2'""}"
Bilt-Best e-Clad - Locks and Keepers(107),1 3/8″ Wood Divided Lite Muntin Bar with Tape,https://truthentrygard.com/product/1-3-8-wood-divided-lite-muntin-bar-with-tape/,TEG-bbrp-00054,$ 5.95 – $ 35.71 Price range: $5.95 through $35.71,"**For questions or concerns, please contact info@truthentrygard.com",,"{""Length"": ""1', 2', 3', 4', 5', 6'""}",TEG-bbrp-00054,17.85,"{""attribute_length"": ""3'""}"
Bilt-Best e-Clad - Locks and Keepers(107),1 3/8″ Wood Divided Lite Muntin Bar with Tape,https://truthentrygard.com/product/1-3-8-wood-divided-lite-muntin-bar-with-tape/,TEG-bbrp-00054,$ 5.95 – $ 35.71 Price range: $5.95 through $35.71,"**For questions or concerns, please contact info@truthentrygard.com",,"{""Length"": ""1', 2', 3', 4', 5', 6'""}",TEG-bbrp-00054,23.81,"{""attribute_length"": ""4'""}"
Bilt-Best e-Clad - Locks and Keepers(107),1 3/8″ Wood Divided Lite Muntin Bar with Tape,https://truthentrygard.com/product/1-3-8-wood-divided-lite-muntin-bar-with-tape/,TEG-bbrp-00054,$ 5.95 – $ 35.71 Price range: $5.95 through $35.71,"**For questions or concerns, please contact info@truthentrygard.com",,"{""Length"": ""1', 2', 3', 4', 5', 6'""}",TEG-bbrp-00054,29.75,"{""attribute_length"": ""5'""}"
Bilt-Best e-Clad - Locks and Keepers(107),1 3/8″ Wood Divided Lite Muntin Bar with Tape,https://truthentrygard.com/product/1-3-8-wood-divided-lite-muntin-bar-with-tape/,TEG-bbrp-00054,$ 5.95 – $ 35.71 Price range: $5.95 through $35.71,"**For questions or concerns, please contact info@truthentrygard.com",,"{""Length"": ""1', 2', 3', 4', 5', 6'""}",TEG-bbrp-00054,35.71,"{""attribute_length"": ""6'""}"
Bilt-Best e-Clad - Locks and Keepers(107),1″ Aluminum Divided Lite Muntin Bar with Tape,https://truthentrygard.com/product/1-aluminum-divided-lite-muntin-bar-with-tape/,TEG-bbrp-00056,$ 17.66 – $ 99.29 Price range: $17.66 through $99.29,,,"{""Length"": ""1', 2', 3', 4', 5', 6'"", ""Color"": ""White, Dark Bronze, Sandstone""}",TEG-bbrp-00056,17.66,"{""attribute_length"": ""1'"", ""attribute_color"": ""White""}"
Bilt-Best e-Clad - Locks and Keepers(107),1″ Aluminum Divided Lite Muntin Bar with Tape,https://truthentrygard.com/product/1-aluminum-divided-lite-muntin-bar-with-tape/,TEG-bbrp-00056,$ 17.66 – $ 99.29 Price range: $17.66 through $99.29,,,"{""Length"": ""1', 2', 3', 4', 5', 6'"", ""Color"": ""White, Dark Bronze, Sandstone""}",TEG-bbrp-00056,17.66,"{""attribute_length"": ""1'"", ""attribute_color"": ""Dark Bronze""}"
Bilt-Best e-Clad - Locks and Keepers(107),1″ Aluminum Divided Lite Muntin Bar with Tape,https://truthentrygard.com/product/1-aluminum-divided-lite-muntin-bar-with-tape/,TEG-bbrp-00056,$ 17.66 – $ 99.29 Price range: $17.66 through $99.29,,,"{""Length"": ""1', 2', 3', 4', 5', 6'"", ""Color"": ""White, Dark Bronze, Sandstone""}",TEG-bbrp-00056,17.66,"{""attribute_length"": ""1'"", ""attribute_color"": ""Sandstone""}"
Bilt-Best e-Clad - Locks and Keepers(107),1″ Aluminum Divided Lite Muntin Bar with Tape,https://truthentrygard.com/product/1-aluminum-divided-lite-muntin-bar-with-tape/,TEG-bbrp-00056,$ 17.66 – $ 99.29 Price range: $17.66 through $99.29,,,"{""Length"": ""1', 2', 3', 4', 5', 6'"", ""Color"": ""White, Dark Bronze, Sandstone""}",TEG-bbrp-00056,33.58,"{""attribute_length"": ""2'"", ""attribute_color"": ""White""}"
Bilt-Best e-Clad - Locks and Keepers(107),1″ Aluminum Divided Lite Muntin Bar with Tape,https://truthentrygard.com/product/1-aluminum-divided-lite-muntin-bar-with-tape/,TEG-bbrp-00056,$ 17.66 – $ 99.29 Price range: $17.66 through $99.29,,,"{""Length"": ""1', 2', 3', 4', 5', 6'"", ""Color"": ""White, Dark Bronze, Sandstone""}",TEG-bbrp-00056,33.58,"{""attribute_length"": ""2'"", ""attribute_color"": ""Dark Bronze""}"
Bilt-Best e-Clad - Locks and Keepers(107),1″ Aluminum Divided Lite Muntin Bar with Tape,https://truthentrygard.com/product/1-aluminum-divided-lite-muntin-bar-with-tape/,TEG-bbrp-00056,$ 17.66 – $ 99.29 Price range: $17.66 through $99.29,,,"{""Length"": ""1', 2', 3', 4', 5', 6'"", ""Color"": ""White, Dark Bronze, Sandstone""}",TEG-bbrp-00056,33.58,"{""attribute_length"": ""2'"", ""attribute_color"": ""Sandstone""}"
Bilt-Best e-Clad - Locks and Keepers(107),1″ Aluminum Divided Lite Muntin Bar with Tape,https://truthentrygard.com/product/1-aluminum-divided-lite-muntin-bar-with-tape/,TEG-bbrp-00056,$ 17.66 – $ 99.29 Price range: $17.66 through $99.29,,,"{""Length"": ""1', 2', 3', 4', 5', 6'"", ""Color"": ""White, Dark Bronze, Sandstone""}",TEG-bbrp-00056,50.79,"{""attribute_length"": ""3'"", ""attribute_color"": ""White""}"
Bilt-Best e-Clad - Locks and Keepers(107),1″ Aluminum Divided Lite Muntin Bar with Tape,https://truthentrygard.com/product/1-aluminum-divided-lite-muntin-bar-with-tape/,TEG-bbrp-00056,$ 17.66 – $ 99.29 Price range: $17.66 through $99.29,,,"{""Length"": ""1', 2', 3', 4', 5', 6'"", ""Color"": ""White, Dark Bronze, Sandstone""}",TEG-bbrp-00056,50.79,"{""attribute_length"": ""3'"", ""attribute_color"": ""Dark Bronze""}"
Bilt-Best e-Clad - Locks and Keepers(107),1″ Aluminum Divided Lite Muntin Bar with Tape,https://truthentrygard.com/product/1-aluminum-divided-lite-muntin-bar-with-tape/,TEG-bbrp-00056,$ 17.66 – $ 99.29 Price range: $17.66 through $99.29,,,"{""Length"": ""1', 2', 3', 4', 5', 6'"", ""Color"": ""White, Dark Bronze, Sandstone""}",TEG-bbrp-00056,50.79,"{""attribute_length"": ""3'"", ""attribute_color"": ""Sandstone""}"
Bilt-Best e-Clad - Locks and Keepers(107),1″ Aluminum Divided Lite Muntin Bar with Tape,https://truthentrygard.com/product/1-aluminum-divided-lite-muntin-bar-with-tape/,TEG-bbrp-00056,$ 17.66 – $ 99.29 Price range: $17.66 through $99.29,,,"{""Length"": ""1', 2', 3', 4', 5', 6'"", ""Color"": ""White, Dark Bronze, Sandstone""}",TEG-bbrp-00056,70.18,"{""attribute_length"": ""4'"", ""attribute_color"": ""White""}"
Bilt-Best e-Clad - Locks and Keepers(107),1″ Aluminum Divided Lite Muntin Bar with Tape,https://truthentrygard.com/product/1-aluminum-divided-lite-muntin-bar-with-tape/,TEG-bbrp-00056,$ 17.66 – $ 99.29 Price range: $17.66 through $99.29,,,"{""Length"": ""1', 2', 3', 4', 5', 6'"", ""Color"": ""White, Dark Bronze, Sandstone""}",TEG-bbrp-00056,70.18,"{""attribute_length"": ""4'"", ""attribute_color"": ""Dark Bronze""}"
Bilt-Best e-Clad - Locks and Keepers(107),1″ Aluminum Divided Lite Muntin Bar with Tape,https://truthentrygard.com/product/1-aluminum-divided-lite-muntin-bar-with-tape/,TEG-bbrp-00056,$ 17.66 – $ 99.29 Price range: $17.66 through $99.29,,,"{""Length"": ""1', 2', 3', 4', 5', 6'"", ""Color"": ""White, Dark Bronze, Sandstone""}",TEG-bbrp-00056,70.18,"{""attribute_length"": ""4'"", ""attribute_color"": ""Sandstone""}"
Bilt-Best e-Clad - Locks and Keepers(107),1″ Aluminum Divided Lite Muntin Bar with Tape,https://truthentrygard.com/product/1-aluminum-divided-lite-muntin-bar-with-tape/,TEG-bbrp-00056,$ 17.66 – $ 99.29 Price range: $17.66 through $99.29,,,"{""Length"": ""1', 2', 3', 4', 5', 6'"", ""Color"": ""White, Dark Bronze, Sandstone""}",TEG-bbrp-00056,88.35,"{""attribute_length"": ""5'"", ""attribute_color"": ""White""}"
Bilt-Best e-Clad - Locks and Keepers(107),1″ Aluminum Divided Lite Muntin Bar with Tape,https://truthentrygard.com/product/1-aluminum-divided-lite-muntin-bar-with-tape/,TEG-bbrp-00056,$ 17.66 – $ 99.29 Price range: $17.66 through $99.29,,,"{""Length"": ""1', 2', 3', 4', 5', 6'"", ""Color"": ""White, Dark Bronze, Sandstone""}",TEG-bbrp-00056,88.35,"{""attribute_length"": ""5'"", ""attribute_color"": ""Dark Bronze""}"
Bilt-Best e-Clad - Locks and Keepers(107),1″ Aluminum Divided Lite Muntin Bar with Tape,https://truthentrygard.com/product/1-aluminum-divided-lite-muntin-bar-with-tape/,TEG-bbrp-00056,$ 17.66 – $ 99.29 Price range: $17.66 through $99.29,,,"{""Length"": ""1', 2', 3', 4', 5', 6'"", ""Color"": ""White, Dark Bronze, Sandstone""}",TEG-bbrp-00056,88.35,"{""attribute_length"": ""5'"", ""attribute_color"": ""Sandstone""}"
Bilt-Best e-Clad - Locks and Keepers(107),1″ Aluminum Divided Lite Muntin Bar with Tape,https://truthentrygard.com/product/1-aluminum-divided-lite-muntin-bar-with-tape/,TEG-bbrp-00056,$ 17.66 – $ 99.29 Price range: $17.66 through $99.29,,,"{""Length"": ""1', 2', 3', 4', 5', 6'"", ""Color"": ""White, Dark Bronze, Sandstone""}",TEG-bbrp-00056,99.29,"{""attribute_length"": ""6'"", ""attribute_color"": ""White""}"
Bilt-Best e-Clad - Locks and Keepers(107),1″ Aluminum Divided Lite Muntin Bar with Tape,https://truthentrygard.com/product/1-aluminum-divided-lite-muntin-bar-with-tape/,TEG-bbrp-00056,$ 17.66 – $ 99.29 Price range: $17.66 through $99.29,,,"{""Length"": ""1', 2', 3', 4', 5', 6'"", ""Color"": ""White, Dark Bronze, Sandstone""}",TEG-bbrp-00056,99.29,"{""attribute_length"": ""6'"", ""attribute_color"": ""Dark Bronze""}"
Bilt-Best e-Clad - Locks and Keepers(107),1″ Aluminum Divided Lite Muntin Bar with Tape,https://truthentrygard.com/product/1-aluminum-divided-lite-muntin-bar-with-tape/,TEG-bbrp-00056,$ 17.66 – $ 99.29 Price range: $17.66 through $99.29,,,"{""Length"": ""1', 2', 3', 4', 5', 6'"", ""Color"": ""White, Dark Bronze, Sandstone""}",TEG-bbrp-00056,99.29,"{""attribute_length"": ""6'"", ""attribute_color"": ""Sandstone""}"
Bilt-Best e-Clad - Locks and Keepers(107),2R Window Limit Device,https://truthentrygard.com/product/2r-window-limit-device/,N/A,$ 135.88,GOT QUESTIONS?! Contact us: info@truthentrygard.com,,"{""Handing"": ""Left, Right""}",,135.88,"{""attribute_handing"": ""Left""}"
Bilt-Best e-Clad - Locks and Keepers(107),7/8″ Aluminum Divided Lite Muntin Bar with Tape,https://truthentrygard.com/product/7-8-aluminum-divided-lite-muntin-bar-with-tape/,TEG-bbrp-00057,$ 13.99 – $ 78.38 Price range: $13.99 through $78.38,"**For questions or concerns, please contact info@truthentrygard.com",,"{""Length"": ""1', 2', 3', 4', 5', 6'"", ""Color"": ""White, Dark Bronze, Sandstone""}",TEG-bbrp-00057,13.99,"{""attribute_length"": ""1'"", ""attribute_color"": ""White""}"
Bilt-Best e-Clad - Locks and Keepers(107),7/8″ Aluminum Divided Lite Muntin Bar with Tape,https://truthentrygard.com/product/7-8-aluminum-divided-lite-muntin-bar-with-tape/,TEG-bbrp-00057,$ 13.99 – $ 78.38 Price range: $13.99 through $78.38,"**For questions or concerns, please contact info@truthentrygard.com",,"{""Length"": ""1', 2', 3', 4', 5', 6'"", ""Color"": ""White, Dark Bronze, Sandstone""}",TEG-bbrp-00057,13.99,"{""attribute_length"": ""1'"", ""attribute_color"": ""Dark Bronze""}"
Bilt-Best e-Clad - Locks and Keepers(107),7/8″ Aluminum Divided Lite Muntin Bar with Tape,https://truthentrygard.com/product/7-8-aluminum-divided-lite-muntin-bar-with-tape/,TEG-bbrp-00057,$ 13.99 – $ 78.38 Price range: $13.99 through $78.38,"**For questions or concerns, please contact info@truthentrygard.com",,"{""Length"": ""1', 2', 3', 4', 5', 6'"", ""Color"": ""White, Dark Bronze, Sandstone""}",TEG-bbrp-00057,13.99,"{""attribute_length"": ""1'"", ""attribute_color"": ""Sandstone""}"
Bilt-Best e-Clad - Locks and Keepers(107),7/8″ Aluminum Divided Lite Muntin Bar with Tape,https://truthentrygard.com/product/7-8-aluminum-divided-lite-muntin-bar-with-tape/,TEG-bbrp-00057,$ 13.99 – $ 78.38 Price range: $13.99 through $78.38,"**For questions or concerns, please contact info@truthentrygard.com",,"{""Length"": ""1', 2', 3', 4', 5', 6'"", ""Color"": ""White, Dark Bronze, Sandstone""}",TEG-bbrp-00057,28.55,"{""attribute_length"": ""2'"", ""attribute_color"": ""White""}"
Bilt-Best e-Clad - Locks and Keepers(107),7/8″ Aluminum Divided Lite Muntin Bar with Tape,https://truthentrygard.com/product/7-8-aluminum-divided-lite-muntin-bar-with-tape/,TEG-bbrp-00057,$ 13.99 – $ 78.38 Price range: $13.99 through $78.38,"**For questions or concerns, please contact info@truthentrygard.com",,"{""Length"": ""1', 2', 3', 4', 5', 6'"", ""Color"": ""White, Dark Bronze, Sandstone""}",TEG-bbrp-00057,28.55,"{""attribute_length"": ""2'"", ""attribute_color"": ""Dark Bronze""}"
Bilt-Best e-Clad - Locks and Keepers(107),7/8″ Aluminum Divided Lite Muntin Bar with Tape,https://truthentrygard.com/product/7-8-aluminum-divided-lite-muntin-bar-with-tape/,TEG-bbrp-00057,$ 13.99 – $ 78.38 Price range: $13.99 through $78.38,"**For questions or concerns, please contact info@truthentrygard.com",,"{""Length"": ""1', 2', 3', 4', 5', 6'"", ""Color"": ""White, Dark Bronze, Sandstone""}",TEG-bbrp-00057,28.55,"{""attribute_length"": ""2'"", ""attribute_color"": ""Sandstone""}"
Bilt-Best e-Clad - Locks and Keepers(107),7/8″ Aluminum Divided Lite Muntin Bar with Tape,https://truthentrygard.com/product/7-8-aluminum-divided-lite-muntin-bar-with-tape/,TEG-bbrp-00057,$ 13.99 – $ 78.38 Price range: $13.99 through $78.38,"**For questions or concerns, please contact info@truthentrygard.com",,"{""Length"": ""1', 2', 3', 4', 5', 6'"", ""Color"": ""White, Dark Bronze, Sandstone""}",TEG-bbrp-00057,45.44,"{""attribute_length"": ""3'"", ""attribute_color"": ""White""}"
Bilt-Best e-Clad - Locks and Keepers(107),7/8″ Aluminum Divided Lite Muntin Bar with Tape,https://truthentrygard.com/product/7-8-aluminum-divided-lite-muntin-bar-with-tape/,TEG-bbrp-00057,$ 13.99 – $ 78.38 Price range: $13.99 through $78.38,"**For questions or concerns, please contact info@truthentrygard.com",,"{""Length"": ""1', 2', 3', 4', 5', 6'"", ""Color"": ""White, Dark Bronze, Sandstone""}",TEG-bbrp-00057,45.44,"{""attribute_length"": ""3'"", ""attribute_color"": ""Dark Bronze""}"
Bilt-Best e-Clad - Locks and Keepers(107),7/8″ Aluminum Divided Lite Muntin Bar with Tape,https://truthentrygard.com/product/7-8-aluminum-divided-lite-muntin-bar-with-tape/,TEG-bbrp-00057,$ 13.99 – $ 78.38 Price range: $13.99 through $78.38,"**For questions or concerns, please contact info@truthentrygard.com",,"{""Length"": ""1', 2', 3', 4', 5', 6'"", ""Color"": ""White, Dark Bronze, Sandstone""}",TEG-bbrp-00057,45.44,"{""attribute_length"": ""3'"", ""attribute_color"": ""Sandstone""}"
Bilt-Best e-Clad - Locks and Keepers(107),7/8″ Aluminum Divided Lite Muntin Bar with Tape,https://truthentrygard.com/product/7-8-aluminum-divided-lite-muntin-bar-with-tape/,TEG-bbrp-00057,$ 13.99 – $ 78.38 Price range: $13.99 through $78.38,"**For questions or concerns, please contact info@truthentrygard.com",,"{""Length"": ""1', 2', 3', 4', 5', 6'"", ""Color"": ""White, Dark Bronze, Sandstone""}",TEG-bbrp-00057,52.22,"{""attribute_length"": ""4'"", ""attribute_color"": ""White""}"
Bilt-Best e-Clad - Locks and Keepers(107),7/8″ Aluminum Divided Lite Muntin Bar with Tape,https://truthentrygard.com/product/7-8-aluminum-divided-lite-muntin-bar-with-tape/,TEG-bbrp-00057,$ 13.99 – $ 78.38 Price range: $13.99 through $78.38,"**For questions or concerns, please contact info@truthentrygard.com",,"{""Length"": ""1', 2', 3', 4', 5', 6'"", ""Color"": ""White, Dark Bronze, Sandstone""}",TEG-bbrp-00057,52.22,"{""attribute_length"": ""4'"", ""attribute_color"": ""Dark Bronze""}"
Bilt-Best e-Clad - Locks and Keepers(107),7/8″ Aluminum Divided Lite Muntin Bar with Tape,https://truthentrygard.com/product/7-8-aluminum-divided-lite-muntin-bar-with-tape/,TEG-bbrp-00057,$ 13.99 – $ 78.38 Price range: $13.99 through $78.38,"**For questions or concerns, please contact info@truthentrygard.com",,"{""Length"": ""1', 2', 3', 4', 5', 6'"", ""Color"": ""White, Dark Bronze, Sandstone""}",TEG-bbrp-00057,52.22,"{""attribute_length"": ""4'"", ""attribute_color"": ""Sandstone""}"
Bilt-Best e-Clad - Locks and Keepers(107),7/8″ Aluminum Divided Lite Muntin Bar with Tape,https://truthentrygard.com/product/7-8-aluminum-divided-lite-muntin-bar-with-tape/,TEG-bbrp-00057,$ 13.99 – $ 78.38 Price range: $13.99 through $78.38,"**For questions or concerns, please contact info@truthentrygard.com",,"{""Length"": ""1', 2', 3', 4', 5', 6'"", ""Color"": ""White, Dark Bronze, Sandstone""}",TEG-bbrp-00057,71.44,"{""attribute_length"": ""5'"", ""attribute_color"": ""White""}"
Bilt-Best e-Clad - Locks and Keepers(107),7/8″ Aluminum Divided Lite Muntin Bar with Tape,https://truthentrygard.com/product/7-8-aluminum-divided-lite-muntin-bar-with-tape/,TEG-bbrp-00057,$ 13.99 – $ 78.38 Price range: $13.99 through $78.38,"**For questions or concerns, please contact info@truthentrygard.com",,"{""Length"": ""1', 2', 3', 4', 5', 6'"", ""Color"": ""White, Dark Bronze, Sandstone""}",TEG-bbrp-00057,71.44,"{""attribute_length"": ""5'"", ""attribute_color"": ""Dark Bronze""}"
Bilt-Best e-Clad - Locks and Keepers(107),7/8″ Aluminum Divided Lite Muntin Bar with Tape,https://truthentrygard.com/product/7-8-aluminum-divided-lite-muntin-bar-with-tape/,TEG-bbrp-00057,$ 13.99 – $ 78.38 Price range: $13.99 through $78.38,"**For questions or concerns, please contact info@truthentrygard.com",,"{""Length"": ""1', 2', 3', 4', 5', 6'"", ""Color"": ""White, Dark Bronze, Sandstone""}",TEG-bbrp-00057,71.44,"{""attribute_length"": ""5'"", ""attribute_color"": ""Sandstone""}"
Bilt-Best e-Clad - Locks and Keepers(107),7/8″ Aluminum Divided Lite Muntin Bar with Tape,https://truthentrygard.com/product/7-8-aluminum-divided-lite-muntin-bar-with-tape/,TEG-bbrp-00057,$ 13.99 – $ 78.38 Price range: $13.99 through $78.38,"**For questions or concerns, please contact info@truthentrygard.com",,"{""Length"": ""1', 2', 3', 4', 5', 6'"", ""Color"": ""White, Dark Bronze, Sandstone""}",TEG-bbrp-00057,78.38,"{""attribute_length"": ""6'"", ""attribute_color"": ""White""}"
Bilt-Best e-Clad - Locks and Keepers(107),7/8″ Aluminum Divided Lite Muntin Bar with Tape,https://truthentrygard.com/product/7-8-aluminum-divided-lite-muntin-bar-with-tape/,TEG-bbrp-00057,$ 13.99 – $ 78.38 Price range: $13.99 through $78.38,"**For questions or concerns, please contact info@truthentrygard.com",,"{""Length"": ""1', 2', 3', 4', 5', 6'"", ""Color"": ""White, Dark Bronze, Sandstone""}",TEG-bbrp-00057,78.38,"{""attribute_length"": ""6'"", ""attribute_color"": ""Dark Bronze""}"
Bilt-Best e-Clad - Locks and Keepers(107),7/8″ Aluminum Divided Lite Muntin Bar with Tape,https://truthentrygard.com/product/7-8-aluminum-divided-lite-muntin-bar-with-tape/,TEG-bbrp-00057,$ 13.99 – $ 78.38 Price range: $13.99 through $78.38,"**For questions or concerns, please contact info@truthentrygard.com",,"{""Length"": ""1', 2', 3', 4', 5', 6'"", ""Color"": ""White, Dark Bronze, Sandstone""}",TEG-bbrp-00057,78.38,"{""attribute_length"": ""6'"", ""attribute_color"": ""Sandstone""}"
Bilt-Best e-Clad - Locks and Keepers(107),7/8″ Wood Divided Lite Muntin,https://truthentrygard.com/product/7-8-wood-divided-lite-muntin/,TEG-bbrp-00058,$ 5.16 – $ 30.97 Price range: $5.16 through $30.97,"**For questions or concerns, please contact info@truthentrygard.com",,"{""Length"": ""1', 2', 3', 4', 5', 6'""}",TEG-bbrp-00058,5.16,"{""attribute_length"": ""1'""}"
Bilt-Best e-Clad - Locks and Keepers(107),7/8″ Wood Divided Lite Muntin,https://truthentrygard.com/product/7-8-wood-divided-lite-muntin/,TEG-bbrp-00058,$ 5.16 – $ 30.97 Price range: $5.16 through $30.97,"**For questions or concerns, please contact info@truthentrygard.com",,"{""Length"": ""1', 2', 3', 4', 5', 6'""}",TEG-bbrp-00058,10.33,"{""attribute_length"": ""2'""}"
Bilt-Best e-Clad - Locks and Keepers(107),7/8″ Wood Divided Lite Muntin,https://truthentrygard.com/product/7-8-wood-divided-lite-muntin/,TEG-bbrp-00058,$ 5.16 – $ 30.97 Price range: $5.16 through $30.97,"**For questions or concerns, please contact info@truthentrygard.com",,"{""Length"": ""1', 2', 3', 4', 5', 6'""}",TEG-bbrp-00058,15.48,"{""attribute_length"": ""3'""}"
Bilt-Best e-Clad - Locks and Keepers(107),7/8″ Wood Divided Lite Muntin,https://truthentrygard.com/product/7-8-wood-divided-lite-muntin/,TEG-bbrp-00058,$ 5.16 – $ 30.97 Price range: $5.16 through $30.97,"**For questions or concerns, please contact info@truthentrygard.com",,"{""Length"": ""1', 2', 3', 4', 5', 6'""}",TEG-bbrp-00058,20.65,"{""attribute_length"": ""4'""}"
Bilt-Best e-Clad - Locks and Keepers(107),7/8″ Wood Divided Lite Muntin,https://truthentrygard.com/product/7-8-wood-divided-lite-muntin/,TEG-bbrp-00058,$ 5.16 – $ 30.97 Price range: $5.16 through $30.97,"**For questions or concerns, please contact info@truthentrygard.com",,"{""Length"": ""1', 2', 3', 4', 5', 6'""}",TEG-bbrp-00058,25.81,"{""attribute_length"": ""5'""}"
Bilt-Best e-Clad - Locks and Keepers(107),7/8″ Wood Divided Lite Muntin,https://truthentrygard.com/product/7-8-wood-divided-lite-muntin/,TEG-bbrp-00058,$ 5.16 – $ 30.97 Price range: $5.16 through $30.97,"**For questions or concerns, please contact info@truthentrygard.com",,"{""Length"": ""1', 2', 3', 4', 5', 6'""}",TEG-bbrp-00058,30.97,"{""attribute_length"": ""6'""}"
Bilt-Best e-Clad - Locks and Keepers(107),Anderson Andersen Window Door Replacement Hardware Parts Free ID Help,https://truthentrygard.com/product/anderson-andersen-window-door-replacement-hardware-parts-free-id-help/,TEG- 2573517 1274104,$ 16.92,,,{},,,
Bilt-Best e-Clad - Locks and Keepers(107),Ashland Dual Arm Casement Window Operator Components,https://truthentrygard.com/product/ashland-dual-arm-casement-window-operator-components/,TEG-OT-565SS,$ 80.88,Got Questions? Not sure what you need? Feel free to email: info@truthentrygard.com NOT SURE WHAT YOU NEED?!? EMAIL PICTURES AND WE WILL GET YOU TAKEN CARE OF!,,"{""Handing"": ""Left, Right""}",TEG-OT-565SS,80.88,"{""attribute_pa_handing"": ""left""}"
Bilt-Best e-Clad - Locks and Keepers(107),Ashland Dual Arm Casement Window Operator Components,https://truthentrygard.com/product/ashland-dual-arm-casement-window-operator-components/,TEG-OT-565SS,$ 80.88,Got Questions? Not sure what you need? Feel free to email: info@truthentrygard.com NOT SURE WHAT YOU NEED?!? EMAIL PICTURES AND WE WILL GET YOU TAKEN CARE OF!,,"{""Handing"": ""Left, Right""}",TEG-OT-565SS,80.88,"{""attribute_pa_handing"": ""right""}"
Bilt-Best e-Clad - Locks and Keepers(107),Awning Window Operator Parts | 29168 AWNING UNIT ASSEMBLY 28.75″,https://truthentrygard.com/product/awning-window-operator-parts-29168-awning-unit-assembly-28-75/,TEG-29-168,$ 207.91,"For questions or concerns, please contact info@truthentrygard.com",,{},,,
Bilt-Best e-Clad - Locks and Keepers(107),CAM SASH LOCK | ENTRYGARD | TRUTH HARDWARE,https://truthentrygard.com/product/cam-sash-lock-entrygard/,TEG-,$ 32.22,GOT QUESTIONS?! Contact us at info@truthentrygard.com,,"{""Color"": ""Bronze, White""}",TEG-,32.22,"{""attribute_pa_color"": ""bronze""}"
Bilt-Best e-Clad - Locks and Keepers(107),CAM SASH LOCK | ENTRYGARD | TRUTH HARDWARE,https://truthentrygard.com/product/cam-sash-lock-entrygard/,TEG-,$ 32.22,GOT QUESTIONS?! Contact us at info@truthentrygard.com,,"{""Color"": ""Bronze, White""}",TEG-,32.22,"{""attribute_pa_color"": ""white""}"
Bilt-Best e-Clad - Locks and Keepers(107),CARADCO CONTOUR HANDLE AND COVER,https://truthentrygard.com/product/caradco-contour-handle-and-cover/,PEOFP-HC-2,$ 28.88 – $ 32.88 Price range: $28.88 through $32.88,GOT QUESTIONS?! Contact us at info@truthentrygard.com,,"{""Color"": ""Beige, Black, Bronze, Chestnut Bronze, Clay, Coppertone, Gold, Satin Taupe, White""}",PEOFP-HC-2,28.88,"{""attribute_pa_color"": ""beige""}"
Bilt-Best e-Clad - Locks and Keepers(107),CARADCO CONTOUR HANDLE AND COVER,https://truthentrygard.com/product/caradco-contour-handle-and-cover/,PEOFP-HC-2,$ 28.88 – $ 32.88 Price range: $28.88 through $32.88,GOT QUESTIONS?! Contact us at info@truthentrygard.com,,"{""Color"": ""Beige, Black, Bronze, Chestnut Bronze, Clay, Coppertone, Gold, Satin Taupe, White""}",PEOFP-HC-2,28.88,"{""attribute_pa_color"": ""black""}"
Bilt-Best e-Clad - Locks and Keepers(107),CARADCO CONTOUR HANDLE AND COVER,https://truthentrygard.com/product/caradco-contour-handle-and-cover/,PEOFP-HC-2,$ 28.88 – $ 32.88 Price range: $28.88 through $32.88,GOT QUESTIONS?! Contact us at info@truthentrygard.com,,"{""Color"": ""Beige, Black, Bronze, Chestnut Bronze, Clay, Coppertone, Gold, Satin Taupe, White""}",PEOFP-HC-2,28.88,"{""attribute_pa_color"": ""chestnut-bronze""}"
Bilt-Best e-Clad - Locks and Keepers(107),CARADCO CONTOUR HANDLE AND COVER,https://truthentrygard.com/product/caradco-contour-handle-and-cover/,PEOFP-HC-2,$ 28.88 – $ 32.88 Price range: $28.88 through $32.88,GOT QUESTIONS?! Contact us at info@truthentrygard.com,,"{""Color"": ""Beige, Black, Bronze, Chestnut Bronze, Clay, Coppertone, Gold, Satin Taupe, White""}",PEOFP-HC-2,28.88,"{""attribute_pa_color"": ""clay""}"
Bilt-Best e-Clad - Locks and Keepers(107),CARADCO CONTOUR HANDLE AND COVER,https://truthentrygard.com/product/caradco-contour-handle-and-cover/,PEOFP-HC-2,$ 28.88 – $ 32.88 Price range: $28.88 through $32.88,GOT QUESTIONS?! Contact us at info@truthentrygard.com,,"{""Color"": ""Beige, Black, Bronze, Chestnut Bronze, Clay, Coppertone, Gold, Satin Taupe, White""}",PEOFP-HC-2,29.88,"{""attribute_pa_color"": ""coppertone""}"
Bilt-Best e-Clad - Locks and Keepers(107),CARADCO CONTOUR HANDLE AND COVER,https://truthentrygard.com/product/caradco-contour-handle-and-cover/,PEOFP-HC-2,$ 28.88 – $ 32.88 Price range: $28.88 through $32.88,GOT QUESTIONS?! Contact us at info@truthentrygard.com,,"{""Color"": ""Beige, Black, Bronze, Chestnut Bronze, Clay, Coppertone, Gold, Satin Taupe, White""}",PEOFP-HC-2,32.88,"{""attribute_pa_color"": ""gold""}"
Bilt-Best e-Clad - Locks and Keepers(107),CARADCO CONTOUR HANDLE AND COVER,https://truthentrygard.com/product/caradco-contour-handle-and-cover/,PEOFP-HC-2,$ 28.88 – $ 32.88 Price range: $28.88 through $32.88,GOT QUESTIONS?! Contact us at info@truthentrygard.com,,"{""Color"": ""Beige, Black, Bronze, Chestnut Bronze, Clay, Coppertone, Gold, Satin Taupe, White""}",PEOFP-HC-2,28.88,"{""attribute_pa_color"": ""bronze""}"
Bilt-Best e-Clad - Locks and Keepers(107),CARADCO CONTOUR HANDLE AND COVER,https://truthentrygard.com/product/caradco-contour-handle-and-cover/,PEOFP-HC-2,$ 28.88 – $ 32.88 Price range: $28.88 through $32.88,GOT QUESTIONS?! Contact us at info@truthentrygard.com,,"{""Color"": ""Beige, Black, Bronze, Chestnut Bronze, Clay, Coppertone, Gold, Satin Taupe, White""}",PEOFP-HC-2,28.88,"{""attribute_pa_color"": ""satin-taupe""}"
Bilt-Best e-Clad - Locks and Keepers(107),CARADCO CONTOUR HANDLE AND COVER,https://truthentrygard.com/product/caradco-contour-handle-and-cover/,PEOFP-HC-2,$ 28.88 – $ 32.88 Price range: $28.88 through $32.88,GOT QUESTIONS?! Contact us at info@truthentrygard.com,,"{""Color"": ""Beige, Black, Bronze, Chestnut Bronze, Clay, Coppertone, Gold, Satin Taupe, White""}",PEOFP-HC-2,28.88,"{""attribute_pa_color"": ""white""}"
Bilt-Best e-Clad - Locks and Keepers(107),"Casement & Awning Window Replacement Parts | Operators, Cranks, Handles | Norco NorClad Jeld-Wen, Pozzi and Others",https://truthentrygard.com/product/casement-awning-window-replacement-parts-operators-cranks-handles-norco-norclad-jeld-wen-pozzi-and-others/,All Window Door Parts Group USA,$ 130.27,,,{},,,
Bilt-Best e-Clad - Locks and Keepers(107),Casement and Awning Window Styles – Narrow Sash Leaf Seals | Beige Tan | Home Owner Contractor Packs Available,https://truthentrygard.com/product/casement-and-awning-window-styles-narrow-sash-leaf-seals-beige-tan-home-owner-contractor-packs-available/,TEG-bbrp-00025,$ 37.51,"For questions or concerns, please contact info@truthentrygard.com",,{},,,
Bilt-Best e-Clad - Locks and Keepers(107),Casement Awning Window Parts | Foam Seal Weatherstrip,https://truthentrygard.com/product/casement-awning-window-parts-foam-seal-weatherstrip/,TOOLP-WHT,"$ 1,063.22",HAVE QUESTIONS??? CONTACT INFO@TRUTHENTRYGARD.COM,,{},,,
Bilt-Best e-Clad - Locks and Keepers(107),Casement Window – Lock Handle and Escutcheon,https://truthentrygard.com/product/casement-window-lock-handle-and-escutcheon-2/,TEG-014,$ 32.92,"**For questions or concerns, please contact info@truthentrygard.com",,"{""Color"": ""White, Gold""}",TEG-014,32.92,"{""attribute_color"": ""White""}"
Bilt-Best e-Clad - Locks and Keepers(107),Casement Window – Lock Handle and Escutcheon,https://truthentrygard.com/product/casement-window-lock-handle-and-escutcheon-2/,TEG-014,$ 32.92,"**For questions or concerns, please contact info@truthentrygard.com",,"{""Color"": ""White, Gold""}",TEG-014,32.92,"{""attribute_color"": ""Gold""}"
Awning Window Hardware(102),.300 Kerf Insert Weather-Strip Seal,https://truthentrygard.com/product/300-kerf-insert-weather-strip-seal/,TEG-LPB-713.,$ 0.00,Got Questions? Not sure what you need? Feel free to email: info@truthentrygard.com NOT SURE WHAT YOU NEED?!? EMAIL PICTURES AND WE WILL GET YOU TAKEN CARE OF!,,{},,,
Awning Window Hardware(102),1 3/8″ Aluminum Divided Lite Muntin Bar with Tape,https://truthentrygard.com/product/1-3-8-aluminum-divided-lite-muntin-bar-with-tape/,TEG-bbrp-00055,$ 23.88,"**For questions or concerns, please contact info@truthentrygard.com",,"{""Length"": ""1', 2', 3', 4', 5', 6'"", ""Color"": ""White, Dark Bronze, Sandstone""}",TEG-bbrp-00055,23.88,"{""attribute_length"": ""1'"", ""attribute_color"": ""White""}"
Awning Window Hardware(102),1 3/8″ Aluminum Divided Lite Muntin Bar with Tape,https://truthentrygard.com/product/1-3-8-aluminum-divided-lite-muntin-bar-with-tape/,TEG-bbrp-00055,$ 23.88,"**For questions or concerns, please contact info@truthentrygard.com",,"{""Length"": ""1', 2', 3', 4', 5', 6'"", ""Color"": ""White, Dark Bronze, Sandstone""}",TEG-bbrp-00055,23.88,"{""attribute_length"": ""1'"", ""attribute_color"": ""Dark Bronze""}"
Awning Window Hardware(102),1 3/8″ Aluminum Divided Lite Muntin Bar with Tape,https://truthentrygard.com/product/1-3-8-aluminum-divided-lite-muntin-bar-with-tape/,TEG-bbrp-00055,$ 23.88,"**For questions or concerns, please contact info@truthentrygard.com",,"{""Length"": ""1', 2', 3', 4', 5', 6'"", ""Color"": ""White, Dark Bronze, Sandstone""}",TEG-bbrp-00055,23.88,"{""attribute_length"": ""1'"", ""attribute_color"": ""Sandstone""}"
Awning Window Hardware(102),1 3/8″ Aluminum Divided Lite Muntin Bar with Tape,https://truthentrygard.com/product/1-3-8-aluminum-divided-lite-muntin-bar-with-tape/,TEG-bbrp-00055,$ 23.88,"**For questions or concerns, please contact info@truthentrygard.com",,"{""Length"": ""1', 2', 3', 4', 5', 6'"", ""Color"": ""White, Dark Bronze, Sandstone""}",TEG-bbrp-00055,23.88,"{""attribute_length"": ""2'"", ""attribute_color"": ""White""}"
Awning Window Hardware(102),1 3/8″ Aluminum Divided Lite Muntin Bar with Tape,https://truthentrygard.com/product/1-3-8-aluminum-divided-lite-muntin-bar-with-tape/,TEG-bbrp-00055,$ 23.88,"**For questions or concerns, please contact info@truthentrygard.com",,"{""Length"": ""1', 2', 3', 4', 5', 6'"", ""Color"": ""White, Dark Bronze, Sandstone""}",TEG-bbrp-00055,23.88,"{""attribute_length"": ""2'"", ""attribute_color"": ""Dark Bronze""}"
Awning Window Hardware(102),1 3/8″ Aluminum Divided Lite Muntin Bar with Tape,https://truthentrygard.com/product/1-3-8-aluminum-divided-lite-muntin-bar-with-tape/,TEG-bbrp-00055,$ 23.88,"**For questions or concerns, please contact info@truthentrygard.com",,"{""Length"": ""1', 2', 3', 4', 5', 6'"", ""Color"": ""White, Dark Bronze, Sandstone""}",TEG-bbrp-00055,23.88,"{""attribute_length"": ""2'"", ""attribute_color"": ""Sandstone""}"
Awning Window Hardware(102),1 3/8″ Aluminum Divided Lite Muntin Bar with Tape,https://truthentrygard.com/product/1-3-8-aluminum-divided-lite-muntin-bar-with-tape/,TEG-bbrp-00055,$ 23.88,"**For questions or concerns, please contact info@truthentrygard.com",,"{""Length"": ""1', 2', 3', 4', 5', 6'"", ""Color"": ""White, Dark Bronze, Sandstone""}",TEG-bbrp-00055,23.88,"{""attribute_length"": ""3'"", ""attribute_color"": ""White""}"
Awning Window Hardware(102),1 3/8″ Aluminum Divided Lite Muntin Bar with Tape,https://truthentrygard.com/product/1-3-8-aluminum-divided-lite-muntin-bar-with-tape/,TEG-bbrp-00055,$ 23.88,"**For questions or concerns, please contact info@truthentrygard.com",,"{""Length"": ""1', 2', 3', 4', 5', 6'"", ""Color"": ""White, Dark Bronze, Sandstone""}",TEG-bbrp-00055,23.88,"{""attribute_length"": ""3'"", ""attribute_color"": ""Dark Bronze""}"
Awning Window Hardware(102),1 3/8″ Aluminum Divided Lite Muntin Bar with Tape,https://truthentrygard.com/product/1-3-8-aluminum-divided-lite-muntin-bar-with-tape/,TEG-bbrp-00055,$ 23.88,"**For questions or concerns, please contact info@truthentrygard.com",,"{""Length"": ""1', 2', 3', 4', 5', 6'"", ""Color"": ""White, Dark Bronze, Sandstone""}",TEG-bbrp-00055,23.88,"{""attribute_length"": ""3'"", ""attribute_color"": ""Sandstone""}"
Awning Window Hardware(102),1 3/8″ Aluminum Divided Lite Muntin Bar with Tape,https://truthentrygard.com/product/1-3-8-aluminum-divided-lite-muntin-bar-with-tape/,TEG-bbrp-00055,$ 23.88,"**For questions or concerns, please contact info@truthentrygard.com",,"{""Length"": ""1', 2', 3', 4', 5', 6'"", ""Color"": ""White, Dark Bronze, Sandstone""}",TEG-bbrp-00055,23.88,"{""attribute_length"": ""4'"", ""attribute_color"": ""White""}"
Awning Window Hardware(102),1 3/8″ Aluminum Divided Lite Muntin Bar with Tape,https://truthentrygard.com/product/1-3-8-aluminum-divided-lite-muntin-bar-with-tape/,TEG-bbrp-00055,$ 23.88,"**For questions or concerns, please contact info@truthentrygard.com",,"{""Length"": ""1', 2', 3', 4', 5', 6'"", ""Color"": ""White, Dark Bronze, Sandstone""}",TEG-bbrp-00055,23.88,"{""attribute_length"": ""4'"", ""attribute_color"": ""Dark Bronze""}"
Awning Window Hardware(102),1 3/8″ Aluminum Divided Lite Muntin Bar with Tape,https://truthentrygard.com/product/1-3-8-aluminum-divided-lite-muntin-bar-with-tape/,TEG-bbrp-00055,$ 23.88,"**For questions or concerns, please contact info@truthentrygard.com",,"{""Length"": ""1', 2', 3', 4', 5', 6'"", ""Color"": ""White, Dark Bronze, Sandstone""}",TEG-bbrp-00055,23.88,"{""attribute_length"": ""4'"", ""attribute_color"": ""Sandstone""}"
Awning Window Hardware(102),1 3/8″ Aluminum Divided Lite Muntin Bar with Tape,https://truthentrygard.com/product/1-3-8-aluminum-divided-lite-muntin-bar-with-tape/,TEG-bbrp-00055,$ 23.88,"**For questions or concerns, please contact info@truthentrygard.com",,"{""Length"": ""1', 2', 3', 4', 5', 6'"", ""Color"": ""White, Dark Bronze, Sandstone""}",TEG-bbrp-00055,23.88,"{""attribute_length"": ""5'"", ""attribute_color"": ""White""}"
Awning Window Hardware(102),1 3/8″ Aluminum Divided Lite Muntin Bar with Tape,https://truthentrygard.com/product/1-3-8-aluminum-divided-lite-muntin-bar-with-tape/,TEG-bbrp-00055,$ 23.88,"**For questions or concerns, please contact info@truthentrygard.com",,"{""Length"": ""1', 2', 3', 4', 5', 6'"", ""Color"": ""White, Dark Bronze, Sandstone""}",TEG-bbrp-00055,23.88,"{""attribute_length"": ""5'"", ""attribute_color"": ""Dark Bronze""}"
Awning Window Hardware(102),1 3/8″ Aluminum Divided Lite Muntin Bar with Tape,https://truthentrygard.com/product/1-3-8-aluminum-divided-lite-muntin-bar-with-tape/,TEG-bbrp-00055,$ 23.88,"**For questions or concerns, please contact info@truthentrygard.com",,"{""Length"": ""1', 2', 3', 4', 5', 6'"", ""Color"": ""White, Dark Bronze, Sandstone""}",TEG-bbrp-00055,23.88,"{""attribute_length"": ""5'"", ""attribute_color"": ""Sandstone""}"
Awning Window Hardware(102),1 3/8″ Aluminum Divided Lite Muntin Bar with Tape,https://truthentrygard.com/product/1-3-8-aluminum-divided-lite-muntin-bar-with-tape/,TEG-bbrp-00055,$ 23.88,"**For questions or concerns, please contact info@truthentrygard.com",,"{""Length"": ""1', 2', 3', 4', 5', 6'"", ""Color"": ""White, Dark Bronze, Sandstone""}",TEG-bbrp-00055,23.88,"{""attribute_length"": ""6'"", ""attribute_color"": ""White""}"
Awning Window Hardware(102),1 3/8″ Aluminum Divided Lite Muntin Bar with Tape,https://truthentrygard.com/product/1-3-8-aluminum-divided-lite-muntin-bar-with-tape/,TEG-bbrp-00055,$ 23.88,"**For questions or concerns, please contact info@truthentrygard.com",,"{""Length"": ""1', 2', 3', 4', 5', 6'"", ""Color"": ""White, Dark Bronze, Sandstone""}",TEG-bbrp-00055,23.88,"{""attribute_length"": ""6'"", ""attribute_color"": ""Dark Bronze""}"
Awning Window Hardware(102),1 3/8″ Aluminum Divided Lite Muntin Bar with Tape,https://truthentrygard.com/product/1-3-8-aluminum-divided-lite-muntin-bar-with-tape/,TEG-bbrp-00055,$ 23.88,"**For questions or concerns, please contact info@truthentrygard.com",,"{""Length"": ""1', 2', 3', 4', 5', 6'"", ""Color"": ""White, Dark Bronze, Sandstone""}",TEG-bbrp-00055,23.88,"{""attribute_length"": ""6'"", ""attribute_color"": ""Sandstone""}"
Awning Window Hardware(102),1 3/8″ Wood Divided Lite Muntin Bar with Tape,https://truthentrygard.com/product/1-3-8-wood-divided-lite-muntin-bar-with-tape/,TEG-bbrp-00054,$ 5.95 – $ 35.71 Price range: $5.95 through $35.71,"**For questions or concerns, please contact info@truthentrygard.com",,"{""Length"": ""1', 2', 3', 4', 5', 6'""}",TEG-bbrp-00054,5.95,"{""attribute_length"": ""1'""}"
Awning Window Hardware(102),1 3/8″ Wood Divided Lite Muntin Bar with Tape,https://truthentrygard.com/product/1-3-8-wood-divided-lite-muntin-bar-with-tape/,TEG-bbrp-00054,$ 5.95 – $ 35.71 Price range: $5.95 through $35.71,"**For questions or concerns, please contact info@truthentrygard.com",,"{""Length"": ""1', 2', 3', 4', 5', 6'""}",TEG-bbrp-00054,11.9,"{""attribute_length"": ""2'""}"
Awning Window Hardware(102),1 3/8″ Wood Divided Lite Muntin Bar with Tape,https://truthentrygard.com/product/1-3-8-wood-divided-lite-muntin-bar-with-tape/,TEG-bbrp-00054,$ 5.95 – $ 35.71 Price range: $5.95 through $35.71,"**For questions or concerns, please contact info@truthentrygard.com",,"{""Length"": ""1', 2', 3', 4', 5', 6'""}",TEG-bbrp-00054,17.85,"{""attribute_length"": ""3'""}"
Awning Window Hardware(102),1 3/8″ Wood Divided Lite Muntin Bar with Tape,https://truthentrygard.com/product/1-3-8-wood-divided-lite-muntin-bar-with-tape/,TEG-bbrp-00054,$ 5.95 – $ 35.71 Price range: $5.95 through $35.71,"**For questions or concerns, please contact info@truthentrygard.com",,"{""Length"": ""1', 2', 3', 4', 5', 6'""}",TEG-bbrp-00054,23.81,"{""attribute_length"": ""4'""}"
Awning Window Hardware(102),1 3/8″ Wood Divided Lite Muntin Bar with Tape,https://truthentrygard.com/product/1-3-8-wood-divided-lite-muntin-bar-with-tape/,TEG-bbrp-00054,$ 5.95 – $ 35.71 Price range: $5.95 through $35.71,"**For questions or concerns, please contact info@truthentrygard.com",,"{""Length"": ""1', 2', 3', 4', 5', 6'""}",TEG-bbrp-00054,29.75,"{""attribute_length"": ""5'""}"
Awning Window Hardware(102),1 3/8″ Wood Divided Lite Muntin Bar with Tape,https://truthentrygard.com/product/1-3-8-wood-divided-lite-muntin-bar-with-tape/,TEG-bbrp-00054,$ 5.95 – $ 35.71 Price range: $5.95 through $35.71,"**For questions or concerns, please contact info@truthentrygard.com",,"{""Length"": ""1', 2', 3', 4', 5', 6'""}",TEG-bbrp-00054,35.71,"{""attribute_length"": ""6'""}"
Awning Window Hardware(102),1″ Aluminum Divided Lite Muntin Bar with Tape,https://truthentrygard.com/product/1-aluminum-divided-lite-muntin-bar-with-tape/,TEG-bbrp-00056,$ 17.66 – $ 99.29 Price range: $17.66 through $99.29,,,"{""Length"": ""1', 2', 3', 4', 5', 6'"", ""Color"": ""White, Dark Bronze, Sandstone""}",TEG-bbrp-00056,17.66,"{""attribute_length"": ""1'"", ""attribute_color"": ""White""}"
Awning Window Hardware(102),1″ Aluminum Divided Lite Muntin Bar with Tape,https://truthentrygard.com/product/1-aluminum-divided-lite-muntin-bar-with-tape/,TEG-bbrp-00056,$ 17.66 – $ 99.29 Price range: $17.66 through $99.29,,,"{""Length"": ""1', 2', 3', 4', 5', 6'"", ""Color"": ""White, Dark Bronze, Sandstone""}",TEG-bbrp-00056,17.66,"{""attribute_length"": ""1'"", ""attribute_color"": ""Dark Bronze""}"
Awning Window Hardware(102),1″ Aluminum Divided Lite Muntin Bar with Tape,https://truthentrygard.com/product/1-aluminum-divided-lite-muntin-bar-with-tape/,TEG-bbrp-00056,$ 17.66 – $ 99.29 Price range: $17.66 through $99.29,,,"{""Length"": ""1', 2', 3', 4', 5', 6'"", ""Color"": ""White, Dark Bronze, Sandstone""}",TEG-bbrp-00056,17.66,"{""attribute_length"": ""1'"", ""attribute_color"": ""Sandstone""}"
Awning Window Hardware(102),1″ Aluminum Divided Lite Muntin Bar with Tape,https://truthentrygard.com/product/1-aluminum-divided-lite-muntin-bar-with-tape/,TEG-bbrp-00056,$ 17.66 – $ 99.29 Price range: $17.66 through $99.29,,,"{""Length"": ""1', 2', 3', 4', 5', 6'"", ""Color"": ""White, Dark Bronze, Sandstone""}",TEG-bbrp-00056,33.58,"{""attribute_length"": ""2'"", ""attribute_color"": ""White""}"
Awning Window Hardware(102),1″ Aluminum Divided Lite Muntin Bar with Tape,https://truthentrygard.com/product/1-aluminum-divided-lite-muntin-bar-with-tape/,TEG-bbrp-00056,$ 17.66 – $ 99.29 Price range: $17.66 through $99.29,,,"{""Length"": ""1', 2', 3', 4', 5', 6'"", ""Color"": ""White, Dark Bronze, Sandstone""}",TEG-bbrp-00056,33.58,"{""attribute_length"": ""2'"", ""attribute_color"": ""Dark Bronze""}"
Awning Window Hardware(102),1″ Aluminum Divided Lite Muntin Bar with Tape,https://truthentrygard.com/product/1-aluminum-divided-lite-muntin-bar-with-tape/,TEG-bbrp-00056,$ 17.66 – $ 99.29 Price range: $17.66 through $99.29,,,"{""Length"": ""1', 2', 3', 4', 5', 6'"", ""Color"": ""White, Dark Bronze, Sandstone""}",TEG-bbrp-00056,33.58,"{""attribute_length"": ""2'"", ""attribute_color"": ""Sandstone""}"
Awning Window Hardware(102),1″ Aluminum Divided Lite Muntin Bar with Tape,https://truthentrygard.com/product/1-aluminum-divided-lite-muntin-bar-with-tape/,TEG-bbrp-00056,$ 17.66 – $ 99.29 Price range: $17.66 through $99.29,,,"{""Length"": ""1', 2', 3', 4', 5', 6'"", ""Color"": ""White, Dark Bronze, Sandstone""}",TEG-bbrp-00056,50.79,"{""attribute_length"": ""3'"", ""attribute_color"": ""White""}"
Awning Window Hardware(102),1″ Aluminum Divided Lite Muntin Bar with Tape,https://truthentrygard.com/product/1-aluminum-divided-lite-muntin-bar-with-tape/,TEG-bbrp-00056,$ 17.66 – $ 99.29 Price range: $17.66 through $99.29,,,"{""Length"": ""1', 2', 3', 4', 5', 6'"", ""Color"": ""White, Dark Bronze, Sandstone""}",TEG-bbrp-00056,50.79,"{""attribute_length"": ""3'"", ""attribute_color"": ""Dark Bronze""}"
Awning Window Hardware(102),1″ Aluminum Divided Lite Muntin Bar with Tape,https://truthentrygard.com/product/1-aluminum-divided-lite-muntin-bar-with-tape/,TEG-bbrp-00056,$ 17.66 – $ 99.29 Price range: $17.66 through $99.29,,,"{""Length"": ""1', 2', 3', 4', 5', 6'"", ""Color"": ""White, Dark Bronze, Sandstone""}",TEG-bbrp-00056,50.79,"{""attribute_length"": ""3'"", ""attribute_color"": ""Sandstone""}"
Awning Window Hardware(102),1″ Aluminum Divided Lite Muntin Bar with Tape,https://truthentrygard.com/product/1-aluminum-divided-lite-muntin-bar-with-tape/,TEG-bbrp-00056,$ 17.66 – $ 99.29 Price range: $17.66 through $99.29,,,"{""Length"": ""1', 2', 3', 4', 5', 6'"", ""Color"": ""White, Dark Bronze, Sandstone""}",TEG-bbrp-00056,70.18,"{""attribute_length"": ""4'"", ""attribute_color"": ""White""}"
Awning Window Hardware(102),1″ Aluminum Divided Lite Muntin Bar with Tape,https://truthentrygard.com/product/1-aluminum-divided-lite-muntin-bar-with-tape/,TEG-bbrp-00056,$ 17.66 – $ 99.29 Price range: $17.66 through $99.29,,,"{""Length"": ""1', 2', 3', 4', 5', 6'"", ""Color"": ""White, Dark Bronze, Sandstone""}",TEG-bbrp-00056,70.18,"{""attribute_length"": ""4'"", ""attribute_color"": ""Dark Bronze""}"
Awning Window Hardware(102),1″ Aluminum Divided Lite Muntin Bar with Tape,https://truthentrygard.com/product/1-aluminum-divided-lite-muntin-bar-with-tape/,TEG-bbrp-00056,$ 17.66 – $ 99.29 Price range: $17.66 through $99.29,,,"{""Length"": ""1', 2', 3', 4', 5', 6'"", ""Color"": ""White, Dark Bronze, Sandstone""}",TEG-bbrp-00056,70.18,"{""attribute_length"": ""4'"", ""attribute_color"": ""Sandstone""}"
Awning Window Hardware(102),1″ Aluminum Divided Lite Muntin Bar with Tape,https://truthentrygard.com/product/1-aluminum-divided-lite-muntin-bar-with-tape/,TEG-bbrp-00056,$ 17.66 – $ 99.29 Price range: $17.66 through $99.29,,,"{""Length"": ""1', 2', 3', 4', 5', 6'"", ""Color"": ""White, Dark Bronze, Sandstone""}",TEG-bbrp-00056,88.35,"{""attribute_length"": ""5'"", ""attribute_color"": ""White""}"
Awning Window Hardware(102),1″ Aluminum Divided Lite Muntin Bar with Tape,https://truthentrygard.com/product/1-aluminum-divided-lite-muntin-bar-with-tape/,TEG-bbrp-00056,$ 17.66 – $ 99.29 Price range: $17.66 through $99.29,,,"{""Length"": ""1', 2', 3', 4', 5', 6'"", ""Color"": ""White, Dark Bronze, Sandstone""}",TEG-bbrp-00056,88.35,"{""attribute_length"": ""5'"", ""attribute_color"": ""Dark Bronze""}"
Awning Window Hardware(102),1″ Aluminum Divided Lite Muntin Bar with Tape,https://truthentrygard.com/product/1-aluminum-divided-lite-muntin-bar-with-tape/,TEG-bbrp-00056,$ 17.66 – $ 99.29 Price range: $17.66 through $99.29,,,"{""Length"": ""1', 2', 3', 4', 5', 6'"", ""Color"": ""White, Dark Bronze, Sandstone""}",TEG-bbrp-00056,88.35,"{""attribute_length"": ""5'"", ""attribute_color"": ""Sandstone""}"
Awning Window Hardware(102),1″ Aluminum Divided Lite Muntin Bar with Tape,https://truthentrygard.com/product/1-aluminum-divided-lite-muntin-bar-with-tape/,TEG-bbrp-00056,$ 17.66 – $ 99.29 Price range: $17.66 through $99.29,,,"{""Length"": ""1', 2', 3', 4', 5', 6'"", ""Color"": ""White, Dark Bronze, Sandstone""}",TEG-bbrp-00056,99.29,"{""attribute_length"": ""6'"", ""attribute_color"": ""White""}"
Awning Window Hardware(102),1″ Aluminum Divided Lite Muntin Bar with Tape,https://truthentrygard.com/product/1-aluminum-divided-lite-muntin-bar-with-tape/,TEG-bbrp-00056,$ 17.66 – $ 99.29 Price range: $17.66 through $99.29,,,"{""Length"": ""1', 2', 3', 4', 5', 6'"", ""Color"": ""White, Dark Bronze, Sandstone""}",TEG-bbrp-00056,99.29,"{""attribute_length"": ""6'"", ""attribute_color"": ""Dark Bronze""}"
Awning Window Hardware(102),1″ Aluminum Divided Lite Muntin Bar with Tape,https://truthentrygard.com/product/1-aluminum-divided-lite-muntin-bar-with-tape/,TEG-bbrp-00056,$ 17.66 – $ 99.29 Price range: $17.66 through $99.29,,,"{""Length"": ""1', 2', 3', 4', 5', 6'"", ""Color"": ""White, Dark Bronze, Sandstone""}",TEG-bbrp-00056,99.29,"{""attribute_length"": ""6'"", ""attribute_color"": ""Sandstone""}"
Awning Window Hardware(102),2R Window Limit Device,https://truthentrygard.com/product/2r-window-limit-device/,N/A,$ 135.88,GOT QUESTIONS?! Contact us: info@truthentrygard.com,,"{""Handing"": ""Left, Right""}",,135.88,"{""attribute_handing"": ""Left""}"
Awning Window Hardware(102),7/8″ Aluminum Divided Lite Muntin Bar with Tape,https://truthentrygard.com/product/7-8-aluminum-divided-lite-muntin-bar-with-tape/,TEG-bbrp-00057,$ 13.99 – $ 78.38 Price range: $13.99 through $78.38,"**For questions or concerns, please contact info@truthentrygard.com",,"{""Length"": ""1', 2', 3', 4', 5', 6'"", ""Color"": ""White, Dark Bronze, Sandstone""}",TEG-bbrp-00057,13.99,"{""attribute_length"": ""1'"", ""attribute_color"": ""White""}"
Awning Window Hardware(102),7/8″ Aluminum Divided Lite Muntin Bar with Tape,https://truthentrygard.com/product/7-8-aluminum-divided-lite-muntin-bar-with-tape/,TEG-bbrp-00057,$ 13.99 – $ 78.38 Price range: $13.99 through $78.38,"**For questions or concerns, please contact info@truthentrygard.com",,"{""Length"": ""1', 2', 3', 4', 5', 6'"", ""Color"": ""White, Dark Bronze, Sandstone""}",TEG-bbrp-00057,13.99,"{""attribute_length"": ""1'"", ""attribute_color"": ""Dark Bronze""}"
Awning Window Hardware(102),7/8″ Aluminum Divided Lite Muntin Bar with Tape,https://truthentrygard.com/product/7-8-aluminum-divided-lite-muntin-bar-with-tape/,TEG-bbrp-00057,$ 13.99 – $ 78.38 Price range: $13.99 through $78.38,"**For questions or concerns, please contact info@truthentrygard.com",,"{""Length"": ""1', 2', 3', 4', 5', 6'"", ""Color"": ""White, Dark Bronze, Sandstone""}",TEG-bbrp-00057,13.99,"{""attribute_length"": ""1'"", ""attribute_color"": ""Sandstone""}"
Awning Window Hardware(102),7/8″ Aluminum Divided Lite Muntin Bar with Tape,https://truthentrygard.com/product/7-8-aluminum-divided-lite-muntin-bar-with-tape/,TEG-bbrp-00057,$ 13.99 – $ 78.38 Price range: $13.99 through $78.38,"**For questions or concerns, please contact info@truthentrygard.com",,"{""Length"": ""1', 2', 3', 4', 5', 6'"", ""Color"": ""White, Dark Bronze, Sandstone""}",TEG-bbrp-00057,28.55,"{""attribute_length"": ""2'"", ""attribute_color"": ""White""}"
Awning Window Hardware(102),7/8″ Aluminum Divided Lite Muntin Bar with Tape,https://truthentrygard.com/product/7-8-aluminum-divided-lite-muntin-bar-with-tape/,TEG-bbrp-00057,$ 13.99 – $ 78.38 Price range: $13.99 through $78.38,"**For questions or concerns, please contact info@truthentrygard.com",,"{""Length"": ""1', 2', 3', 4', 5', 6'"", ""Color"": ""White, Dark Bronze, Sandstone""}",TEG-bbrp-00057,28.55,"{""attribute_length"": ""2'"", ""attribute_color"": ""Dark Bronze""}"
Awning Window Hardware(102),7/8″ Aluminum Divided Lite Muntin Bar with Tape,https://truthentrygard.com/product/7-8-aluminum-divided-lite-muntin-bar-with-tape/,TEG-bbrp-00057,$ 13.99 – $ 78.38 Price range: $13.99 through $78.38,"**For questions or concerns, please contact info@truthentrygard.com",,"{""Length"": ""1', 2', 3', 4', 5', 6'"", ""Color"": ""White, Dark Bronze, Sandstone""}",TEG-bbrp-00057,28.55,"{""attribute_length"": ""2'"", ""attribute_color"": ""Sandstone""}"
Awning Window Hardware(102),7/8″ Aluminum Divided Lite Muntin Bar with Tape,https://truthentrygard.com/product/7-8-aluminum-divided-lite-muntin-bar-with-tape/,TEG-bbrp-00057,$ 13.99 – $ 78.38 Price range: $13.99 through $78.38,"**For questions or concerns, please contact info@truthentrygard.com",,"{""Length"": ""1', 2', 3', 4', 5', 6'"", ""Color"": ""White, Dark Bronze, Sandstone""}",TEG-bbrp-00057,45.44,"{""attribute_length"": ""3'"", ""attribute_color"": ""White""}"
Awning Window Hardware(102),7/8″ Aluminum Divided Lite Muntin Bar with Tape,https://truthentrygard.com/product/7-8-aluminum-divided-lite-muntin-bar-with-tape/,TEG-bbrp-00057,$ 13.99 – $ 78.38 Price range: $13.99 through $78.38,"**For questions or concerns, please contact info@truthentrygard.com",,"{""Length"": ""1', 2', 3', 4', 5', 6'"", ""Color"": ""White, Dark Bronze, Sandstone""}",TEG-bbrp-00057,45.44,"{""attribute_length"": ""3'"", ""attribute_color"": ""Dark Bronze""}"
Awning Window Hardware(102),7/8″ Aluminum Divided Lite Muntin Bar with Tape,https://truthentrygard.com/product/7-8-aluminum-divided-lite-muntin-bar-with-tape/,TEG-bbrp-00057,$ 13.99 – $ 78.38 Price range: $13.99 through $78.38,"**For questions or concerns, please contact info@truthentrygard.com",,"{""Length"": ""1', 2', 3', 4', 5', 6'"", ""Color"": ""White, Dark Bronze, Sandstone""}",TEG-bbrp-00057,45.44,"{""attribute_length"": ""3'"", ""attribute_color"": ""Sandstone""}"
Awning Window Hardware(102),7/8″ Aluminum Divided Lite Muntin Bar with Tape,https://truthentrygard.com/product/7-8-aluminum-divided-lite-muntin-bar-with-tape/,TEG-bbrp-00057,$ 13.99 – $ 78.38 Price range: $13.99 through $78.38,"**For questions or concerns, please contact info@truthentrygard.com",,"{""Length"": ""1', 2', 3', 4', 5', 6'"", ""Color"": ""White, Dark Bronze, Sandstone""}",TEG-bbrp-00057,52.22,"{""attribute_length"": ""4'"", ""attribute_color"": ""White""}"
Awning Window Hardware(102),7/8″ Aluminum Divided Lite Muntin Bar with Tape,https://truthentrygard.com/product/7-8-aluminum-divided-lite-muntin-bar-with-tape/,TEG-bbrp-00057,$ 13.99 – $ 78.38 Price range: $13.99 through $78.38,"**For questions or concerns, please contact info@truthentrygard.com",,"{""Length"": ""1', 2', 3', 4', 5', 6'"", ""Color"": ""White, Dark Bronze, Sandstone""}",TEG-bbrp-00057,52.22,"{""attribute_length"": ""4'"", ""attribute_color"": ""Dark Bronze""}"
Awning Window Hardware(102),7/8″ Aluminum Divided Lite Muntin Bar with Tape,https://truthentrygard.com/product/7-8-aluminum-divided-lite-muntin-bar-with-tape/,TEG-bbrp-00057,$ 13.99 – $ 78.38 Price range: $13.99 through $78.38,"**For questions or concerns, please contact info@truthentrygard.com",,"{""Length"": ""1', 2', 3', 4', 5', 6'"", ""Color"": ""White, Dark Bronze, Sandstone""}",TEG-bbrp-00057,52.22,"{""attribute_length"": ""4'"", ""attribute_color"": ""Sandstone""}"
Awning Window Hardware(102),7/8″ Aluminum Divided Lite Muntin Bar with Tape,https://truthentrygard.com/product/7-8-aluminum-divided-lite-muntin-bar-with-tape/,TEG-bbrp-00057,$ 13.99 – $ 78.38 Price range: $13.99 through $78.38,"**For questions or concerns, please contact info@truthentrygard.com",,"{""Length"": ""1', 2', 3', 4', 5', 6'"", ""Color"": ""White, Dark Bronze, Sandstone""}",TEG-bbrp-00057,71.44,"{""attribute_length"": ""5'"", ""attribute_color"": ""White""}"
Awning Window Hardware(102),7/8″ Aluminum Divided Lite Muntin Bar with Tape,https://truthentrygard.com/product/7-8-aluminum-divided-lite-muntin-bar-with-tape/,TEG-bbrp-00057,$ 13.99 – $ 78.38 Price range: $13.99 through $78.38,"**For questions or concerns, please contact info@truthentrygard.com",,"{""Length"": ""1', 2', 3', 4', 5', 6'"", ""Color"": ""White, Dark Bronze, Sandstone""}",TEG-bbrp-00057,71.44,"{""attribute_length"": ""5'"", ""attribute_color"": ""Dark Bronze""}"
Awning Window Hardware(102),7/8″ Aluminum Divided Lite Muntin Bar with Tape,https://truthentrygard.com/product/7-8-aluminum-divided-lite-muntin-bar-with-tape/,TEG-bbrp-00057,$ 13.99 – $ 78.38 Price range: $13.99 through $78.38,"**For questions or concerns, please contact info@truthentrygard.com",,"{""Length"": ""1', 2', 3', 4', 5', 6'"", ""Color"": ""White, Dark Bronze, Sandstone""}",TEG-bbrp-00057,71.44,"{""attribute_length"": ""5'"", ""attribute_color"": ""Sandstone""}"
Awning Window Hardware(102),7/8″ Aluminum Divided Lite Muntin Bar with Tape,https://truthentrygard.com/product/7-8-aluminum-divided-lite-muntin-bar-with-tape/,TEG-bbrp-00057,$ 13.99 – $ 78.38 Price range: $13.99 through $78.38,"**For questions or concerns, please contact info@truthentrygard.com",,"{""Length"": ""1', 2', 3', 4', 5', 6'"", ""Color"": ""White, Dark Bronze, Sandstone""}",TEG-bbrp-00057,78.38,"{""attribute_length"": ""6'"", ""attribute_color"": ""White""}"
Awning Window Hardware(102),7/8″ Aluminum Divided Lite Muntin Bar with Tape,https://truthentrygard.com/product/7-8-aluminum-divided-lite-muntin-bar-with-tape/,TEG-bbrp-00057,$ 13.99 – $ 78.38 Price range: $13.99 through $78.38,"**For questions or concerns, please contact info@truthentrygard.com",,"{""Length"": ""1', 2', 3', 4', 5', 6'"", ""Color"": ""White, Dark Bronze, Sandstone""}",TEG-bbrp-00057,78.38,"{""attribute_length"": ""6'"", ""attribute_color"": ""Dark Bronze""}"
Awning Window Hardware(102),7/8″ Aluminum Divided Lite Muntin Bar with Tape,https://truthentrygard.com/product/7-8-aluminum-divided-lite-muntin-bar-with-tape/,TEG-bbrp-00057,$ 13.99 – $ 78.38 Price range: $13.99 through $78.38,"**For questions or concerns, please contact info@truthentrygard.com",,"{""Length"": ""1', 2', 3', 4', 5', 6'"", ""Color"": ""White, Dark Bronze, Sandstone""}",TEG-bbrp-00057,78.38,"{""attribute_length"": ""6'"", ""attribute_color"": ""Sandstone""}"
Awning Window Hardware(102),7/8″ Wood Divided Lite Muntin,https://truthentrygard.com/product/7-8-wood-divided-lite-muntin/,TEG-bbrp-00058,$ 5.16 – $ 30.97 Price range: $5.16 through $30.97,"**For questions or concerns, please contact info@truthentrygard.com",,"{""Length"": ""1', 2', 3', 4', 5', 6'""}",TEG-bbrp-00058,5.16,"{""attribute_length"": ""1'""}"
Awning Window Hardware(102),7/8″ Wood Divided Lite Muntin,https://truthentrygard.com/product/7-8-wood-divided-lite-muntin/,TEG-bbrp-00058,$ 5.16 – $ 30.97 Price range: $5.16 through $30.97,"**For questions or concerns, please contact info@truthentrygard.com",,"{""Length"": ""1', 2', 3', 4', 5', 6'""}",TEG-bbrp-00058,10.33,"{""attribute_length"": ""2'""}"
Awning Window Hardware(102),7/8″ Wood Divided Lite Muntin,https://truthentrygard.com/product/7-8-wood-divided-lite-muntin/,TEG-bbrp-00058,$ 5.16 – $ 30.97 Price range: $5.16 through $30.97,"**For questions or concerns, please contact info@truthentrygard.com",,"{""Length"": ""1', 2', 3', 4', 5', 6'""}",TEG-bbrp-00058,15.48,"{""attribute_length"": ""3'""}"
Awning Window Hardware(102),7/8″ Wood Divided Lite Muntin,https://truthentrygard.com/product/7-8-wood-divided-lite-muntin/,TEG-bbrp-00058,$ 5.16 – $ 30.97 Price range: $5.16 through $30.97,"**For questions or concerns, please contact info@truthentrygard.com",,"{""Length"": ""1', 2', 3', 4', 5', 6'""}",TEG-bbrp-00058,20.65,"{""attribute_length"": ""4'""}"
Awning Window Hardware(102),7/8″ Wood Divided Lite Muntin,https://truthentrygard.com/product/7-8-wood-divided-lite-muntin/,TEG-bbrp-00058,$ 5.16 – $ 30.97 Price range: $5.16 through $30.97,"**For questions or concerns, please contact info@truthentrygard.com",,"{""Length"": ""1', 2', 3', 4', 5', 6'""}",TEG-bbrp-00058,25.81,"{""attribute_length"": ""5'""}"
Awning Window Hardware(102),7/8″ Wood Divided Lite Muntin,https://truthentrygard.com/product/7-8-wood-divided-lite-muntin/,TEG-bbrp-00058,$ 5.16 – $ 30.97 Price range: $5.16 through $30.97,"**For questions or concerns, please contact info@truthentrygard.com",,"{""Length"": ""1', 2', 3', 4', 5', 6'""}",TEG-bbrp-00058,30.97,"{""attribute_length"": ""6'""}"
Awning Window Hardware(102),Anderson Andersen Window Door Replacement Hardware Parts Free ID Help,https://truthentrygard.com/product/anderson-andersen-window-door-replacement-hardware-parts-free-id-help/,TEG- 2573517 1274104,$ 16.92,,,{},,,
Awning Window Hardware(102),Ashland Dual Arm Casement Window Operator Components,https://truthentrygard.com/product/ashland-dual-arm-casement-window-operator-components/,TEG-OT-565SS,$ 80.88,Got Questions? Not sure what you need? Feel free to email: info@truthentrygard.com NOT SURE WHAT YOU NEED?!? EMAIL PICTURES AND WE WILL GET YOU TAKEN CARE OF!,,"{""Handing"": ""Left, Right""}",TEG-OT-565SS,80.88,"{""attribute_pa_handing"": ""left""}"
Awning Window Hardware(102),Ashland Dual Arm Casement Window Operator Components,https://truthentrygard.com/product/ashland-dual-arm-casement-window-operator-components/,TEG-OT-565SS,$ 80.88,Got Questions? Not sure what you need? Feel free to email: info@truthentrygard.com NOT SURE WHAT YOU NEED?!? EMAIL PICTURES AND WE WILL GET YOU TAKEN CARE OF!,,"{""Handing"": ""Left, Right""}",TEG-OT-565SS,80.88,"{""attribute_pa_handing"": ""right""}"
Awning Window Hardware(102),Awning Window Operator Parts | 29168 AWNING UNIT ASSEMBLY 28.75″,https://truthentrygard.com/product/awning-window-operator-parts-29168-awning-unit-assembly-28-75/,TEG-29-168,$ 207.91,"For questions or concerns, please contact info@truthentrygard.com",,{},,,
Awning Window Hardware(102),CAM SASH LOCK | ENTRYGARD | TRUTH HARDWARE,https://truthentrygard.com/product/cam-sash-lock-entrygard/,TEG-,$ 32.22,GOT QUESTIONS?! Contact us at info@truthentrygard.com,,"{""Color"": ""Bronze, White""}",TEG-,32.22,"{""attribute_pa_color"": ""bronze""}"
Awning Window Hardware(102),CAM SASH LOCK | ENTRYGARD | TRUTH HARDWARE,https://truthentrygard.com/product/cam-sash-lock-entrygard/,TEG-,$ 32.22,GOT QUESTIONS?! Contact us at info@truthentrygard.com,,"{""Color"": ""Bronze, White""}",TEG-,32.22,"{""attribute_pa_color"": ""white""}"
Awning Window Hardware(102),CARADCO CONTOUR HANDLE AND COVER,https://truthentrygard.com/product/caradco-contour-handle-and-cover/,PEOFP-HC-2,$ 28.88 – $ 32.88 Price range: $28.88 through $32.88,GOT QUESTIONS?! Contact us at info@truthentrygard.com,,"{""Color"": ""Beige, Black, Bronze, Chestnut Bronze, Clay, Coppertone, Gold, Satin Taupe, White""}",PEOFP-HC-2,28.88,"{""attribute_pa_color"": ""beige""}"
Awning Window Hardware(102),CARADCO CONTOUR HANDLE AND COVER,https://truthentrygard.com/product/caradco-contour-handle-and-cover/,PEOFP-HC-2,$ 28.88 – $ 32.88 Price range: $28.88 through $32.88,GOT QUESTIONS?! Contact us at info@truthentrygard.com,,"{""Color"": ""Beige, Black, Bronze, Chestnut Bronze, Clay, Coppertone, Gold, Satin Taupe, White""}",PEOFP-HC-2,28.88,"{""attribute_pa_color"": ""black""}"
Awning Window Hardware(102),CARADCO CONTOUR HANDLE AND COVER,https://truthentrygard.com/product/caradco-contour-handle-and-cover/,PEOFP-HC-2,$ 28.88 – $ 32.88 Price range: $28.88 through $32.88,GOT QUESTIONS?! Contact us at info@truthentrygard.com,,"{""Color"": ""Beige, Black, Bronze, Chestnut Bronze, Clay, Coppertone, Gold, Satin Taupe, White""}",PEOFP-HC-2,28.88,"{""attribute_pa_color"": ""chestnut-bronze""}"
Awning Window Hardware(102),CARADCO CONTOUR HANDLE AND COVER,https://truthentrygard.com/product/caradco-contour-handle-and-cover/,PEOFP-HC-2,$ 28.88 – $ 32.88 Price range: $28.88 through $32.88,GOT QUESTIONS?! Contact us at info@truthentrygard.com,,"{""Color"": ""Beige, Black, Bronze, Chestnut Bronze, Clay, Coppertone, Gold, Satin Taupe, White""}",PEOFP-HC-2,28.88,"{""attribute_pa_color"": ""clay""}"
Awning Window Hardware(102),CARADCO CONTOUR HANDLE AND COVER,https://truthentrygard.com/product/caradco-contour-handle-and-cover/,PEOFP-HC-2,$ 28.88 – $ 32.88 Price range: $28.88 through $32.88,GOT QUESTIONS?! Contact us at info@truthentrygard.com,,"{""Color"": ""Beige, Black, Bronze, Chestnut Bronze, Clay, Coppertone, Gold, Satin Taupe, White""}",PEOFP-HC-2,29.88,"{""attribute_pa_color"": ""coppertone""}"
Awning Window Hardware(102),CARADCO CONTOUR HANDLE AND COVER,https://truthentrygard.com/product/caradco-contour-handle-and-cover/,PEOFP-HC-2,$ 28.88 – $ 32.88 Price range: $28.88 through $32.88,GOT QUESTIONS?! Contact us at info@truthentrygard.com,,"{""Color"": ""Beige, Black, Bronze, Chestnut Bronze, Clay, Coppertone, Gold, Satin Taupe, White""}",PEOFP-HC-2,32.88,"{""attribute_pa_color"": ""gold""}"
Awning Window Hardware(102),CARADCO CONTOUR HANDLE AND COVER,https://truthentrygard.com/product/caradco-contour-handle-and-cover/,PEOFP-HC-2,$ 28.88 – $ 32.88 Price range: $28.88 through $32.88,GOT QUESTIONS?! Contact us at info@truthentrygard.com,,"{""Color"": ""Beige, Black, Bronze, Chestnut Bronze, Clay, Coppertone, Gold, Satin Taupe, White""}",PEOFP-HC-2,28.88,"{""attribute_pa_color"": ""bronze""}"
Awning Window Hardware(102),CARADCO CONTOUR HANDLE AND COVER,https://truthentrygard.com/product/caradco-contour-handle-and-cover/,PEOFP-HC-2,$ 28.88 – $ 32.88 Price range: $28.88 through $32.88,GOT QUESTIONS?! Contact us at info@truthentrygard.com,,"{""Color"": ""Beige, Black, Bronze, Chestnut Bronze, Clay, Coppertone, Gold, Satin Taupe, White""}",PEOFP-HC-2,28.88,"{""attribute_pa_color"": ""satin-taupe""}"
Awning Window Hardware(102),CARADCO CONTOUR HANDLE AND COVER,https://truthentrygard.com/product/caradco-contour-handle-and-cover/,PEOFP-HC-2,$ 28.88 – $ 32.88 Price range: $28.88 through $32.88,GOT QUESTIONS?! Contact us at info@truthentrygard.com,,"{""Color"": ""Beige, Black, Bronze, Chestnut Bronze, Clay, Coppertone, Gold, Satin Taupe, White""}",PEOFP-HC-2,28.88,"{""attribute_pa_color"": ""white""}"
Awning Window Hardware(102),"Casement & Awning Window Replacement Parts | Operators, Cranks, Handles | Norco NorClad Jeld-Wen, Pozzi and Others",https://truthentrygard.com/product/casement-awning-window-replacement-parts-operators-cranks-handles-norco-norclad-jeld-wen-pozzi-and-others/,All Window Door Parts Group USA,$ 130.27,,,{},,,
Awning Window Hardware(102),Casement and Awning Window Styles – Narrow Sash Leaf Seals | Beige Tan | Home Owner Contractor Packs Available,https://truthentrygard.com/product/casement-and-awning-window-styles-narrow-sash-leaf-seals-beige-tan-home-owner-contractor-packs-available/,TEG-bbrp-00025,$ 37.51,"For questions or concerns, please contact info@truthentrygard.com",,{},,,
Awning Window Hardware(102),Casement Awning Window Parts | Foam Seal Weatherstrip,https://truthentrygard.com/product/casement-awning-window-parts-foam-seal-weatherstrip/,TOOLP-WHT,"$ 1,063.22",HAVE QUESTIONS??? CONTACT INFO@TRUTHENTRYGARD.COM,,{},,,
Awning Window Hardware(102),Casement Window Complete Weather Strip Seal Kit #1672,https://truthentrygard.com/product/casement-window-complete-weather-strip-seal-kit-1672/,TEG-bbrp-SPK1672,$ 124.17,"For questions or concerns, please contact info@truthentrygard.com",,{},,,
