ID,Type,SKU,Name,Published,Is featured?,Visibility in catalog,Short description,Description,Date sale price starts,Date sale price ends,Tax status,Tax class,In stock?,Stock,Low stock amount,Backorders allowed?,Sold individually?,Weight (lbs),Length (in),Width (in),Height (in),Allow customer reviews?,Purchase note,Sale price,Regular price,Categories,Tags,Shipping class,Images,Download limit,Download expiry days,Parent,Grouped products,Upsells,Cross-sells,External URL,Button text,Position,Attribute 1 name,Attribute 1 value(s),Attribute 1 visible,Attribute 1 global,Meta: _supplier,Meta: _original_sku,Meta: _awdp_category,Meta: _compatible_brands
,simple,AWDP-C29-95775,"Screen Corner Parts | Frame Corner Keys 3/4"" x 7/16""",1,0,visible,Screen corner parts are used to join and reinforce aluminum screen frame sections. These frame corner keys help restore proper alignment and strength when repairing or rebuilding window screens. Need More Help? .. Not Sure? Send Measurements & Pictures to info@allwindowdoorparts.com,Screen corner parts are used to join and reinforce aluminum screen frame sections. These frame corner keys help restore proper alignment and strength when repairing or rebuilding window screens. Need More Help? .. Not Sure? Send Measurements & Pictures to info@allwindowdoorparts.com,,,taxable,,1,,,0,0,,,,,1,,,8.88,Door Hardware,"screen, door",,https://www.allwindowdoorparts.com/wp-content/uploads/2022/05/Screen_STR_1.png,,,,,,,,,0,Details,"color: Tan, White, Bronze",1,0,All Window Door Parts,AWDP-C29-95775,Door Hardware,General
,simple,AWDP-LPB-713,Glass Door Handle | Malta Doors,1,0,visible,Fits Malta doors,Fits Malta doors,,,taxable,,1,,,0,0,,,,,1,,,130.88,Door Hardware,"lock, door",,https://www.allwindowdoorparts.com/wp-content/uploads/2023/08/PF-139-1.jpg,,,,,,,,,1,Details,"Color: Off White, Black, Gray, Beige, Pink, Size: Small, Medium, Large",1,0,All Window Door Parts,AWDP-LPB-713,Door Hardware,
,simple,AWDP-ER-164,Glass Door Handle | Deluxe Wood,1,0,visible,"Deluxe wood handle set For wood or aluminum doors 1"" to 21/4"" thick Installation holes 315/16"" on center Deluxe Glass Door Handle Set for mortise lock type doors includes indoor and outdoor pulls and screws. Aluminum finish. Comes with extra long tailshaft to fit most door thicknesses. Cut to proper","Deluxe wood handle set For wood or aluminum doors 1"" to 21/4"" thick Installation holes 315/16"" on center Deluxe Glass Door Handle Set for mortise lock type doors includes indoor and outdoor pulls and screws. Aluminum finish. Comes with extra long tailshaft to fit most door thicknesses. Cut to proper length when installing. Mortise Locks ...",,,taxable,,1,,,0,0,,,,,1,,,142.45,Door Hardware,"lock, door",,https://www.allwindowdoorparts.com/wp-content/uploads/2023/08/PF-120-1.jpg,,,,,,,,,2,,,1,0,Oldach,AWDP-ER-164,Door Hardware,"Marvin, Peachtree, Oldach, Norco"
,simple,AWDP-PO-489,Mortise Lock with Keeper,1,0,visible,Used on Pennco doors.,Used on Pennco doors.,,,taxable,,1,,,0,0,,,,,1,,,192.30,Door Hardware,"lock, door",,https://www.allwindowdoorparts.com/wp-content/uploads/2023/08/LEE-9169-1.jpg,,,,,,,,,3,,,1,0,Strybuc,AWDP-PO-489,Door Hardware,Strybuc
,simple,AWDP-PT-363,Patio Door Handle | Mortise Lock,1,0,visible,"Introducing the Mortise Lock Patio Door Handle – the perfect blend of style, functionality, and durability for your outdoor living space. Crafted with precision, this handle offers effortless operation and a comfortable grip, making it a breeze to open and close your patio doors. Its sleek design co","Introducing the Mortise Lock Patio Door Handle – the perfect blend of style, functionality, and durability for your outdoor living space. Crafted with precision, this handle offers effortless operation and a comfortable grip, making it a breeze to open and close your patio doors. Its sleek design complements various decor styles, while its robust construction ...",,,taxable,,1,,,0,0,,,,,1,,,69.98,Door Hardware,"lock, door",,https://www.allwindowdoorparts.com/wp-content/uploads/2023/08/PT-333.jpg,,,,,,,,,4,,,1,0,All Window Door Parts,AWDP-PT-363,Door Hardware,
,simple,AWDP-PT-333,Mortise Lock | Round Face,1,0,visible,Available in steel.,Available in steel.,,,taxable,,1,,,0,0,,,,,1,,,64.00,Door Hardware,"weatherstrip, lock, door",,https://www.allwindowdoorparts.com/wp-content/uploads/2023/08/PT-175.jpg,,,,,,,,,5,,,1,0,Truth/Entrygard,AWDP-PT-333,Door Hardware,"Truth, Pella, Peachtree, Norco, Simonton, Silverline"
,simple,AWDP-PIF-10F,Patio Door Handle | Keyed Handle Set,1,0,visible,Available in almond and white.,Available in almond and white.,,,taxable,,1,,,0,0,,,,,1,,,381.45,Door Hardware,"lock, door",,https://www.allwindowdoorparts.com/wp-content/uploads/2023/08/PO-489.jpg,,,,,,,,,6,Details,"Color: Almond, White",1,0,Truth/Entrygard,AWDP-PIF-10F,Door Hardware,"Truth, Entrygard, Pella, Marvin, Strybuc"
,simple,AWDP-PT-680,Handle Set for Patio Door,1,0,visible,Available in bronze and white.,Available in bronze and white.,,,taxable,,1,,,0,0,,,,,1,,,128.88,Door Hardware,"lock, door",,https://www.allwindowdoorparts.com/wp-content/uploads/2023/08/PO-423.jpg,,,,,,,,,7,Details,"Color: Bronze, White",1,0,Truth/Entrygard,AWDP-PT-680,Door Hardware,"Truth, Entrygard"
,simple,AWDP-BIF-PI-563,Patio Door Handle Set,1,0,visible,Available in aluminum and black.,Available in aluminum and black.,,,taxable,,1,,,0,0,,,,,1,,,119.46,Door Hardware,"weatherstrip, lock, door",,https://www.allwindowdoorparts.com/wp-content/uploads/2023/08/PO-153.jpg,,,,,,,,,8,Details,"Color: Aluminum, Black",1,0,Strybuc,AWDP-BIF-PI-563,Door Hardware,"Pella, Marvin, Peachtree, Strybuc, Oldach, Norco, Simonton, Silverline"
,simple,AWDP-PT-175,Swing Door Lockset,1,0,visible,"Available in polished brass. Fits 2 1/8"" Cross Bore on 6 3/32"" Centers Fits all Peachtree Prado Patio Doors For left or right hand doors.","Available in polished brass. Fits 2 1/8"" Cross Bore on 6 3/32"" Centers Fits all Peachtree Prado Patio Doors For left or right hand doors.",,,taxable,,1,,,0,0,,,,,1,,,247.69,Door Hardware,"weatherstrip, lock, door",,https://www.allwindowdoorparts.com/wp-content/uploads/2023/08/II-146PB.jpg,,,,,,,,,9,,,1,0,Strybuc,AWDP-PT-175,Door Hardware,"Andersen, Peachtree, Strybuc"
,simple,AWDP-BIF-PI-563,Mortise Lock | Single Point Lock,1,0,visible,Available in the following sizes:,Available in the following sizes:,,,taxable,,1,,,0,0,,,,,1,,,201.87,Door Hardware,"lock, door",,https://www.allwindowdoorparts.com/wp-content/uploads/2023/07/BIE-PP-517475-2.jpg,,,,,,,,,10,Details,"Backset: 1 3/8"", 1 3/4"", 2 3/8"", 2 3/4"", Deadbolt Throw: 1/2"", 1""",1,0,All Window Door Parts,AWDP-BIF-PI-563,Door Hardware,
,simple,AWDP-PP-517,Mortise Lock for Adams Rite Doors,1,0,visible,"3-11/16"" (94 mm) center-to-center screw holes. Vertical keyway","3-11/16"" (94 mm) center-to-center screw holes. Vertical keyway",,,taxable,,1,,,0,0,,,,,1,,,159.59,Door Hardware,"lock, door",,https://www.allwindowdoorparts.com/wp-content/uploads/2023/07/C29-92009.jpg,,,,,,,,,11,Details,"Angle: 45°, 90°",1,0,All Window Door Parts,AWDP-PP-517,Door Hardware,
,simple,AWDP-PIF-10F,Sliding Glass Door Handle | Mortise Lock,1,0,visible,Available in white.,Available in white.,,,taxable,,1,,,0,0,,,,,1,,,196.41,Door Hardware,"lock, door",,https://www.allwindowdoorparts.com/wp-content/uploads/2023/07/CPR-19.jpg,,,,,,,,,12,Details,"Angle: 45°, 90°",1,0,Truth/Entrygard,AWDP-PIF-10F,Door Hardware,"Truth, Entrygard, Pella, Marvin"
,simple,AWDP-BIE-PP-517,Mortise Lock with 45° Keyway – High‑Security Patio Door Mortise Lock,1,0,visible,"Durable, high‑security mortise lock with a 45° keyway , designed for smooth operation and long‑term reliability. Fits a wide range of patio door systems and is built with high‑quality materials to withstand years of use. Ideal for residential, commercial, and industrial applications","Durable, high‑security mortise lock with a 45° keyway , designed for smooth operation and long‑term reliability. Fits a wide range of patio door systems and is built with high‑quality materials to withstand years of use. Ideal for residential, commercial, and industrial applications",,,taxable,,1,,,0,0,,,,,1,,,60.42,Door Hardware,"lock, door",,https://www.allwindowdoorparts.com/wp-content/uploads/2023/07/ER-164-1.jpg,,,,,,,,,13,Details,"Angle: 45°, 90°",1,0,Truth/Entrygard,AWDP-BIE-PP-517,Door Hardware,"Truth, Entrygard"
,simple,AWDP-PO-153,Two Point Mortise Lock,1,0,visible,Available in steel and stainless steel.,Available in steel and stainless steel.,,,taxable,,1,,,0,0,,,,,1,,,142.65,Door Hardware,"weatherstrip, lock, door",,https://www.allwindowdoorparts.com/wp-content/uploads/2023/07/PT-680.jpg,,,,,,,,,14,Details,"Finish: Steel, Stainless Steel",1,0,Oldach,AWDP-PO-153,Door Hardware,"Pella, Marvin, Peachtree, Oldach, Norco, Simonton, Silverline"
,simple,AWDP-BIF-PI-563,Mortise Lock | Patio Glass Door,1,0,visible,Available in 90° and 45° tailshaft.,Available in 90° and 45° tailshaft.,,,taxable,,1,,,0,0,,,,,1,,,84.75,Door Hardware,"lock, door",,https://www.allwindowdoorparts.com/wp-content/uploads/2023/07/PI-410.jpg,,,,,,,,,15,Details,"Angle: 45°, 90°",1,0,All Window Door Parts,AWDP-BIF-PI-563,Door Hardware,
,simple,AWDP-PT-333,Amesbury Truth Mortise Lock | Single Point,1,0,visible,"Available in brass plated (45°), stainless steel (45°) and zinc plated (90°).","Available in brass plated (45°), stainless steel (45°) and zinc plated (90°).",,,taxable,,1,,,0,0,,,,,1,,,52.26,Door Hardware,"lock, door",,https://www.allwindowdoorparts.com/wp-content/uploads/2023/07/PT-363.jpg,,,,,,,,,16,Details,"Finish: Brass Plated (45°), Stainless Steel (45°), Zinc Plated (90°)",1,0,Truth/Entrygard,AWDP-PT-333,Door Hardware,"Marvin, Peachtree, Oldach, Norco"
,simple,AWDP-PO-423,Single Point Mortise Lock,1,0,visible,Available in the following sizes:,Available in the following sizes:,,,taxable,,1,,,0,0,,,,,1,,,298.65,Door Hardware,"lock, door",,https://www.allwindowdoorparts.com/wp-content/uploads/2023/07/BIE-PP-517-1.jpg,,,,,,,,,17,Details,"Backset Size: 1 3/8"", 1 3/4"", 2 3/8"", 2 3/4"", Deadbolt Throw Size: 1/2"", 1""",1,0,All Window Door Parts,AWDP-PO-423,Door Hardware,
,simple,AWDP-LEE-9169,Two Point Mortise Patio Door Lock,1,0,visible,Available with steel hooks or stainless steel hooks.,Available with steel hooks or stainless steel hooks.,,,taxable,,1,,,0,0,,,,,1,,,95.38,Door Hardware,"lock, door",,https://www.allwindowdoorparts.com/wp-content/uploads/2023/07/PT-460.jpg,,,,,,,,,18,,,1,0,All Window Door Parts,AWDP-LEE-9169,Door Hardware,
,simple,AWDP-TO-634,Mortise Lockset,1,0,visible,Available in the following sizes:,Available in the following sizes:,,,taxable,,1,,,0,0,,,,,1,,,213.54,Door Hardware,"weatherstrip, lock, door",,https://www.allwindowdoorparts.com/wp-content/uploads/2023/07/PP-517.jpg,,,,,,,,,19,Details,"Face: Round, Square, Angle: 45°, 90°, Backset Size: 1 3/8"", 1 3/4"", 2 3/8"", 2 3/4"", Deadbolt Throw Size: 1/2"", 1""",1,0,Truth/Entrygard,AWDP-TO-634,Door Hardware,"Truth, Pella, Peachtree, Norco, Simonton, Silverline"
,simple,AWDP-PO-153,Mortise Lock Replacements | Round and Square Face,1,0,visible,"Faceplate: 1"" x 3 11/16""","Faceplate: 1"" x 3 11/16""",,,taxable,,1,,,0,0,,,,,1,,,57.45,Door Hardware,"balance, weatherstrip, lock, door",,https://www.allwindowdoorparts.com/wp-content/uploads/2023/07/PIF-10F.jpg,,,,,,,,,20,Details,"Face: Round, Square, Angle: 45°, 90°",1,0,Truth/Entrygard,AWDP-PO-153,Door Hardware,"Truth, Pella, Marvin, Peachtree, Norco, Simonton, Silverline"
,simple,AWDP-PF-116,All Brands / Sizes / Styles &#8211; Patio Door Roller &#038; Screen Door Wheel Master [PDF],1,0,visible,"Rollers priced at $19.95 and up. Free Parts ID Search PDF Guide for hard-to-find, obsolete replacement parts. Diagrams, measurements, pictures, schematics, and specifications.","Rollers priced at $19.95 and up. Free Parts ID Search PDF Guide for hard-to-find, obsolete replacement parts. Diagrams, measurements, pictures, schematics, and specifications.",,,taxable,,1,,,0,0,,,,,1,,,0.00,Door Hardware,"screen, roller, door",,https://www.allwindowdoorparts.com/wp-content/uploads/2023/05/1D2-SDWM-1.jpg,,,,,,,,,21,,,1,0,Oldach,AWDP-PF-116,Door Hardware,"Andersen, Pella, Marvin, Peachtree, Oldach, Norco, Simonton, Silverline"
,simple,AWDP-DPT-07,Guardian Tempered Glass | Sliding Patio Door Replacement Parts and Info,1,0,visible,"If you have an old wood, vinyl or aluminum clad patio door with Guardian or other tempered glass brand in need of handles, locks, mortise lock systems, single or tandem wheel rollers or even screen door problems – Your AWDP GROUP USA CAN USUALLY HELP!","If you have an old wood, vinyl or aluminum clad patio door with Guardian or other tempered glass brand in need of handles, locks, mortise lock systems, single or tandem wheel rollers or even screen door problems – Your AWDP GROUP USA CAN USUALLY HELP!",,,taxable,,1,,,0,0,,,,,1,,,0.00,Door Hardware,"screen, weatherstrip, roller, lock, door",,https://www.allwindowdoorparts.com/wp-content/uploads/2023/05/GTG-S1D21.jpg,,,,,,,,,22,,,1,0,Truth/Entrygard,AWDP-DPT-07,Door Hardware,"Truth, Entrygard, Biltbest, Andersen, Pella, Marvin, Peachtree, Oldach, Norco, General, Simonton, Silverline"
,simple,AWDP-OT-173CV,"Jamb Liner and Sash Balance Track Pair Type B | 44"" to 54"" Length",1,0,visible,This jambliner and sash balance track pair is designed to restore smooth vertical window operation by properly guiding and supporting sash balances. It is commonly used when repairing or replacing worn window track systems.,This jambliner and sash balance track pair is designed to restore smooth vertical window operation by properly guiding and supporting sash balances. It is commonly used when repairing or replacing worn window track systems.,,,taxable,,1,,,0,0,,,,,1,,,257.77,Sash & Frame Parts,"balance, door",,https://www.allwindowdoorparts.com/wp-content/uploads/2023/04/JSBT-4.jpg,,,,,,,,,23,Details,"Jambliner Color: Beige, White, Balance Stamping ID Code: 226-76, 226-78, 226-80, 226-82, 226-84, 304-76, 304-78, 304-80, 304-82, 304-84, 368-76, 368-78, 368-80, 368-82, 368-84, 42-76, 42-78, 42-80, 42-84, 4282, 8176, 8178, 8180, 8182, 8184, 8276, 8278, 8280, 8282, 8284, 8376, 8378, 8380, 8382, 8384, 8476, 8478, 8480, 8482, 8484, 8576, 8578, 8582",1,0,All Window Door Parts,AWDP-OT-173CV,Sash & Frame Parts,General
,simple,AWDP-SC,"Jambliner and Sash Balance Track Pair Type B | 55"" to 65"" Length",1,0,visible,"Available in beige or white. Channel type: Smooth Type ""B"" Avalable in lengths 55"" to 65""","Available in beige or white. Channel type: Smooth Type ""B"" Avalable in lengths 55"" to 65""",,,taxable,,1,,,0,0,,,,,1,,,277.77,Sash & Frame Parts,"balance, weatherstrip, lock, door",,https://www.allwindowdoorparts.com/wp-content/uploads/2023/04/JSBT-3.jpg,,,,,,,,,24,Details,"Jambliner Color: Beige, White, Balance Stamping ID Code: 226-76, 226-78, 226-80, 226-82, 226-84, 304-76, 304-78, 304-80, 304-82, 304-84, 368-76, 368-78, 368-80, 368-82, 368-84, 42-76, 42-78, 42-80, 42-84, 4282, 8176, 8178, 8180, 8182, 8184, 8276, 8278, 8280, 8282, 8284, 8376, 8378, 8380, 8382, 8384, 8476, 8478, 8480, 8482, 8484, 8576, 8578, 8582",1,0,Truth/Entrygard,AWDP-SC,Sash & Frame Parts,"Truth, Marvin, Peachtree, Caldwell, Silverline"
,simple,AWDP-SSWP,"Jambliner and Sash Balance Track Pair Type B | 66"" to 72"" Length",1,0,visible,"Available in beige or white. Channel type: Smooth Type ""B"" Avalable in lengths 66""-72""","Available in beige or white. Channel type: Smooth Type ""B"" Avalable in lengths 66""-72""",,,taxable,,1,,,0,0,,,,,1,,,288.88,Sash & Frame Parts,"balance, weatherstrip, lock, door",,https://www.allwindowdoorparts.com/wp-content/uploads/2023/04/JSBT-3.jpg,,,,,,,,,25,Details,"Jambliner Color: Beige, White, Balance Stamping ID Code: 226-76, 226-78, 226-80, 226-82, 226-84, 304-76, 304-78, 304-80, 304-82, 304-84, 368-76, 368-78, 368-80, 368-82, 368-84, 42-76, 42-78, 42-80, 42-84, 4282, 8176, 8178, 8180, 8182, 8184, 8276, 8278, 8280, 8282, 8284, 8376, 8378, 8380, 8382, 8384, 8476, 8478, 8480, 8482, 8484, 8576, 8578, 8582",1,0,Truth/Entrygard,AWDP-SSWP,Sash & Frame Parts,"Truth, Marvin, Peachtree, Caldwell, Silverline"
,simple,AWDP-BT-511,"Jambliner and Sash Balance Track Pair Type C | 66"" to 72"" Length",1,0,visible,"Available in beige or white. Channel type: Shaped type ""C"" Available in lengths 66""-72"" Balance color: beige, mill or white ID code number: 12, 14, 16, 18, 20, 22, 24, 26, 28, 30, 32, 34, 36, 38, 40, 42 Weight code: AA, A, B, C, D, E or F","Available in beige or white. Channel type: Shaped type ""C"" Available in lengths 66""-72"" Balance color: beige, mill or white ID code number: 12, 14, 16, 18, 20, 22, 24, 26, 28, 30, 32, 34, 36, 38, 40, 42 Weight code: AA, A, B, C, D, E or F",,,taxable,,1,,,0,0,,,,,1,,,297.77,Sash & Frame Parts,"balance, weatherstrip, lock, door",,https://www.allwindowdoorparts.com/wp-content/uploads/2023/04/JSBT-3.jpg,,,,,,,,,26,Details,"Jambliner Color: Beige, White, Balance Color: Beige, Mill, White, Length: 66"", 67"", 68"", 69"", 70"", 71"", 72"", ID Code Number: 12, 14, 16, 18, 20, 22, 24, 26, 28, 30, 32, 34, 36, 38, 40, 42, Weight Code: AA, A, B, C, D, E, F",1,0,Truth/Entrygard,AWDP-BT-511,Sash & Frame Parts,"Truth, Marvin, Peachtree, Caldwell, Silverline"
,simple,AWDP-OA-220,"Jambliner and Sash Balance Track Pair Type C | 55"" to 65"" Length",1,0,visible,"Available in beige or white. Channel type: Shaped type ""C"" Available in lengths 55""-65"" Balance color: beige, mill or white ID code number: 12, 14, 16, 18, 20, 22, 24, 26, 28, 30, 32, 34, 36, 38, 40, 42 Weight code: AA, A, B, C, D, E or F","Available in beige or white. Channel type: Shaped type ""C"" Available in lengths 55""-65"" Balance color: beige, mill or white ID code number: 12, 14, 16, 18, 20, 22, 24, 26, 28, 30, 32, 34, 36, 38, 40, 42 Weight code: AA, A, B, C, D, E or F",,,taxable,,1,,,0,0,,,,,1,,,287.77,Sash & Frame Parts,"balance, weatherstrip, lock, door",,https://www.allwindowdoorparts.com/wp-content/uploads/2023/04/JSBT-1.jpg,,,,,,,,,27,Details,"Jambliner Color: Beige, White, Balance Color: Beige, Mill, White, Length: 55"", 56"", 57"", 58"", 59"", 60"", 61"", 62"", 63"", 65"", 65"", ID Code Number: 12, 14, 16, 18, 20, 22, 24, 26, 28, 30, 32, 34, 36, 38, 40, 42, Weight Code: AA, A, B, C, D, E, F",1,0,Truth/Entrygard,AWDP-OA-220,Sash & Frame Parts,"Truth, Marvin, Peachtree, Caldwell, Silverline"
,simple,AWDP-JLK,"Jambliner and Sash Balance Track Pair Type C | 44"" to 54"" Length",1,0,visible,"Available in beige or white. Channel type: Shaped type ""C"" Available in lengths 44""-54"" Balance color: beige, mill or white ID code number: 12, 14, 16, 18, 20, 22, 24, 26, 28, 30, 32, 34, 36, 38, 40, 42 Weight code: AA, A, B, C, D, E or F","Available in beige or white. Channel type: Shaped type ""C"" Available in lengths 44""-54"" Balance color: beige, mill or white ID code number: 12, 14, 16, 18, 20, 22, 24, 26, 28, 30, 32, 34, 36, 38, 40, 42 Weight code: AA, A, B, C, D, E or F",,,taxable,,1,,,0,0,,,,,1,,,267.77,Sash & Frame Parts,"balance, weatherstrip, lock, door",,https://www.allwindowdoorparts.com/wp-content/uploads/2023/04/JSBT-1.jpg,,,,,,,,,28,Details,"Jambliner Color: Beige, White, Balance Color: Beige, Mill, White, Length: 44"", 45"", 46"", 47"", 48"", 49"", 50"", 51"", 52"", 53"", 54"", ID Code Number: 12, 14, 16, 18, 20, 22, 24, 26, 28, 30, 32, 34, 36, 38, 40, 42, Weight Code: AA, A, B, C, D, E, F",1,0,Truth/Entrygard,AWDP-JLK,Sash & Frame Parts,"Truth, Marvin, Peachtree, Caldwell, Silverline"
,simple,AWDP-QWS-FFE,"48"" to 52"" Window Balances Color-Coded Terminal/Clutch Weather-Shield Lincoln Eagle Kolbe PPG",1,0,visible,"Sash jamb-liner pairs with balances for double and single hung windows. Color coded style terminal clutch and overall lengths as specified. Ribbed style channel for tilt style windows. Track colors available: beige and white. Terminal clutch colors available: black, blue, brown and white. Available ","Sash jamb-liner pairs with balances for double and single hung windows. Color coded style terminal clutch and overall lengths as specified. Ribbed style channel for tilt style windows. Track colors available: beige and white. Terminal clutch colors available: black, blue, brown and white. Available in lengths of 48""-52"".",,,taxable,,1,,,0,0,,,,,1,,,272.81,Sash & Frame Parts,"balance, lock, door",,https://www.allwindowdoorparts.com/wp-content/uploads/2022/05/JPK-4.jpg,,,,,,,,,29,Details,"Length: 48"", 49"", 50"", 51"", 52"", Track Color: Beige, White, Terminal Clutch Color: Black, Blue, Brown, White",1,0,All Window Door Parts,AWDP-QWS-FFE,Sash & Frame Parts,
,simple,AWDP-QWS-FFE,"40"" to 47"" Window Balances Color-Coded Terminal/Clutch Weather-Shield Lincoln Eagle Kolbe PPG",1,0,visible,"Sash jamb-liner pairs with balances for double and single hung windows. Color coded style terminal clutch and overall lengths as specified. Ribbed style channel for tilt style windows. Track colors available: beige and white. Terminal clutch colors available: black, blue, brown and white. Available ","Sash jamb-liner pairs with balances for double and single hung windows. Color coded style terminal clutch and overall lengths as specified. Ribbed style channel for tilt style windows. Track colors available: beige and white. Terminal clutch colors available: black, blue, brown and white. Available in lengths of 40""-47"".",,,taxable,,1,,,0,0,,,,,1,,,256.41,Sash & Frame Parts,"balance, lock, door",,https://www.allwindowdoorparts.com/wp-content/uploads/2022/05/JPK-4.jpg,,,,,,,,,30,Details,"Length: 40"", 41"", 42"", 43"", 44"", 45"", 46"", 47"", Track Color: Beige, White, Terminal Clutch Color: Black, Blue, Brown, White",1,0,All Window Door Parts,AWDP-QWS-FFE,Sash & Frame Parts,
,simple,AWDP-C29-95775,"30"" to 39"" Window Balances Color-Coded Terminal/Clutch Weather-Shield Lincoln Eagle Kolbe PPG",1,0,visible,"Sash jamb-liner pairs with balances for double and single hung windows. Color coded style terminal clutch and overall lengths as specified. Ribbed style channel for tilt style windows. Track colors available: beige and white. Terminal clutch colors available: black, blue, brown and white. Available ","Sash jamb-liner pairs with balances for double and single hung windows. Color coded style terminal clutch and overall lengths as specified. Ribbed style channel for tilt style windows. Track colors available: beige and white. Terminal clutch colors available: black, blue, brown and white. Available in lengths of 30""-39"".",,,taxable,,1,,,0,0,,,,,1,,,236.88,Sash & Frame Parts,"balance, lock, door",,https://www.allwindowdoorparts.com/wp-content/uploads/2022/05/JPK-4.jpg,,,,,,,,,31,Details,"Length: 30"", 31"", 32"", 33"", 34"", 35"", 36"", 37"", 38"", 39"", Track Color: Beige, White, Terminal Clutch Color: Black, Blue, Brown, White",1,0,All Window Door Parts,AWDP-C29-95775,Sash & Frame Parts,
,simple,AWDP-JLK,"23"" to 29"" Window Balances Color-Coded Terminal/Clutch Weather-Shield Lincoln Eagle Kolbe PPG",1,0,visible,"Sash jamb-liner pairs with balances for double and single hung windows. Color coded style terminal clutch and overall lengths as specified. Ribbed style channel for tilt style windows. Track colors available: beige and white. Terminal clutch colors available: black, blue, brown and white. Available ","Sash jamb-liner pairs with balances for double and single hung windows. Color coded style terminal clutch and overall lengths as specified. Ribbed style channel for tilt style windows. Track colors available: beige and white. Terminal clutch colors available: black, blue, brown and white. Available in lengths of 23""-29"".",,,taxable,,1,,,0,0,,,,,1,,,218.88,Sash & Frame Parts,"balance, lock, door",,https://www.allwindowdoorparts.com/wp-content/uploads/2022/05/JPK-4.jpg,,,,,,,,,32,Details,"Length: 23"", 24"", 25"", 26"", 27"", 28"", 29"", Track Color: Beige, White, Terminal Clutch Color: Black, Blue, Brown, White",1,0,All Window Door Parts,AWDP-JLK,Sash & Frame Parts,
,simple,AWDP-TWB-2329,"Window Balance Color Coded Terminal/Clutch | 48"" to 52"" Wenco Silverline ThermalGard Traco",1,0,visible,"Sash jamb-liner pairs with balances for double and single hung windows. Color coded style terminal clutch and overall lengths as specified. Ribbed style channel for tilt style windows. Track colors available: beige and white. Terminal clutch colors available: black, blue, brown and white. Available ","Sash jamb-liner pairs with balances for double and single hung windows. Color coded style terminal clutch and overall lengths as specified. Ribbed style channel for tilt style windows. Track colors available: beige and white. Terminal clutch colors available: black, blue, brown and white. Available in lengths of 48""-52"".",,,taxable,,1,,,0,0,,,,,1,,,272.81,Sash & Frame Parts,"balance, lock, door",,https://www.allwindowdoorparts.com/wp-content/uploads/2022/05/JPK-4.jpg,,,,,,,,,33,Details,"Length: 48"", 49"", 50"", 51"", 52"", Track Color: Beige, White, Terminal Clutch Color: Black, Blue, Brown, White",1,0,All Window Door Parts,AWDP-TWB-2329,Sash & Frame Parts,
,simple,AWDP-JLK,"Window Balance Color Coded Terminal/Clutch | 39"" to 47"" Wenco Silverline ThermalGard Traco",1,0,visible,"Sash jamb-liner pairs with balances for double and single hung windows. Color coded style terminal clutch and overall lengths as specified. Ribbed style channel for tilt style windows. Track colors available: beige and white. Terminal clutch colors available: black, blue, brown and white. Available ","Sash jamb-liner pairs with balances for double and single hung windows. Color coded style terminal clutch and overall lengths as specified. Ribbed style channel for tilt style windows. Track colors available: beige and white. Terminal clutch colors available: black, blue, brown and white. Available in lengths of 39""-47"".",,,taxable,,1,,,0,0,,,,,1,,,254.39,Sash & Frame Parts,"balance, lock, door",,https://www.allwindowdoorparts.com/wp-content/uploads/2022/05/JPK-4.jpg,,,,,,,,,34,Details,"Length: 39"", 40"", 41"", 42"", 43"", 44"", 45"", 46"", 47"", Track Color: Beige, White, Terminal Clutch Color: Black, Blue, Brown, White",1,0,All Window Door Parts,AWDP-JLK,Sash & Frame Parts,
,simple,AWDP-C29-95775,"Window Balance Color Coded Terminal/Clutch | 30"" to 38"" Wenco Silverline ThermalGard Traco",1,0,visible,"Sash jamb-liner pairs with balances for double and single hung windows. Color coded style terminal clutch and overall lengths as specified. Ribbed style channel for tilt style windows. Track colors available: beige and white. Terminal clutch colors available: black, blue, brown and white. Available ","Sash jamb-liner pairs with balances for double and single hung windows. Color coded style terminal clutch and overall lengths as specified. Ribbed style channel for tilt style windows. Track colors available: beige and white. Terminal clutch colors available: black, blue, brown and white. Available in lengths of 30""-38"".",,,taxable,,1,,,0,0,,,,,1,,,236.88,Sash & Frame Parts,"balance, lock, door",,https://www.allwindowdoorparts.com/wp-content/uploads/2022/05/JPK-4.jpg,,,,,,,,,35,Details,"Length: 30"", 31"", 32"", 33"", 34"", 35"", 36"", 37"", 38"", Track Color: Beige, White, Terminal Clutch Color: Black, Blue, Brown, White",1,0,All Window Door Parts,AWDP-C29-95775,Sash & Frame Parts,
,simple,AWDP-BBNF,"Window Balance Color Coded Terminal/Clutch | 23"" to 29"" Wenco Silverline ThermalGard Traco",1,0,visible,"Sash jamb-liner pairs with balances for double and single hung windows. Color coded style terminal clutch and overall lengths as specified. Ribbed style channel for tilt style windows. Track colors available: beige and white. Terminal clutch colors available: black, blue, brown and white. Available ","Sash jamb-liner pairs with balances for double and single hung windows. Color coded style terminal clutch and overall lengths as specified. Ribbed style channel for tilt style windows. Track colors available: beige and white. Terminal clutch colors available: black, blue, brown and white. Available in lengths of 23""-29"".",,,taxable,,1,,,0,0,,,,,1,,,218.88,Sash & Frame Parts,"balance, lock, door",,https://www.allwindowdoorparts.com/wp-content/uploads/2022/05/JPK-3.jpg,,,,,,,,,36,Details,"Length: 23"", 24"", 25"", 26"", 27"", 28"", 29"", Track Color: Beige, White, Terminal Clutch Color: Black, Blue, Brown, White",1,0,All Window Door Parts,AWDP-BBNF,Sash & Frame Parts,
,simple,AWDP-SSWP,"Tilt Window Balances – Color‑Coded Terminal Clutch (47""–52"") | Double & Single Hung Jamb Liners",1,0,visible,"These tilt window balances come with color‑coded terminal clutches for easy identification. They fit 47""–52"" double and single hung tilt windows, including Vetter, Seal‑Rite, Thermal‑Guard, and Weather‑Craft systems. Each pair offers smooth sash support and long‑lasting performance. Choose the duty ","These tilt window balances come with color‑coded terminal clutches for easy identification. They fit 47""–52"" double and single hung tilt windows, including Vetter, Seal‑Rite, Thermal‑Guard, and Weather‑Craft systems. Each pair offers smooth sash support and long‑lasting performance. Choose the duty strength that matches your window for the best results.",,,taxable,,1,,,0,0,,,,,1,,,270.48,Sash & Frame Parts,"balance, weatherstrip, lock, door",,https://www.allwindowdoorparts.com/wp-content/uploads/2022/05/JPK-3.jpg,,,,,,,,,37,Details,"Length: 47"", 48"", 49"", 50"", 51"", 52"", Track Color: Beige, White, Terminal Clutch Color: Black, Blue, Brown, White",1,0,All Window Door Parts,AWDP-SSWP,Sash & Frame Parts,
,simple,AWDP-PF-97,"Tilt-Window Balances Color-Coded Terminal Clutch | 38"" to 46"" Vetter Seal-Rite Thermal-Guard Weather-Craft",1,0,visible,"Sash jamb-liner pairs with balances for double and single hung windows. Color coded style terminal clutch and overall lengths as specified. Ribbed style channel for tilt style windows. Track colors available: beige and white. Terminal clutch colors available: black, blue, brown and white. Available ","Sash jamb-liner pairs with balances for double and single hung windows. Color coded style terminal clutch and overall lengths as specified. Ribbed style channel for tilt style windows. Track colors available: beige and white. Terminal clutch colors available: black, blue, brown and white. Available in lengths of 38""-46"".",,,taxable,,1,,,0,0,,,,,1,,,252.16,Sash & Frame Parts,"balance, lock, door",,https://www.allwindowdoorparts.com/wp-content/uploads/2022/05/JPK-5.jpg,,,,,,,,,38,Details,"Length: 38"", 39"", 40"", 41"", 42"", 43"", 44"", 45"", 46"", Track Color: Beige, White, Terminal Clutch Color: Black, Blue, Brown, White",1,0,All Window Door Parts,AWDP-PF-97,Sash & Frame Parts,
,simple,AWDP-TWB-2329,"Tilt Window Balances with Color‑Coded Terminal Clutch (29""–37"") – Fits Vetter, Seal‑Rite, Thermal‑Guard & Weather‑Craft",1,0,visible,"Reliable replacement tilt‑window balances featuring a ribbed metal channel and color‑coded locking terminal clutch for easy identification. Available in multiple strengths and lengths to fit Vetter, Seal‑Rite, Thermal‑Guard, Weather‑Craft, and other tilt‑window systems. Jamb liners sold per pair.","Reliable replacement tilt‑window balances featuring a ribbed metal channel and color‑coded locking terminal clutch for easy identification. Available in multiple strengths and lengths to fit Vetter, Seal‑Rite, Thermal‑Guard, Weather‑Craft, and other tilt‑window systems. Jamb liners sold per pair.",,,taxable,,1,,,0,0,,,,,1,,,234.88,Sash & Frame Parts,"balance, weatherstrip, lock, door",,https://www.allwindowdoorparts.com/wp-content/uploads/2022/05/JPK-5.jpg,,,,,,,,,39,Details,"Length: 29"", 30"", 31"", 32"", 33"", 34"", 35"", 36"", 37"", Track Color: Beige, White, Terminal Clutch Color: Black, Blue, Brown, White",1,0,All Window Door Parts,AWDP-TWB-2329,Sash & Frame Parts,
,simple,AWDP-TI-75,"Tilt-Window Balances Color-Coded Terminal Clutch | 21"" to 28"" Vetter Seal-Rite Thermal-Guard Weather-Craft",1,0,visible,"Sash jamb-liner pairs with balances for double and single hung windows. Color coded style terminal clutch and overall lengths as specified. Ribbed style channel for tilt style windows. Track colors available: beige and white. Terminal clutch colors available: black, blue, brown and white. Available ","Sash jamb-liner pairs with balances for double and single hung windows. Color coded style terminal clutch and overall lengths as specified. Ribbed style channel for tilt style windows. Track colors available: beige and white. Terminal clutch colors available: black, blue, brown and white. Available in lengths of 21""-28"".",,,taxable,,1,,,0,0,,,,,1,,,214.15,Sash & Frame Parts,"balance, lock, door",,https://www.allwindowdoorparts.com/wp-content/uploads/2022/05/JPK-2.jpg,,,,,,,,,40,Details,"Length: 21"", 22"", 23"", 24"", 25"", 26"", 27"", 28"", Track Color: Beige, White, Terminal Clutch Color: Black, Blue, Brown, White",1,0,All Window Door Parts,AWDP-TI-75,Sash & Frame Parts,
,simple,AWDP-OT-154,"Tilt Window Balance Color Coded Clutch | 46"" to 52"" Alenco, Better-Bilt, Craftline, Crestline",1,0,visible,"Sash jamb-liner pairs with balances for double and single hung windows. Color coded style terminal clutch and overall lengths as specified. Ribbed style channel for tilt style windows. Track colors available: beige and white. Terminal clutch colors available: black, blue, brown and white. Available ","Sash jamb-liner pairs with balances for double and single hung windows. Color coded style terminal clutch and overall lengths as specified. Ribbed style channel for tilt style windows. Track colors available: beige and white. Terminal clutch colors available: black, blue, brown and white. Available in lengths of 46""-52"".",,,taxable,,1,,,0,0,,,,,1,,,268.63,Sash & Frame Parts,"balance, lock, door",,https://www.allwindowdoorparts.com/wp-content/uploads/2022/05/JPK-2.jpg,,,,,,,,,41,Details,"Length: 46"", 47"", 48"", 49"", 50"", 51"", 52"", Track Color: Beige, White, Terminal Clutch Color: Black, Blue, Brown, White",1,0,All Window Door Parts,AWDP-OT-154,Sash & Frame Parts,
,simple,AWDP-FR-90,"Tilt Window Balance Color Coded Clutch | 38"" to 45"" Alenco, Better-Bilt, Craftline, Crestline",1,0,visible,"Sash jamb-liner pairs with balances for double and single hung windows. Color coded style terminal clutch and overall lengths as specified. Ribbed style channel for tilt style windows. Track colors available: beige and white. Terminal clutch colors available: black, blue, brown and white. Available ","Sash jamb-liner pairs with balances for double and single hung windows. Color coded style terminal clutch and overall lengths as specified. Ribbed style channel for tilt style windows. Track colors available: beige and white. Terminal clutch colors available: black, blue, brown and white. Available in lengths of 38""-45"".",,,taxable,,1,,,0,0,,,,,1,,,252.16,Sash & Frame Parts,"balance, lock, door",,https://www.allwindowdoorparts.com/wp-content/uploads/2022/05/JPK-2.jpg,,,,,,,,,42,Details,"Length: 38"", 39"", 40"", 41"", 42"", 43"", 44"", 45"", Track Color: Beige, White, Terminal Clutch Color: Black, Blue, Brown, White",1,0,All Window Door Parts,AWDP-FR-90,Sash & Frame Parts,
,simple,AWDP-QWS-FFE,"Tilt Window Balance Color Coded Clutch | 30"" to 37"" Alenco, Better-Bilt, Craftline, Crestline",1,0,visible,"Sash jamb-liner pairs with balances for double and single hung windows. Color coded style terminal clutch and overall lengths as specified. Ribbed style channel for tilt style windows. Track colors available: beige and white. Terminal clutch colors available: black, blue, brown and white. Available ","Sash jamb-liner pairs with balances for double and single hung windows. Color coded style terminal clutch and overall lengths as specified. Ribbed style channel for tilt style windows. Track colors available: beige and white. Terminal clutch colors available: black, blue, brown and white. Available in lengths of 30""-37"".",,,taxable,,1,,,0,0,,,,,1,,,236.88,Sash & Frame Parts,"balance, lock, door",,https://www.allwindowdoorparts.com/wp-content/uploads/2022/05/JPK-2.jpg,,,,,,,,,43,Details,"Length: 30"", 31"", 32"", 33"", 34"", 35"", 36"", 37"", Track Color: Beige, White, Terminal Clutch Color: Black, Blue, Brown, White",1,0,All Window Door Parts,AWDP-QWS-FFE,Sash & Frame Parts,
,simple,AWDP-BT-511,"Tilt Window Balance Color Coded Clutch | 23"" to 29"" Alenco, Better-Bilt, Craftline, Crestline",1,0,visible,"Sash jamb-liner pairs with balances for double and single hung windows. Color coded style terminal clutch and overall lengths as specified. Ribbed style channel for tilt style windows. Track colors available: beige and white. Terminal clutch colors available: black, blue, brown and white. Available ","Sash jamb-liner pairs with balances for double and single hung windows. Color coded style terminal clutch and overall lengths as specified. Ribbed style channel for tilt style windows. Track colors available: beige and white. Terminal clutch colors available: black, blue, brown and white. Available in lengths of 23""-29"".",,,taxable,,1,,,0,0,,,,,1,,,218.88,Sash & Frame Parts,"balance, lock, door",,https://www.allwindowdoorparts.com/wp-content/uploads/2022/05/JPK-2.jpg,,,,,,,,,44,Details,"Length: 23"", 24"", 25"", 26"", 27"", 28"", 29"", Track Color: Beige, White, Terminal Clutch Color: Black, Blue, Brown, White",1,0,All Window Door Parts,AWDP-BT-511,Sash & Frame Parts,
,simple,AWDP-SC,"Tilt Window Balance Color-Coded Terminal | 46"" to 52"" Marvin, Truth, Jeld-Wen, Semco",1,0,visible,"Sash jamb-liner pairs with balances for double and single hung windows. Color coded style terminal clutch and overall lengths as specified. Ribbed style channel for tilt style windows. Track colors available: beige and white. Terminal clutch colors available: black, blue, brown and white. Available ","Sash jamb-liner pairs with balances for double and single hung windows. Color coded style terminal clutch and overall lengths as specified. Ribbed style channel for tilt style windows. Track colors available: beige and white. Terminal clutch colors available: black, blue, brown and white. Available in lengths of 46""-52"".",,,taxable,,1,,,0,0,,,,,1,,,268.63,Sash & Frame Parts,"balance, lock, door",,https://www.allwindowdoorparts.com/wp-content/uploads/2022/05/JPK-2.jpg,,,,,,,,,45,Details,"Length: 46"", 47"", 48"", 49"", 50"", 51"", 52"", Track Color: Beige, White, Terminal Clutch Color: Black, Blue, Brown, White",1,0,Truth/Entrygard,AWDP-SC,Sash & Frame Parts,
,simple,AWDP-OA-137,"Tilt Window Balance Color-Coded Terminal | 40"" to 45"" Marvin, Truth, Jeld-Wen, Semco",1,0,visible,"Sash jamb-liner pairs with balances for double and single hung windows. Color coded style terminal clutch and overall lengths as specified. Ribbed style channel for tilt style windows. Track colors available: beige and white. Terminal clutch colors available: black, blue, brown and white. Available ","Sash jamb-liner pairs with balances for double and single hung windows. Color coded style terminal clutch and overall lengths as specified. Ribbed style channel for tilt style windows. Track colors available: beige and white. Terminal clutch colors available: black, blue, brown and white. Available in lengths of 40""-45"".",,,taxable,,1,,,0,0,,,,,1,,,256.41,Sash & Frame Parts,"balance, lock, door",,https://www.allwindowdoorparts.com/wp-content/uploads/2022/05/JPK-2.jpg,,,,,,,,,46,Details,"Length: 40"", 41"", 42"", 43"", 44"", 45"", Track Color: Beige, White, Terminal Clutch Color: Black, Blue, Brown, White",1,0,Truth/Entrygard,AWDP-OA-137,Sash & Frame Parts,
,simple,AWDP-TWB-2329,"Tilt Window Balance Color-Coded Terminal | 32"" to 39"" Marvin, Truth, Jeld-Wen, Semco",1,0,visible,"Sash jamb-liner pairs with balances for double and single hung windows. Color coded style terminal clutch and overall lengths as specified. Ribbed style channel for tilt style windows. Track colors available: beige and white. Terminal clutch colors available: black, blue, brown and white. Available ","Sash jamb-liner pairs with balances for double and single hung windows. Color coded style terminal clutch and overall lengths as specified. Ribbed style channel for tilt style windows. Track colors available: beige and white. Terminal clutch colors available: black, blue, brown and white. Available in lengths of 32""-39"".",,,taxable,,1,,,0,0,,,,,1,,,240.11,Sash & Frame Parts,"balance, lock, door",,https://www.allwindowdoorparts.com/wp-content/uploads/2022/05/JPK-2.jpg,,,,,,,,,47,Details,"Length: 32"", 33"", 34"", 35"", 36"", 37"", 38"", 39"", Track Color: Beige, White, Terminal Clutch Color: Black, Blue, Brown, White",1,0,Truth/Entrygard,AWDP-TWB-2329,Sash & Frame Parts,
,simple,AWDP-PF-97,"Tilt Window Balance Color-Coded Terminal | 21"" to 31"" Marvin, Truth, Jeld-Wen, Semco",1,0,visible,"Sash jamb-liner pairs with balances for double and single hung windows. Color coded style terminal clutch and overall lengths as specified. Ribbed style channel for tilt style windows. Track colors available: beige and white. Terminal clutch colors available: black, blue, brown and white. Available ","Sash jamb-liner pairs with balances for double and single hung windows. Color coded style terminal clutch and overall lengths as specified. Ribbed style channel for tilt style windows. Track colors available: beige and white. Terminal clutch colors available: black, blue, brown and white. Available in lengths of 21""-31"".",,,taxable,,1,,,0,0,,,,,1,,,214.15,Sash & Frame Parts,"balance, lock, door",,https://www.allwindowdoorparts.com/wp-content/uploads/2022/05/JPK-3.jpg,,,,,,,,,48,Details,"Length: 21"", 22"", 23"", 24"", 25"", 26"", 27"", 28"", 29"", 30"", 31"", Track Color: Beige, White, Terminal Clutch Color: Black, Blue, Brown, White",1,0,Truth/Entrygard,AWDP-PF-97,Sash & Frame Parts,
,simple,AWDP-TI-75,"Tilt Window Balance Color Coded Clutch | 46"" to 52"" Great Lakes, Windsor, BSI, Caldwell",1,0,visible,"Sash jamb-liner pairs with balances for double and single hung windows. Color coded style terminal clutch and overall lengths as specified. Ribbed style channel for tilt style windows. Track colors available: beige and white. Terminal clutch colors available: black, blue, brown and white. Available ","Sash jamb-liner pairs with balances for double and single hung windows. Color coded style terminal clutch and overall lengths as specified. Ribbed style channel for tilt style windows. Track colors available: beige and white. Terminal clutch colors available: black, blue, brown and white. Available in lengths of 46""- 52"".",,,taxable,,1,,,0,0,,,,,1,,,268.63,Sash & Frame Parts,"balance, lock, door",,https://www.allwindowdoorparts.com/wp-content/uploads/2022/05/JPK-3.jpg,,,,,,,,,49,Details,"Length: 46"", 47"", 48"", 49"", 50"", 51"", 52"", Track Color: Beige, White, Terminal Clutch Color: Black, Blue, Brown, White",1,0,All Window Door Parts,AWDP-TI-75,Sash & Frame Parts,
,simple,AWDP-AWO,"Tilt Window Balance Color Coded Clutch | 38"" to 45"" Great Lakes, Windsor, BSI, Caldwell",1,0,visible,"Sash jamb-liner pairs with balances for double and single hung windows. Color coded style terminal clutch and overall lengths as specified. Ribbed style channel for tilt style windows. Track colors available: beige and white. Terminal clutch colors available: black, blue, brown and white. Available ","Sash jamb-liner pairs with balances for double and single hung windows. Color coded style terminal clutch and overall lengths as specified. Ribbed style channel for tilt style windows. Track colors available: beige and white. Terminal clutch colors available: black, blue, brown and white. Available in lengths of 38""- 45"".",,,taxable,,1,,,0,0,,,,,1,,,252.16,Sash & Frame Parts,"balance, lock, door",,https://www.allwindowdoorparts.com/wp-content/uploads/2022/05/JPK-3.jpg,,,,,,,,,50,Details,"Length: 38"", 39"", 40"", 41"", 42"", 43"", 44"", 45"", Track Color: Beige, White, Terminal Clutch Color: Black, Blue, Brown, White",1,0,All Window Door Parts,AWDP-AWO,Sash & Frame Parts,
,simple,AWDP-FR-90,"Tilt Window Balance Color Coded Clutch | 30"" to 37"" Great Lakes, Windsor, BSI, Caldwell",1,0,visible,"Sash jamb-liner pairs with balances for double and single hung windows. Color coded style terminal clutch and overall lengths as specified. Ribbed style channel for tilt style windows. Track colors available: beige and white. Terminal clutch colors available: black, blue, brown and white. Available ","Sash jamb-liner pairs with balances for double and single hung windows. Color coded style terminal clutch and overall lengths as specified. Ribbed style channel for tilt style windows. Track colors available: beige and white. Terminal clutch colors available: black, blue, brown and white. Available in lengths of 30""- 37"".",,,taxable,,1,,,0,0,,,,,1,,,236.88,Sash & Frame Parts,"balance, lock, door",,https://www.allwindowdoorparts.com/wp-content/uploads/2022/05/JPK-5.jpg,,,,,,,,,51,Details,"Length: 30"", 31"", 32"", 33"", 34"", 35"", 36"", 37"", Track Color: Beige, White, Terminal Clutch Color: Black, Blue, Brown, White",1,0,All Window Door Parts,AWDP-FR-90,Sash & Frame Parts,
,simple,AWDP-8SG-OT,Standard Duty KD Sliding Screen Door Replacement Kit,1,0,visible,"Available in bronze, gray and white. Sizes available: 31"" x 81"" 37"" x 81"" 37"" x 97"" 49"" x 81"" 49"" x 97""","Available in bronze, gray and white. Sizes available: 31"" x 81"" 37"" x 81"" 37"" x 97"" 49"" x 81"" 49"" x 97""",,,taxable,,1,,,0,0,,,,,1,,,286.65,Door Hardware,"screen, roller, lock, door",,https://www.allwindowdoorparts.com/wp-content/uploads/2022/05/PSPO-430-1.jpg,,,,,,,,,52,Details,"Color: Bronze, Gray, White, Size: 31"" x 81"", 37"" x 81"", 37"" x 97"", 49"" x 81"", 49"" x 97""",1,0,All Window Door Parts,AWDP-8SG-OT,Door Hardware,
,simple,AWDP-WOODCLAD-SASH,"Spiral Tube Balances Contractor Pack | 5/8"" Hole to Hole",1,0,visible,"Sold in packs of two (2). Available in white or red. Tube length available from 10"" to 50"". Diameter: 9/16"" (considered 5/8"") Please check the chart below to see if the color is available with tube length. Extended rods in 1 inch longer than standard rods available. [table id=5 /]","Sold in packs of two (2). Available in white or red. Tube length available from 10"" to 50"". Diameter: 9/16"" (considered 5/8"") Please check the chart below to see if the color is available with tube length. Extended rods in 1 inch longer than standard rods available. [table id=5 /]",,,taxable,,1,,,0,0,,,,,1,,,65.14,Sash & Frame Parts,door,,https://www.allwindowdoorparts.com/wp-content/uploads/2023/02/AR-68.jpg,,,,,,,,,53,Details,"Tube Length: 10"", 11"", 12"", 13"", 14"", 15"", 16"", 17"", 18"", 19"", 20"", 21"", 22"", 23"", 24"", 25"", 26"", 27"", 28"", 29"", 30"", 31"", 32"", 33"", 34"", 35"", 36"", 37"", 38"", 39"", 40"", 41"", 42"", 43"", 44"", 45"", 46"", 47"", 48"", 49"", 50"", Rod Length: Standard, Extended, Bearing Color: Red, White",1,0,All Window Door Parts,AWDP-WOODCLAD-SASH,Sash & Frame Parts,
,simple,AWDP-OR-697,Tan Weather Strip Seal | Leaf Weatherseal,1,0,visible,Available in tan. Sold in lengths of 8&#8242; (96 inches) in multiples of 15 lengths (120 feet).,Available in tan. Sold in lengths of 8&#8242; (96 inches) in multiples of 15 lengths (120 feet).,,,taxable,,1,,,0,0,,,,,1,,,302.75,Weatherstripping & Seals,door,,https://www.allwindowdoorparts.com/wp-content/uploads/2023/02/TO-313.jpg,,,,,,,,,54,Details,"Color: Tan, White",1,0,All Window Door Parts,AWDP-OR-697,Weatherstripping & Seals,
,simple,AWDP-TO-634,Black Weather Strip Seal | Leaf Weatherseal,1,0,visible,"Available in black. Replaces driftwood. Sold in lengths of 70"" in multiples of 5 lengths (350 inches).","Available in black. Replaces driftwood. Sold in lengths of 70"" in multiples of 5 lengths (350 inches).",,,taxable,,1,,,0,0,,,,,1,,,151.11,Weatherstripping & Seals,"glazing, door",,https://www.allwindowdoorparts.com/wp-content/uploads/2023/02/LEE-21613.jpg,,,,,,,,,55,Details,"Color: Tan, White",1,0,All Window Door Parts,AWDP-TO-634,Weatherstripping & Seals,"Norco, Silverline"
,simple,AWDP-TO-310,Vinyl Sash Weatherstrip,1,0,visible,Available in black. Sold in lengths of 6 feet (72 inches) in multiples of 6 (36 feet).,Available in black. Sold in lengths of 6 feet (72 inches) in multiples of 6 (36 feet).,,,taxable,,1,,,0,0,,,,,1,,,154.93,Weatherstripping & Seals,door,,https://www.allwindowdoorparts.com/wp-content/uploads/2023/02/TO-381.jpg,,,,,,,,,56,Details,"Color: Tan, White",1,0,All Window Door Parts,AWDP-TO-310,Weatherstripping & Seals,
,simple,AWDP-TO-76,Wood Casement Sash Leaf Weatherseal,1,0,visible,Available in bronze and white. Sold in lengths of 8 feet (96 inches) with a minimum order of 15 lengths (120 feet).,Available in bronze and white. Sold in lengths of 8 feet (96 inches) with a minimum order of 15 lengths (120 feet).,,,taxable,,1,,,0,0,,,,,1,,,718.78,Weatherstripping & Seals,door,,https://www.allwindowdoorparts.com/wp-content/uploads/2023/02/TO-327.jpg,,,,,,,,,57,Details,"Color: Bronze, White",1,0,All Window Door Parts,AWDP-TO-76,Weatherstripping & Seals,
,simple,AWDP-TO-634,Window and Door Weather Strip Seal | Leaf Weatherseal,1,0,visible,Available in tan and white. Sold in lengths of 8 feet (96 inches) with a minimum order of 15 lengths (120 feet).,Available in tan and white. Sold in lengths of 8 feet (96 inches) with a minimum order of 15 lengths (120 feet).,,,taxable,,1,,,0,0,,,,,1,,,358.88,Weatherstripping & Seals,"glazing, door",,https://www.allwindowdoorparts.com/wp-content/uploads/2023/02/LEE-20746.jpg,,,,,,,,,58,Details,"Color: Tan, White",1,0,All Window Door Parts,AWDP-TO-634,Weatherstripping & Seals,
,simple,AWDP-TI-90,Weather Strip Seal | Leaf Weatherseal,1,0,visible,Available in beige. Sold in lengths of 7 feet (84 inches).,Available in beige. Sold in lengths of 7 feet (84 inches).,,,taxable,,1,,,0,0,,,,,1,,,289.11,Weatherstripping & Seals,"glazing, door",,https://www.allwindowdoorparts.com/wp-content/uploads/2023/02/LEE-20755.jpg,,,,,,,,,59,,,1,0,Oldach,AWDP-TI-90,Weatherstripping & Seals,"Peachtree, Oldach"
,simple,AWDP-VGB-FI-77,Weather Tight Snap-In Window Glazing Bead | AWDP-SII-002,1,0,visible,"Available in black and white. Minimum order is 120 feet and is shipped in lengths of 6 feet (72"").","Available in black and white. Minimum order is 120 feet and is shipped in lengths of 6 feet (72"").",,,taxable,,1,,,0,0,,,,,1,,,239.52,Glazing & Seals,"casement, awning, glazing, door",,https://www.allwindowdoorparts.com/wp-content/uploads/2023/01/SII-002-2.jpg,,,,,,,,,60,Details,"Color: Black, White, Length: 120', 240'",1,0,All Window Door Parts,AWDP-VGB-FI-77,Glazing & Seals,Silverline
,simple,AWDP-LEE-16683,"Vinyl Glazing Window Bead | 3/8"" x 72""",1,0,visible,"Available in white. 3/8"" width. Minimum order is 120 feet and is shipped in lengths of 6 feet (72"").","Available in white. 3/8"" width. Minimum order is 120 feet and is shipped in lengths of 6 feet (72"").",,,taxable,,1,,,0,0,,,,,1,,,439.45,Glazing & Seals,"glazing, door",,https://www.allwindowdoorparts.com/wp-content/uploads/2023/01/ZTI-46.jpg,,,,,,,,,61,Details,"Length: 120', 240'",1,0,All Window Door Parts,AWDP-LEE-16683,Glazing & Seals,Norco
,simple,AWDP-TI-36,Snap-In Metal Glazing Bead | AWDP-TI-497,1,0,visible,"Available in bronze. 15/16"" width. Minimum order is 120 feet and is shipped in lengths of 6 feet (72"").","Available in bronze. 15/16"" width. Minimum order is 120 feet and is shipped in lengths of 6 feet (72"").",,,taxable,,1,,,0,0,,,,,1,,,419.11,Glazing & Seals,"casement, awning, glazing, door",,https://www.allwindowdoorparts.com/wp-content/uploads/2023/01/TI-497.jpg,,,,,,,,,62,Details,"Length: 120', 240'",1,0,All Window Door Parts,AWDP-TI-36,Glazing & Seals,Norco
,simple,AWDP-TB-1,Snap-In Metal Glazing Bead | AWDP-TI-499,1,0,visible,"Available in white. 7/8"" width. Minimum order is 120 feet and is shipped in lengths of 6 feet (72"").","Available in white. 7/8"" width. Minimum order is 120 feet and is shipped in lengths of 6 feet (72"").",,,taxable,,1,,,0,0,,,,,1,,,244.12,Glazing & Seals,"casement, awning, glazing, door",,https://www.allwindowdoorparts.com/wp-content/uploads/2023/01/TI-499.jpg,,,,,,,,,63,Details,"Length: 120', 240'",1,0,Andersen,AWDP-TB-1,Glazing & Seals,Andersen
,simple,AWDP-TI-365,Snap-In Metal Glazing Bead | AWDP-TI-481,1,0,visible,"Available in mill and white. Minimum order is 120 feet and is shipped in lengths of 6 feet (72"").","Available in mill and white. Minimum order is 120 feet and is shipped in lengths of 6 feet (72"").",,,taxable,,1,,,0,0,,,,,1,,,95.70,Glazing & Seals,"casement, awning, glazing, door",,https://www.allwindowdoorparts.com/wp-content/uploads/2023/01/TI-481.jpg,,,,,,,,,64,Details,"Color: Mill, White, Length: 120', 240'",1,0,Oldach,AWDP-TI-365,Glazing & Seals,Oldach
,simple,AWDP-VGB-FI-77,Snap-In Metal Glazing Bead | AWDP-TI-482,1,0,visible,"Available in bronze, mill and white. Minimum order is 120 feet and is shipped in lengths of 6 feet (72"").","Available in bronze, mill and white. Minimum order is 120 feet and is shipped in lengths of 6 feet (72"").",,,taxable,,1,,,0,0,,,,,1,,,112.12,Glazing & Seals,"casement, awning, glazing, door",,https://www.allwindowdoorparts.com/wp-content/uploads/2023/01/TI-482.jpg,,,,,,,,,65,Details,"Color: Bronze, Mill, White, Length: 120', 240'",1,0,Oldach,AWDP-VGB-FI-77,Glazing & Seals,"Peachtree, Oldach"
,simple,AWDP-VGB-FT-31,Snap-In Metal Glazing Bead | AWDP-TI-479,1,0,visible,"Available in bronze, mill and white. Minimum order is 120 feet and is shipped in lengths of 6 feet (72"").","Available in bronze, mill and white. Minimum order is 120 feet and is shipped in lengths of 6 feet (72"").",,,taxable,,1,,,0,0,,,,,1,,,112.12,Glazing & Seals,"casement, awning, glazing, door",,https://www.allwindowdoorparts.com/wp-content/uploads/2023/01/TI-479.jpg,,,,,,,,,66,Details,"Color: Bronze, Mill, White, Length: 120', 240'",1,0,Truth/Entrygard,AWDP-VGB-FT-31,Glazing & Seals,"Truth, Entrygard, Pella, General"
,simple,AWDP-TI-67,Snap-In Metal Glazing Bead | AWDP-TI-117,1,0,visible,"Available in mill. Minimum order is 120 feet and is shipped in lengths of 6 feet (72"").","Available in mill. Minimum order is 120 feet and is shipped in lengths of 6 feet (72"").",,,taxable,,1,,,0,0,,,,,1,,,178.12,Glazing & Seals,"casement, awning, glazing, door",,https://www.allwindowdoorparts.com/wp-content/uploads/2023/01/TI-117.jpg,,,,,,,,,67,Details,"Length: 120', 240'",1,0,All Window Door Parts,AWDP-TI-67,Glazing & Seals,
,simple,AWDP-TI-533,Snap-In Metal Glazing Bead | AWDP-TI-166,1,0,visible,"Available in aluminum and bronze. For single hung awning type windows. Minimum order is 120 feet and is shipped in lengths of 6 feet (72"").","Available in aluminum and bronze. For single hung awning type windows. Minimum order is 120 feet and is shipped in lengths of 6 feet (72"").",,,taxable,,1,,,0,0,,,,,1,,,118.18,Glazing & Seals,"casement, awning, glazing, door",,https://www.allwindowdoorparts.com/wp-content/uploads/2023/01/TI-166.jpg,,,,,,,,,68,Details,"Color: Aluminum, Bronze, Length: 120', 240'",1,0,All Window Door Parts,AWDP-TI-533,Glazing & Seals,
,simple,AWDP-VGB-FO-08,Snap-In Metal Glazing Bead | AWDP-TI-156,1,0,visible,"Available in aluminum, bronze and white. Minimum order is 120 feet and is shipped in lengths of 6 feet (72"").","Available in aluminum, bronze and white. Minimum order is 120 feet and is shipped in lengths of 6 feet (72"").",,,taxable,,1,,,0,0,,,,,1,,,138.64,Glazing & Seals,"casement, awning, screen, glazing, door",,https://www.allwindowdoorparts.com/wp-content/uploads/2023/01/TI-156.jpg,,,,,,,,,69,Details,"Color: Aluminum, Bronze, White, Length: 120', 240'",1,0,All Window Door Parts,AWDP-VGB-FO-08,Glazing & Seals,
,simple,AWDP-VI-35,Snap-In Metal Glazing Bead | AWDP-TI-143,1,0,visible,"Available in aluminum, bronze and white. Minimum order is 120 feet and is shipped in lengths of 6 feet (72"").","Available in aluminum, bronze and white. Minimum order is 120 feet and is shipped in lengths of 6 feet (72"").",,,taxable,,1,,,0,0,,,,,1,,,128.17,Glazing & Seals,"casement, awning, glazing, door",,https://www.allwindowdoorparts.com/wp-content/uploads/2023/01/TI-143.jpg,,,,,,,,,70,Details,"Color: Aluminum, Bronze, White, Length: 120', 240'",1,0,All Window Door Parts,AWDP-VI-35,Glazing & Seals,
,simple,AWDP-LEE-16683,Snap-In Metal Glazing Bead | AWDP-TI-158,1,0,visible,"Available in aluminum, black, bronze and white. Minimum order is 120 feet and is shipped in lengths of 6 feet (72"").","Available in aluminum, black, bronze and white. Minimum order is 120 feet and is shipped in lengths of 6 feet (72"").",,,taxable,,1,,,0,0,,,,,1,,,99.18,Glazing & Seals,"casement, awning, glazing, door",,https://www.allwindowdoorparts.com/wp-content/uploads/2023/01/TI-158.jpg,,,,,,,,,71,Details,"Color: Aluminum, Black, Bronze, White, Length: 120', 240'",1,0,All Window Door Parts,AWDP-LEE-16683,Glazing & Seals,"Marvin, Norco"
,simple,AWDP-VGB-FE-68,Snap-In Metal Glazing Bead | AWDP-TI-518,1,0,visible,"Available in white. Minimum order is 120 feet and is shipped in lengths of 6 feet (72"").","Available in white. Minimum order is 120 feet and is shipped in lengths of 6 feet (72"").",,,taxable,,1,,,0,0,,,,,1,,,188.81,Glazing & Seals,"casement, awning, screen, glazing, door",,https://www.allwindowdoorparts.com/wp-content/uploads/2023/01/TI-518.jpg,,,,,,,,,72,Details,"Length: 120', 240'",1,0,All Window Door Parts,AWDP-VGB-FE-68,Glazing & Seals,
,simple,AWDP-TI-456,Snap-In Vinyl Glazing Bead | AWDP-LEE-20135,1,0,visible,"Available in brown and white. Minimum order is 120 feet and is shipped in lengths of 6 feet (72"").","Available in brown and white. Minimum order is 120 feet and is shipped in lengths of 6 feet (72"").",,,taxable,,1,,,0,0,,,,,1,,,260.17,Glazing & Seals,"casement, awning, glazing, door",,https://www.allwindowdoorparts.com/wp-content/uploads/2023/01/LEE-20135.jpg,,,,,,,,,73,Details,"Color: Brown, White, Length: 120', 240'",1,0,Oldach,AWDP-TI-456,Glazing & Seals,Marvin
,simple,AWDP-VI-35,Snap-In Vinyl Glazing Bead | AWDP-TI-73,1,0,visible,"Available in black, bronze, gray and white. Minimum order is 120 feet and is shipped in lengths of 6 feet (72"").","Available in black, bronze, gray and white. Minimum order is 120 feet and is shipped in lengths of 6 feet (72"").",,,taxable,,1,,,0,0,,,,,1,,,280.50,Glazing & Seals,"casement, awning, glazing, door",,https://www.allwindowdoorparts.com/wp-content/uploads/2023/01/TI-73.jpg,,,,,,,,,74,Details,"Color: Black, Bronze, Gray, White, Length: 120', 240'",1,0,Andersen,AWDP-VI-35,Glazing & Seals,"Andersen, Marvin"
,simple,AWDP-TI-516,Snap-In Vinyl Glazing Bead | AWDP-TI-318,1,0,visible,"Available in tan and white. Minimum order is 120 feet and is shipped in lengths of 6 feet (72"").","Available in tan and white. Minimum order is 120 feet and is shipped in lengths of 6 feet (72"").",,,taxable,,1,,,0,0,,,,,1,,,326.71,Glazing & Seals,"casement, awning, glazing, door",,https://www.allwindowdoorparts.com/wp-content/uploads/2023/01/TI-318.jpg,,,,,,,,,75,Details,"Color: Tan, White, Length: 120', 240'",1,0,All Window Door Parts,AWDP-TI-516,Glazing & Seals,
,simple,AWDP-LEE-20766,Snap-In Vinyl Glazing Bead | AWDP-LEE-18974,1,0,visible,"Available in black, bronze and white. Minimum order is 120 feet and is shipped in lengths of 6 feet (72"").","Available in black, bronze and white. Minimum order is 120 feet and is shipped in lengths of 6 feet (72"").",,,taxable,,1,,,0,0,,,,,1,,,257.41,Glazing & Seals,"casement, awning, screen, glazing, door",,https://www.allwindowdoorparts.com/wp-content/uploads/2023/01/LEE-18974.jpg,,,,,,,,,76,Details,"Color: Black, Bronze, White, Length: 120', 240'",1,0,All Window Door Parts,AWDP-LEE-20766,Glazing & Seals,Marvin
,simple,AWDP-VGB-OL-33,Snap-In Vinyl Glazing Bead | AWDP-TI-241,1,0,visible,"Available in white. Minimum order is 120 feet and is shipped in lengths of 6 feet (72"").","Available in white. Minimum order is 120 feet and is shipped in lengths of 6 feet (72"").",,,taxable,,1,,,0,0,,,,,1,,,339.19,Glazing & Seals,"casement, awning, glazing, door",,https://www.allwindowdoorparts.com/wp-content/uploads/2023/01/TI-241.jpg,,,,,,,,,77,Details,"Length: 120', 240'",1,0,Truth/Entrygard,AWDP-VGB-OL-33,Glazing & Seals,"Truth, Entrygard, Silverline"
,simple,AWDP-TI-36,Snap-In Vinyl Glazing Bead | AWDP-LEE-9953,1,0,visible,"Available in black and white. Minimum order is 120 feet and is shipped in lengths of 6 feet (72"").","Available in black and white. Minimum order is 120 feet and is shipped in lengths of 6 feet (72"").",,,taxable,,1,,,0,0,,,,,1,,,260.17,Glazing & Seals,"casement, awning, glazing, door",,https://www.allwindowdoorparts.com/wp-content/uploads/2023/01/LEE-9953.jpg,,,,,,,,,78,Details,"Color: Black, White, Length: 120', 240'",1,0,Oldach,AWDP-TI-36,Glazing & Seals,Oldach
,simple,AWDP-TI-36,Snap-In Vinyl Glazing Bead | AWDP-LEE-18869,1,0,visible,"Available in white. Minimum order is 120 feet and is shipped in lengths of 6 feet (72"").","Available in white. Minimum order is 120 feet and is shipped in lengths of 6 feet (72"").",,,taxable,,1,,,0,0,,,,,1,,,227.17,Glazing & Seals,"casement, awning, glazing, door",,https://www.allwindowdoorparts.com/wp-content/uploads/2023/01/LEE-18869.jpg,,,,,,,,,79,Details,"Length: 120', 240'",1,0,Andersen,AWDP-TI-36,Glazing & Seals,"Andersen, Marvin"
,simple,AWDP-LEE-20766,Snap-In Vinyl Glazing Bead | AWDP-TI-514,1,0,visible,"Available in white. Minimum order is 120 feet and is shipped in lengths of 6 1/2 feet (78"").","Available in white. Minimum order is 120 feet and is shipped in lengths of 6 1/2 feet (78"").",,,taxable,,1,,,0,0,,,,,1,,,318.18,Glazing & Seals,"casement, awning, glazing, door",,https://www.allwindowdoorparts.com/wp-content/uploads/2023/01/TI-514.jpg,,,,,,,,,80,Details,"Length: 130', 260'",1,0,All Window Door Parts,AWDP-LEE-20766,Glazing & Seals,General
,simple,AWDP-VGB-FI-77,Snap-In Vinyl Glazing Bead | AWDP-LEE-16212,1,0,visible,"Available in beige, black and white. Minimum order is 120 feet and is shipped in lengths of 6 feet (72"").","Available in beige, black and white. Minimum order is 120 feet and is shipped in lengths of 6 feet (72"").",,,taxable,,1,,,0,0,,,,,1,,,247.15,Glazing & Seals,"casement, awning, glazing, door",,https://www.allwindowdoorparts.com/wp-content/uploads/2023/01/LEE-16212.jpg,,,,,,,,,81,Details,"Color: Beige, Black, White, Length: 120', 240'",1,0,All Window Door Parts,AWDP-VGB-FI-77,Glazing & Seals,General
,simple,AWDP-TB-1,Snap-In Vinyl Glazing Bead | AWDP-TI-183,1,0,visible,"Available in white. Minimum order is 120 feet and is shipped in lengths of 6 feet (72"").","Available in white. Minimum order is 120 feet and is shipped in lengths of 6 feet (72"").",,,taxable,,1,,,0,0,,,,,1,,,1270.51,Glazing & Seals,"casement, awning, glazing, door",,https://www.allwindowdoorparts.com/wp-content/uploads/2023/01/TI-183.jpg,,,,,,,,,82,Details,"Length: 120', 240'",1,0,All Window Door Parts,AWDP-TB-1,Glazing & Seals,
,simple,AWDP-TI-516,Snap-In Vinyl Glazing Bead | AWDP-LEE-20292,1,0,visible,"Available in brown and white. Minimum order is 120 feet and is shipped in lengths of 6 feet (72"").","Available in brown and white. Minimum order is 120 feet and is shipped in lengths of 6 feet (72"").",,,taxable,,1,,,0,0,,,,,1,,,270.16,Glazing & Seals,"casement, awning, glazing, door",,https://www.allwindowdoorparts.com/wp-content/uploads/2023/01/LEE-20292.jpg,,,,,,,,,83,Details,"Color: Brown, White, Length: 120', 240'",1,0,All Window Door Parts,AWDP-TI-516,Glazing & Seals,
,simple,AWDP-VGB-IR-11,Snap-In Vinyl Glazing Bead | AWDP-LEE-16225,1,0,visible,"Available in bronze and white. Minimum order is 120 feet and is shipped in lengths of 6 feet (72"").","Available in bronze and white. Minimum order is 120 feet and is shipped in lengths of 6 feet (72"").",,,taxable,,1,,,0,0,,,,,1,,,227.17,Glazing & Seals,"casement, awning, glazing, door",,https://www.allwindowdoorparts.com/wp-content/uploads/2023/01/LEE-16225.jpg,,,,,,,,,84,Details,"Color: Bronze, White, Length: 120', 240'",1,0,All Window Door Parts,AWDP-VGB-IR-11,Glazing & Seals,
,simple,AWDP-LEE-12029,Snap-In Vinyl Glazing Bead | AWDP-LEE-16343,1,0,visible,"Available in bronze and white. Minimum order is 120 feet and is shipped in lengths of 6 feet (72"").","Available in bronze and white. Minimum order is 120 feet and is shipped in lengths of 6 feet (72"").",,,taxable,,1,,,0,0,,,,,1,,,247.51,Glazing & Seals,"casement, awning, glazing, door",,https://www.allwindowdoorparts.com/wp-content/uploads/2023/01/LEE-16343.jpg,,,,,,,,,85,Details,"Color: Bronze, White, Length: 120', 240'",1,0,All Window Door Parts,AWDP-LEE-12029,Glazing & Seals,"Marvin, Norco"
,simple,AWDP-VGB-OL-33,Snap-In Vinyl Glazing Bead | AWDP-LEE-18970,1,0,visible,"Available in black and white. Minimum order is 120 feet and is shipped in lengths of 6 feet (72"").","Available in black and white. Minimum order is 120 feet and is shipped in lengths of 6 feet (72"").",,,taxable,,1,,,0,0,,,,,1,,,306.19,Glazing & Seals,"casement, awning, glazing, door",,https://www.allwindowdoorparts.com/wp-content/uploads/2023/01/LEE-18970.jpg,,,,,,,,,86,Details,"Color: Black, White, Length: 120', 240'",1,0,All Window Door Parts,AWDP-VGB-OL-33,Glazing & Seals,
,simple,AWDP-TB-1,Snap-In Vinyl Glazing Bead | AWDP-LEE-11386,1,0,visible,"Available in black. Minimum order is 120 feet and is shipped in lengths of 6 feet (72"").","Available in black. Minimum order is 120 feet and is shipped in lengths of 6 feet (72"").",,,taxable,,1,,,0,0,,,,,1,,,656.17,Glazing & Seals,"casement, awning, glazing, door",,https://www.allwindowdoorparts.com/wp-content/uploads/2023/01/LEE-11386.jpg,,,,,,,,,87,Details,"Length: 120', 240'",1,0,Truth/Entrygard,AWDP-TB-1,Glazing & Seals,"Entrygard, Marvin, Peachtree"
,simple,AWDP-VGB-IA-71,Snap-In Vinyl Glazing Bead | AWDP-LEE-9954,1,0,visible,"Available in black and white. Minimum order is 120 feet and is shipped in lengths of 6 feet (72"").","Available in black and white. Minimum order is 120 feet and is shipped in lengths of 6 feet (72"").",,,taxable,,1,,,0,0,,,,,1,,,237.16,Glazing & Seals,"casement, awning, glazing, door",,https://www.allwindowdoorparts.com/wp-content/uploads/2023/01/LEE-9954.jpg,,,,,,,,,88,Details,"Color: Black, White, Length: 120', 240'",1,0,Oldach,AWDP-VGB-IA-71,Glazing & Seals,"Peachtree, Oldach"
,simple,AWDP-LEE-20766,Snap-In Vinyl Glazing Bead | AWDP-TI-6,1,0,visible,"Available in black and white. Minimum order is 120 feet and is shipped in lengths of 6 feet (72"").","Available in black and white. Minimum order is 120 feet and is shipped in lengths of 6 feet (72"").",,,taxable,,1,,,0,0,,,,,1,,,227.17,Glazing & Seals,"casement, awning, weatherstrip, glazing, door",,https://www.allwindowdoorparts.com/wp-content/uploads/2023/01/TI-6.jpg,,,,,,,,,89,Details,"Color: Black, White, Length: 120', 240'",1,0,Oldach,AWDP-LEE-20766,Glazing & Seals,"Pella, Peachtree, Oldach, Norco"
,simple,AWDP-TI-533,Snap-In Vinyl Glazing Bead | AWDP-TI-91,1,0,visible,"Available in black and white. Minimum order is 120 feet and is shipped in lengths of 6 feet (72"").","Available in black and white. Minimum order is 120 feet and is shipped in lengths of 6 feet (72"").",,,taxable,,1,,,0,0,,,,,1,,,409.21,Glazing & Seals,"casement, awning, glazing, door",,https://www.allwindowdoorparts.com/wp-content/uploads/2023/01/TI-91.jpg,,,,,,,,,90,Details,"Color: Black, White, Length: 120', 240'",1,0,Oldach,AWDP-TI-533,Glazing & Seals,"Peachtree, Oldach"
,simple,AWDP-TI-90,Snap-In Vinyl Glazing Bead | AWDP-TI-488,1,0,visible,"Available in bronze and white. Minimum order is 120 feet and is shipped in lengths of 6 feet (72"").","Available in bronze and white. Minimum order is 120 feet and is shipped in lengths of 6 feet (72"").",,,taxable,,1,,,0,0,,,,,1,,,224.14,Glazing & Seals,"casement, awning, glazing, door",,https://www.allwindowdoorparts.com/wp-content/uploads/2023/01/TI-488.jpg,,,,,,,,,91,Details,"Color: Bronze, White, Length: 120', 240'",1,0,All Window Door Parts,AWDP-TI-90,Glazing & Seals,Silverline
,simple,AWDP-TI-36,Snap-In Vinyl Glazing Bead | AWDP-TI-253,1,0,visible,"Available in black and white. Minimum order is 120 feet and is shipped in lengths of 6 feet (72"").","Available in black and white. Minimum order is 120 feet and is shipped in lengths of 6 feet (72"").",,,taxable,,1,,,0,0,,,,,1,,,257.41,Glazing & Seals,"casement, awning, glazing, door",,https://www.allwindowdoorparts.com/wp-content/uploads/2023/01/TI-253.jpg,,,,,,,,,92,Details,"Color: Black, White, Length: 120', 240'",1,0,Truth/Entrygard,AWDP-TI-36,Glazing & Seals,"Truth, Norco"
,simple,AWDP-TI-492,Snap-In Vinyl Glazing Bead | AWDP-LEE-19000,1,0,visible,"Available in black, bronze, brown and white. Minimum order is 120 feet and is shipped in lengths of 6 feet (72"").","Available in black, bronze, brown and white. Minimum order is 120 feet and is shipped in lengths of 6 feet (72"").",,,taxable,,1,,,0,0,,,,,1,,,227.71,Glazing & Seals,"casement, awning, weatherstrip, glazing, door",,https://www.allwindowdoorparts.com/wp-content/uploads/2023/01/LEE-19000.jpg,,,,,,,,,93,Details,"Color: Black, Bronze, Brown, White, Length: 120', 240'",1,0,All Window Door Parts,AWDP-TI-492,Glazing & Seals,
,simple,AWDP-TI-90,Snap-In Vinyl Glazing Bead | AWDP-TI-564,1,0,visible,"Available in black and white. Minimum order is 120 feet and is shipped in lengths of 6 feet (72"").","Available in black and white. Minimum order is 120 feet and is shipped in lengths of 6 feet (72"").",,,taxable,,1,,,0,0,,,,,1,,,339.91,Glazing & Seals,"casement, awning, glazing, door",,https://www.allwindowdoorparts.com/wp-content/uploads/2023/01/TI-564.jpg,,,,,,,,,94,Details,"Color: Black, White, Length: 120', 240'",1,0,All Window Door Parts,AWDP-TI-90,Glazing & Seals,
,simple,AWDP-TI-492,Snap-In Vinyl Glazing Bead | AWDP-LEE-18979,1,0,visible,"Available in bronze, gray and white. Minimum order is 144 feet and is shipped in lengths of 6 feet (72"").","Available in bronze, gray and white. Minimum order is 144 feet and is shipped in lengths of 6 feet (72"").",,,taxable,,1,,,0,0,,,,,1,,,471.24,Glazing & Seals,"casement, awning, glazing, door",,https://www.allwindowdoorparts.com/wp-content/uploads/2023/01/LEE-18979.jpg,,,,,,,,,95,Details,"Color: Bronze, Gray, White, Length: 144'",1,0,All Window Door Parts,AWDP-TI-492,Glazing & Seals,
,simple,AWDP-VGB-FE-68,Snap-In Vinyl Glazing Bead | AWDP-LEE-14969,1,0,visible,"Available in black, bronze and white. Minimum order is 120 feet and is shipped in lengths of 6 feet (72"").","Available in black, bronze and white. Minimum order is 120 feet and is shipped in lengths of 6 feet (72"").",,,taxable,,1,,,0,0,,,,,1,,,293.71,Glazing & Seals,"casement, awning, glazing, door",,https://www.allwindowdoorparts.com/wp-content/uploads/2023/01/LEE-14969.jpg,,,,,,,,,96,Details,"Color: Black, Bronze, White, Length: 120', 240'",1,0,All Window Door Parts,AWDP-VGB-FE-68,Glazing & Seals,
,simple,AWDP-LEE-14617,Snap-In Vinyl Glazing Bead | AWDP-TI-85,1,0,visible,"Available in bronze and white. Minimum order is 120 feet and is shipped in lengths of 6 feet (72"").","Available in bronze and white. Minimum order is 120 feet and is shipped in lengths of 6 feet (72"").",,,taxable,,1,,,0,0,,,,,1,,,227.17,Glazing & Seals,"casement, awning, glazing, door",,https://www.allwindowdoorparts.com/wp-content/uploads/2023/01/TI-85.jpg,,,,,,,,,97,Details,"Color: Bronze, White, Length: 120', 240'",1,0,All Window Door Parts,AWDP-LEE-14617,Glazing & Seals,
,simple,AWDP-TB-1,Snap-In Vinyl Glazing Bead | AWDP-LEE-10613,1,0,visible,"Available in bronze and white. Minimum order is 120 feet and is shipped in lengths of 6 feet (72"").","Available in bronze and white. Minimum order is 120 feet and is shipped in lengths of 6 feet (72"").",,,taxable,,1,,,0,0,,,,,1,,,293.17,Glazing & Seals,"casement, awning, glazing, door",,https://www.allwindowdoorparts.com/wp-content/uploads/2023/01/LEE-10613.jpg,,,,,,,,,98,Details,"Color: Bronze, White, Length: 120', 240'",1,0,All Window Door Parts,AWDP-TB-1,Glazing & Seals,Silverline
,simple,AWDP-VGB-FT-15,Snap-In Vinyl Glazing Bead | AWDP-TI-87,1,0,visible,"Available in black and gray. Minimum order is 120 feet and is shipped in lengths of 6 feet (72"").","Available in black and gray. Minimum order is 120 feet and is shipped in lengths of 6 feet (72"").",,,taxable,,1,,,0,0,,,,,1,,,247.51,Glazing & Seals,"casement, awning, weatherstrip, glazing, door",,https://www.allwindowdoorparts.com/wp-content/uploads/2023/01/TI-87.jpg,,,,,,,,,99,Details,"Color: Black, Gray, Length: 120', 144', 192', 240', 360'",1,0,All Window Door Parts,AWDP-VGB-FT-15,Glazing & Seals,
,simple,AWDP-VGB-FI-11,Snap-In Vinyl Glazing Bead | AWDP-LEE-17038,1,0,visible,"Available in black and white. Minimum order is 120 feet and is shipped in lengths of 6 feet (72"").","Available in black and white. Minimum order is 120 feet and is shipped in lengths of 6 feet (72"").",,,taxable,,1,,,0,0,,,,,1,,,194.17,Glazing & Seals,"casement, awning, glazing, door",,https://www.allwindowdoorparts.com/wp-content/uploads/2023/01/LEE-17038.jpg,,,,,,,,,100,Details,"Color: Black, White, Length: 120', 144', 192', 240', 360'",1,0,All Window Door Parts,AWDP-VGB-FI-11,Glazing & Seals,Marvin
,simple,AWDP-VGB-FO-08,Snap-In Vinyl Glazing Bead | AWDP-LEE-8668,1,0,visible,"Available in black and white. Minimum order is 120 feet and is shipped in lengths of 6 feet (72"").","Available in black and white. Minimum order is 120 feet and is shipped in lengths of 6 feet (72"").",,,taxable,,1,,,0,0,,,,,1,,,293.17,Glazing & Seals,"casement, awning, glazing, door",,https://www.allwindowdoorparts.com/wp-content/uploads/2023/01/LEE-8668.jpg,,,,,,,,,101,Details,"Color: Black, White, Length: 120', 144', 192', 240', 360'",1,0,All Window Door Parts,AWDP-VGB-FO-08,Glazing & Seals,
,simple,AWDP-LEE-20766,Snap-In Vinyl Glazing Bead | AWDP-TI-71,1,0,visible,"Available in black and white. Minimum order is 120 feet and is shipped in lengths of 6 feet (72"").","Available in black and white. Minimum order is 120 feet and is shipped in lengths of 6 feet (72"").",,,taxable,,1,,,0,0,,,,,1,,,201.13,Glazing & Seals,"casement, awning, glazing, door",,https://www.allwindowdoorparts.com/wp-content/uploads/2023/01/TI-71.jpg,,,,,,,,,102,Details,"Color: Black, White, Length: 120', 144', 192', 240', 360'",1,0,Truth/Entrygard,AWDP-LEE-20766,Glazing & Seals,"Truth, Simonton"
,simple,AWDP-TI-456,Snap-In Vinyl Glazing Bead | AWDP-TI-532,1,0,visible,"Available in white. Minimum order is 120 feet and is shipped in lengths of 6 feet (72"").","Available in white. Minimum order is 120 feet and is shipped in lengths of 6 feet (72"").",,,taxable,,1,,,0,0,,,,,1,,,194.17,Glazing & Seals,"casement, awning, glazing, door",,https://www.allwindowdoorparts.com/wp-content/uploads/2023/01/TI-532.jpg,,,,,,,,,103,Details,"Length: 120', 144', 192', 240', 360'",1,0,All Window Door Parts,AWDP-TI-456,Glazing & Seals,
,simple,AWDP-VGB-FI-77,Snap-In Vinyl Glazing Bead | AWDP-TI-17,1,0,visible,"Available in black, light gray and white. Minimum order is 120 feet and is shipped in lengths of 6 feet (72"").","Available in black, light gray and white. Minimum order is 120 feet and is shipped in lengths of 6 feet (72"").",,,taxable,,1,,,0,0,,,,,1,,,227.17,Glazing & Seals,"casement, awning, weatherstrip, glazing, door",,https://www.allwindowdoorparts.com/wp-content/uploads/2023/01/TI-17.jpg,,,,,,,,,104,Details,"Color: Black, Light Gray, White, Length: 120', 144', 192', 240', 360'",1,0,All Window Door Parts,AWDP-VGB-FI-77,Glazing & Seals,Silverline
,simple,AWDP-VGB-FT-15,Snap-In Vinyl Glazing Bead | AWDP-TI-16,1,0,visible,"Available in black and brown. Minimum order is 120 feet and is shipped in lengths of 6 feet (72"").","Available in black and brown. Minimum order is 120 feet and is shipped in lengths of 6 feet (72"").",,,taxable,,1,,,0,0,,,,,1,,,227.17,Glazing & Seals,"casement, awning, glazing, door",,https://www.allwindowdoorparts.com/wp-content/uploads/2023/01/TI-16.jpg,,,,,,,,,105,Details,"Color: Black, Brown, Length: 120', 144', 192', 240', 360'",1,0,Oldach,AWDP-VGB-FT-15,Glazing & Seals,"Pella, Peachtree, Oldach"
,simple,AWDP-TI-456,Snap-In Vinyl Glazing Bead | AWDP-TI-28,1,0,visible,"Available in black and white. Minimum order is 120 feet and is shipped in lengths of 6 feet (72"").","Available in black and white. Minimum order is 120 feet and is shipped in lengths of 6 feet (72"").",,,taxable,,1,,,0,0,,,,,1,,,237.16,Glazing & Seals,"casement, awning, glazing, door",,https://www.allwindowdoorparts.com/wp-content/uploads/2023/01/TI-28.jpg,,,,,,,,,106,Details,"Color: Black, White, Length: 120', 144', 192', 240', 360'",1,0,Truth/Entrygard,AWDP-TI-456,Glazing & Seals,"Truth, Simonton"
,simple,AWDP-VGB-FI-77,Snap-In Vinyl Glazing Bead | AWDP-TI-32,1,0,visible,"Available in black, bronze, brown and white. Minimum order is 120 feet and is shipped in lengths of 6 feet (72"").","Available in black, bronze, brown and white. Minimum order is 120 feet and is shipped in lengths of 6 feet (72"").",,,taxable,,1,,,0,0,,,,,1,,,227.17,Glazing & Seals,"casement, awning, screen, glazing, door",,https://www.allwindowdoorparts.com/wp-content/uploads/2023/01/TI-32.jpg,,,,,,,,,107,Details,"Color: Black, Bronze, Brown, White, Length: 120', 144', 192', 240', 360'",1,0,All Window Door Parts,AWDP-VGB-FI-77,Glazing & Seals,Marvin
,simple,AWDP-VGB-FI-77,Snap-In Vinyl Glazing Bead | AWDP-TI-41,1,0,visible,"Available in light gray and white. Minimum order is 120 feet and is shipped in lengths of 6 feet (72"").","Available in light gray and white. Minimum order is 120 feet and is shipped in lengths of 6 feet (72"").",,,taxable,,1,,,0,0,,,,,1,,,270.16,Glazing & Seals,"casement, awning, glazing, door",,https://www.allwindowdoorparts.com/wp-content/uploads/2023/01/TI-41.jpg,,,,,,,,,108,Details,"Color: Light Gray, White, Length: 120', 144', 192', 240', 360'",1,0,All Window Door Parts,AWDP-VGB-FI-77,Glazing & Seals,
,simple,AWDP-TI-36,Snap-In Vinyl Glazing Bead | AWDP-TI-545,1,0,visible,"Available in white. Minimum order is 120 feet and is shipped in lengths of 8 feet (96"").","Available in white. Minimum order is 120 feet and is shipped in lengths of 8 feet (96"").",,,taxable,,1,,,0,0,,,,,1,,,313.51,Glazing & Seals,"casement, awning, weatherstrip, glazing, door",,https://www.allwindowdoorparts.com/wp-content/uploads/2023/01/TI-545.jpg,,,,,,,,,109,Details,"Length: 120', 144', 192', 240', 360'",1,0,All Window Door Parts,AWDP-TI-36,Glazing & Seals,Silverline
,simple,AWDP-TI-36,Snap-In Vinyl Glazing Bead | AWDP-TI-132,1,0,visible,"Available in black and white. Minimum order is 120 feet and is shipped in lengths of 6 feet (72"").","Available in black and white. Minimum order is 120 feet and is shipped in lengths of 6 feet (72"").",,,taxable,,1,,,0,0,,,,,1,,,306.91,Glazing & Seals,"casement, awning, glazing, door",,https://www.allwindowdoorparts.com/wp-content/uploads/2023/01/TI-132.jpg,,,,,,,,,110,Details,"Color: Black, White, Length: 120', 144', 192', 240', 360'",1,0,All Window Door Parts,AWDP-TI-36,Glazing & Seals,
,simple,AWDP-VI-35,Snap-In Vinyl Glazing Bead | AWDP-TI-240,1,0,visible,"Available in white. Minimum order is 120 feet and is shipped in lengths of 6 feet (72"").","Available in white. Minimum order is 120 feet and is shipped in lengths of 6 feet (72"").",,,taxable,,1,,,0,0,,,,,1,,,313.51,Glazing & Seals,"casement, awning, glazing, door",,https://www.allwindowdoorparts.com/wp-content/uploads/2023/01/TI-240.jpg,,,,,,,,,111,Details,"Length: 120', 144', 192', 240', 360'",1,0,Truth/Entrygard,AWDP-VI-35,Glazing & Seals,"Truth, Simonton, Silverline"
,simple,AWDP-VGB-FE-68,Snap-In Vinyl Glazing Bead | AWDP-TI-135,1,0,visible,"Available in adobe gray and white. Minimum order is 120 feet and is shipped in lengths of 6 feet (72"").","Available in adobe gray and white. Minimum order is 120 feet and is shipped in lengths of 6 feet (72"").",,,taxable,,1,,,0,0,,,,,1,,,237.61,Glazing & Seals,"casement, awning, glazing, door",,https://www.allwindowdoorparts.com/wp-content/uploads/2023/01/TI-135.jpg,,,,,,,,,112,Details,"Color: Adobe Gray, White, Length: 120', 144', 192', 240', 360'",1,0,All Window Door Parts,AWDP-VGB-FE-68,Glazing & Seals,General
,simple,AWDP-VGB-FE-68,Snap-In Vinyl Glazing Bead | AWDP-LEE-8744,1,0,visible,"Available in black. Minimum order is 120 feet and is shipped in lengths of 6 feet (72"").","Available in black. Minimum order is 120 feet and is shipped in lengths of 6 feet (72"").",,,taxable,,1,,,0,0,,,,,1,,,544.15,Glazing & Seals,"casement, awning, glazing, door",,https://www.allwindowdoorparts.com/wp-content/uploads/2023/01/LEE-8744.jpg,,,,,,,,,113,Details,"Length: 120', 144', 192', 240', 360'",1,0,Peachtree,AWDP-VGB-FE-68,Glazing & Seals,"Pella, Peachtree"
,simple,AWDP-LEE-16683,Snap-In Vinyl Glazing Bead | AWDP-LEE-17510,1,0,visible,"Available in white. Minimum order is 120 feet and is shipped in lengths of 6 feet (72"").","Available in white. Minimum order is 120 feet and is shipped in lengths of 6 feet (72"").",,,taxable,,1,,,0,0,,,,,1,,,458.17,Glazing & Seals,"casement, awning, glazing, door",,https://www.allwindowdoorparts.com/wp-content/uploads/2023/01/LEE-17510.jpg,,,,,,,,,114,Details,"Length: 120', 144', 192', 240', 360'",1,0,Truth/Entrygard,AWDP-LEE-16683,Glazing & Seals,"Truth, Entrygard, Silverline"
,simple,AWDP-VI-35,Snap-In Vinyl Glazing Bead | AWDP-LEE-17499,1,0,visible,"Available in brown and white. Minimum order is 120 feet and is shipped in lengths of 6 feet (72"").","Available in brown and white. Minimum order is 120 feet and is shipped in lengths of 6 feet (72"").",,,taxable,,1,,,0,0,,,,,1,,,491.17,Glazing & Seals,"casement, awning, glazing, door",,https://www.allwindowdoorparts.com/wp-content/uploads/2023/01/LEE-17499.jpg,,,,,,,,,115,Details,"Color: Brown, White, Length: 120', 144', 192', 240', 360'",1,0,Truth/Entrygard,AWDP-VI-35,Glazing & Seals,"Truth, Simonton, Silverline"
,simple,AWDP-LEE-20766,Snap-In Vinyl Glazing Bead | AWDP-TI-531,1,0,visible,"For insulated glass. Available in black and white. Minimum order is 120 feet and is shipped in lengths of 6 feet (72"").","For insulated glass. Available in black and white. Minimum order is 120 feet and is shipped in lengths of 6 feet (72"").",,,taxable,,1,,,0,0,,,,,1,,,247.50,Glazing & Seals,"casement, awning, glazing, door",,https://www.allwindowdoorparts.com/wp-content/uploads/2023/01/TI-531.jpg,,,,,,,,,116,Details,"Color: Bronze, White, Length: 120', 144', 192', 240', 360'",1,0,Oldach,AWDP-LEE-20766,Glazing & Seals,"Pella, Peachtree, Oldach"
,simple,AWDP-LEE-12029,Snap-In Vinyl Glazing Bead | AWDP-LEE-18453,1,0,visible,"Available in black and white. Minimum order is 120 feet and is shipped in lengths of 6 feet (72"").","Available in black and white. Minimum order is 120 feet and is shipped in lengths of 6 feet (72"").",,,taxable,,1,,,0,0,,,,,1,,,270.16,Glazing & Seals,"casement, awning, glazing, door",,https://www.allwindowdoorparts.com/wp-content/uploads/2023/01/LEE-18453.jpg,,,,,,,,,117,Details,"Color: Black, White, Length: 120', 144', 192', 240', 360'",1,0,All Window Door Parts,AWDP-LEE-12029,Glazing & Seals,
,simple,AWDP-LEE-20766,Snap-In Vinyl Glazing Bead | AWDP-LEE-17496,1,0,visible,"Available in bronze and white. Minimum order is 120 feet and is shipped in lengths of 6 feet (72"").","Available in bronze and white. Minimum order is 120 feet and is shipped in lengths of 6 feet (72"").",,,taxable,,1,,,0,0,,,,,1,,,425.17,Glazing & Seals,"casement, awning, weatherstrip, glazing, door",,https://www.allwindowdoorparts.com/wp-content/uploads/2023/01/LEE-17496.jpg,,,,,,,,,118,Details,"Color: Bronze, White, Length: 120', 144', 192', 240', 360'",1,0,Oldach,AWDP-LEE-20766,Glazing & Seals,"Pella, Peachtree, Oldach, Norco"
,simple,AWDP-VGB-IA-71,Snap-In Vinyl Glazing Bead | AWDP-TI-89,1,0,visible,"Available in black, bronze and white. Minimum order is 120 feet and is shipped in lengths of 6 feet (72"").","Available in black, bronze and white. Minimum order is 120 feet and is shipped in lengths of 6 feet (72"").",,,taxable,,1,,,0,0,,,,,1,,,270.61,Glazing & Seals,"casement, awning, glazing, door",,https://www.allwindowdoorparts.com/wp-content/uploads/2023/01/TI-89.jpg,,,,,,,,,119,Details,"Color: Black, Bronze, White, Length: 120', 144', 192', 240', 360'",1,0,All Window Door Parts,AWDP-VGB-IA-71,Glazing & Seals,
,simple,AWDP-TB-1,Snap-In Vinyl Glazing Bead | AWDP-TI-88,1,0,visible,"Available in bronze and gray. Minimum order is 120 feet and is shipped in lengths of 6 feet (72"").","Available in bronze and gray. Minimum order is 120 feet and is shipped in lengths of 6 feet (72"").",,,taxable,,1,,,0,0,,,,,1,,,188.19,Glazing & Seals,"casement, awning, glazing, door",,https://www.allwindowdoorparts.com/wp-content/uploads/2023/01/TI-88.jpg,,,,,,,,,120,Details,"Color: Bronze, Gray, Length: 120', 144', 192', 240', 360'",1,0,Oldach,AWDP-TB-1,Glazing & Seals,Marvin
,simple,AWDP-VGB-OL-33,Snap-In Vinyl Glazing Bead | AWDP-TI-108,1,0,visible,"Available in black. Minimum order is 120 feet and is shipped in lengths of 6 feet (72"").","Available in black. Minimum order is 120 feet and is shipped in lengths of 6 feet (72"").",,,taxable,,1,,,0,0,,,,,1,,,458.72,Glazing & Seals,"casement, awning, glazing, door",,https://www.allwindowdoorparts.com/wp-content/uploads/2023/01/TI-108.jpg,,,,,,,,,121,Details,"Length: 120', 144', 192', 240', 360'",1,0,All Window Door Parts,AWDP-VGB-OL-33,Glazing & Seals,
,simple,AWDP-VGB-FT-15,Snap-In Vinyl Glazing Bead | AWDP-TI-105,1,0,visible,"Available in black and white. Minimum order is 120 feet and is shipped in lengths of 6 feet (72""). For Acorn 2300/3300 series windows.","Available in black and white. Minimum order is 120 feet and is shipped in lengths of 6 feet (72""). For Acorn 2300/3300 series windows.",,,taxable,,1,,,0,0,,,,,1,,,656.71,Glazing & Seals,"casement, awning, glazing, door",,https://www.allwindowdoorparts.com/wp-content/uploads/2023/01/TI-105.jpg,,,,,,,,,122,Details,"Color: Black, White, Length: 120', 144', 192', 240', 360'",1,0,All Window Door Parts,AWDP-VGB-FT-15,Glazing & Seals,Norco
,simple,AWDP-LEE-12029,Snap-In Vinyl Glazing Bead | AWDP-TI-106,1,0,visible,"Available in black and white. Minimum order is 120 feet and is shipped in lengths of 6 feet (72""). For use with the Acorn 2900 series windows.","Available in black and white. Minimum order is 120 feet and is shipped in lengths of 6 feet (72""). For use with the Acorn 2900 series windows.",,,taxable,,1,,,0,0,,,,,1,,,326.71,Glazing & Seals,"casement, awning, glazing, door",,https://www.allwindowdoorparts.com/wp-content/uploads/2023/01/TI-106.jpg,,,,,,,,,123,Details,"Color: Black, White, Length: 120', 144', 192', 240', 360'",1,0,Andersen,AWDP-LEE-12029,Glazing & Seals,Andersen
,simple,AWDP-VGB-IA-71,Snap-In Vinyl Glazing Bead | AWDP-TI-104,1,0,visible,"Available in black and white. Minimum order is 120 feet and is shipped in lengths of 6 feet (72""). For Acorn 2300 series windows.","Available in black and white. Minimum order is 120 feet and is shipped in lengths of 6 feet (72""). For Acorn 2300 series windows.",,,taxable,,1,,,0,0,,,,,1,,,478.51,Glazing & Seals,"casement, awning, glazing, door",,https://www.allwindowdoorparts.com/wp-content/uploads/2023/01/TI-104.jpg,,,,,,,,,124,Details,"Color: Black, White, Length: 120', 144', 192', 240', 360'",1,0,All Window Door Parts,AWDP-VGB-IA-71,Glazing & Seals,Silverline
,simple,AWDP-VGB-FI-11,Snap-In Vinyl Glazing Bead | AWDP-TI-101,1,0,visible,"Available in black. Minimum order is 120 feet and is shipped in lengths of 6 feet (72""). For Acorn 2300 series windows.","Available in black. Minimum order is 120 feet and is shipped in lengths of 6 feet (72""). For Acorn 2300 series windows.",,,taxable,,1,,,0,0,,,,,1,,,260.71,Glazing & Seals,"casement, awning, glazing, door",,https://www.allwindowdoorparts.com/wp-content/uploads/2023/01/TI-101.jpg,,,,,,,,,125,Details,"Length: 120', 144', 192', 240', 360'",1,0,All Window Door Parts,AWDP-VGB-FI-11,Glazing & Seals,
,simple,AWDP-VI-35,Snap-In Vinyl Glazing Bead | AWDP-TI-101NS,1,0,visible,"Available in black. Minimum order is 120 feet and is shipped in lengths of 6 feet (72""). For Acorn 2300 series windows.","Available in black. Minimum order is 120 feet and is shipped in lengths of 6 feet (72""). For Acorn 2300 series windows.",,,taxable,,1,,,0,0,,,,,1,,,293.71,Glazing & Seals,"casement, awning, weatherstrip, glazing, door",,https://www.allwindowdoorparts.com/wp-content/uploads/2023/01/TI-101NS.jpg,,,,,,,,,126,Details,"Length: 120', 144', 192', 240', 360'",1,0,Oldach,AWDP-VI-35,Glazing & Seals,Oldach
,simple,AWDP-VGB-IR-11,Snap-In Vinyl Glazing Bead | AWDP-LEE-8745,1,0,visible,"Available in black. Minimum order is 120 feet and is shipped in lengths of 6 feet (72""). For Acorn windows.","Available in black. Minimum order is 120 feet and is shipped in lengths of 6 feet (72""). For Acorn windows.",,,taxable,,1,,,0,0,,,,,1,,,339.91,Glazing & Seals,"casement, awning, glazing, door",,https://www.allwindowdoorparts.com/wp-content/uploads/2023/01/LEE-8745.jpg,,,,,,,,,127,Details,"Length: 120', 144', 192', 240', 360'",1,0,All Window Door Parts,AWDP-VGB-IR-11,Glazing & Seals,Norco
,simple,AWDP-TB-1,Snap-In Vinyl Glazing Bead | AWDP-LEE-9093,1,0,visible,"Available in white. Minimum order is 120 feet and is shipped in lengths of 6 feet (72""). For Capitol windows.","Available in white. Minimum order is 120 feet and is shipped in lengths of 6 feet (72""). For Capitol windows.",,,taxable,,1,,,0,0,,,,,1,,,339.19,Glazing & Seals,"casement, awning, glazing, door",,https://www.allwindowdoorparts.com/wp-content/uploads/2023/01/LEE-9093.jpg,,,,,,,,,128,Details,"Length: 120', 144', 192', 240', 360'",1,0,Truth/Entrygard,AWDP-TB-1,Glazing & Seals,"Truth, Entrygard, Pella, General"
,simple,AWDP-VGB-FO-08,Snap-In Vinyl Glazing Bead | AWDP-TI-52,1,0,visible,"Available in black and white. Minimum order is 120 feet and is shipped in lengths of 6 feet (72"").","Available in black and white. Minimum order is 120 feet and is shipped in lengths of 6 feet (72"").",,,taxable,,1,,,0,0,,,,,1,,,227.71,Glazing & Seals,"casement, awning, glazing, door",,https://www.allwindowdoorparts.com/wp-content/uploads/2023/01/TI-52.jpg,,,,,,,,,129,Details,"Color: Black, White, Length: 120', 144', 192', 240', 360'",1,0,All Window Door Parts,AWDP-VGB-FO-08,Glazing & Seals,"Marvin, Norco"
,simple,AWDP-TI-492,Snap-In Vinyl Glazing Bead | AWDP-TI-50,1,0,visible,"Available in white. Minimum order is 120 feet and is shipped in lengths of 6 feet (72"").","Available in white. Minimum order is 120 feet and is shipped in lengths of 6 feet (72"").",,,taxable,,1,,,0,0,,,,,1,,,214.51,Glazing & Seals,"casement, awning, glazing, door",,https://www.allwindowdoorparts.com/wp-content/uploads/2023/01/TI-50.jpg,,,,,,,,,130,Details,"Length: 120', 144', 192', 240', 360'",1,0,All Window Door Parts,AWDP-TI-492,Glazing & Seals,
,simple,AWDP-VGB-FT-15,Snap-In Vinyl Glazing Bead | AWDP-TI-57,1,0,visible,"Available in brown and white. Minimum order is 120 feet and is shipped in lengths of 6 feet (72""). For Capitol windows.","Available in brown and white. Minimum order is 120 feet and is shipped in lengths of 6 feet (72""). For Capitol windows.",,,taxable,,1,,,0,0,,,,,1,,,260.71,Glazing & Seals,"casement, awning, glazing, door",,https://www.allwindowdoorparts.com/wp-content/uploads/2023/01/TI-57.jpg,,,,,,,,,131,Details,"Color: Brown, White, Length: 120', 144', 192', 240', 360'",1,0,All Window Door Parts,AWDP-VGB-FT-15,Glazing & Seals,Marvin
,simple,AWDP-VGB-FE-68,Snap-In Vinyl Glazing Bead | AWDP-TI-20,1,0,visible,"Available in white. Minimum order is 120 feet and is shipped in lengths of 6 feet (72""). For Keller windows.","Available in white. Minimum order is 120 feet and is shipped in lengths of 6 feet (72""). For Keller windows.",,,taxable,,1,,,0,0,,,,,1,,,544.51,Glazing & Seals,"casement, awning, glazing, door",,https://www.allwindowdoorparts.com/wp-content/uploads/2023/01/TI-20.jpg,,,,,,,,,132,Details,"Length: 120', 144', 192', 240', 360'",1,0,All Window Door Parts,AWDP-VGB-FE-68,Glazing & Seals,Marvin
,simple,AWDP-VGB-FI-11,Snap-In Vinyl Glazing Bead | AWDP-TI-321,1,0,visible,"Available in black and white. Minimum order is 120 feet and is shipped in lengths of 6 feet (72""). For Alenco windows.","Available in black and white. Minimum order is 120 feet and is shipped in lengths of 6 feet (72""). For Alenco windows.",,,taxable,,1,,,0,0,,,,,1,,,237.61,Glazing & Seals,"casement, awning, glazing, door",,https://www.allwindowdoorparts.com/wp-content/uploads/2023/01/TI-321.jpg,,,,,,,,,133,Details,"Color: Black, White, Length: 120', 144', 192', 240', 360'",1,0,All Window Door Parts,AWDP-VGB-FI-11,Glazing & Seals,
,simple,AWDP-VGB-FT-31,Snap-In Vinyl Glazing Bead | AWDP-TI-613,1,0,visible,"Available in white. Minimum order is 120 feet and is shipped in lengths of 6 feet (72"").","Available in white. Minimum order is 120 feet and is shipped in lengths of 6 feet (72"").",,,taxable,,1,,,0,0,,,,,1,,,247.54,Glazing & Seals,"casement, awning, glazing, door",,https://www.allwindowdoorparts.com/wp-content/uploads/2023/01/TI-613.jpg,,,,,,,,,134,Details,"Length: 120', 144', 192', 240', 360'",1,0,Truth/Entrygard,AWDP-VGB-FT-31,Glazing & Seals,"Truth, Entrygard, Silverline"
,simple,AWDP-VGB-FT-15,Snap-In Vinyl Glazing Bead | AWDP-TI-466,1,0,visible,"Available in white. Minimum order is 120 feet and is shipped in lengths of 6 feet (72"").","Available in white. Minimum order is 120 feet and is shipped in lengths of 6 feet (72"").",,,taxable,,1,,,0,0,,,,,1,,,247.59,Glazing & Seals,"casement, awning, glazing, door",,https://www.allwindowdoorparts.com/wp-content/uploads/2023/01/TI-466.jpg,,,,,,,,,135,Details,"Length: 120', 144', 192', 240', 360'",1,0,All Window Door Parts,AWDP-VGB-FT-15,Glazing & Seals,Norco
,simple,AWDP-VGB-FI-77,Snap-In Vinyl Glazing Bead | AWDP-TI-350,1,0,visible,"Available in bronze and white. Minimum order is 120 feet and is shipped in lengths of 6 feet (72"").","Available in bronze and white. Minimum order is 120 feet and is shipped in lengths of 6 feet (72"").",,,taxable,,1,,,0,0,,,,,1,,,237.61,Glazing & Seals,"casement, awning, weatherstrip, glazing, door",,https://www.allwindowdoorparts.com/wp-content/uploads/2023/01/TI-350.jpg,,,,,,,,,136,Details,"Color: Bronze, White, Length: 120', 144', 192', 240', 360'",1,0,All Window Door Parts,AWDP-VGB-FI-77,Glazing & Seals,
,simple,AWDP-VI-35,Snap-In Vinyl Glazing Bead | AWDP-LEE-17870,1,0,visible,"Available in bronze and white. Minimum order is 120 feet and is shipped in lengths of 6 feet (72"").","Available in bronze and white. Minimum order is 120 feet and is shipped in lengths of 6 feet (72"").",,,taxable,,1,,,0,0,,,,,1,,,306.90,Glazing & Seals,"casement, awning, glazing, door",,https://www.allwindowdoorparts.com/wp-content/uploads/2022/12/LEE-17870.jpg,,,,,,,,,137,Details,"Color: Bronze, White, Length: 120', 144', 192', 240', 360'",1,0,Truth/Entrygard,AWDP-VI-35,Glazing & Seals,"Truth, Norco"
,simple,AWDP-VGB-FI-77,Snap-In Vinyl Glazing Bead | AWDP-LEE-18492,1,0,visible,"Available in white. Minimum order is 120 feet and is shipped in lengths of 6 feet (72"").","Available in white. Minimum order is 120 feet and is shipped in lengths of 6 feet (72"").",,,taxable,,1,,,0,0,,,,,1,,,260.17,Glazing & Seals,"casement, awning, glazing, door",,https://www.allwindowdoorparts.com/wp-content/uploads/2022/12/LEE-18492.jpg,,,,,,,,,138,Details,"Length: 120', 144', 192', 240', 360'",1,0,Truth/Entrygard,AWDP-VGB-FI-77,Glazing & Seals,"Truth, Simonton"
,simple,AWDP-TI-516,Snap-In Vinyl Glazing Bead | AWDP-LEE-17190,1,0,visible,"Available in white. Minimum order is 120 feet and is shipped in lengths of 6 feet (72"").","Available in white. Minimum order is 120 feet and is shipped in lengths of 6 feet (72"").",,,taxable,,1,,,0,0,,,,,1,,,270.61,Glazing & Seals,"casement, awning, glazing, door",,https://www.allwindowdoorparts.com/wp-content/uploads/2022/12/LEE-17190.jpg,,,,,,,,,139,Details,"Length: 120', 144', 192', 240', 360'",1,0,All Window Door Parts,AWDP-TI-516,Glazing & Seals,Marvin
,simple,AWDP-TI-492,Snap-In Vinyl Glazing Bead | AWDP-TI-352,1,0,visible,"Available in white. Minimum order is 120 feet and is shipped in lengths of 6 feet (72"").","Available in white. Minimum order is 120 feet and is shipped in lengths of 6 feet (72"").",,,taxable,,1,,,0,0,,,,,1,,,247.51,Glazing & Seals,"casement, awning, glazing, door",,https://www.allwindowdoorparts.com/wp-content/uploads/2022/12/TI-352.jpg,,,,,,,,,140,Details,"Length: 120', 144', 192', 240', 360'",1,0,Oldach,AWDP-TI-492,Glazing & Seals,Marvin
,simple,AWDP-TI-533,Snap-In Vinyl Glazing Bead | AWDP-TI-4,1,0,visible,"Available in bronze, light gray and white. Minimum order is 120 feet and is shipped in lengths of 6 feet (72"").","Available in bronze, light gray and white. Minimum order is 120 feet and is shipped in lengths of 6 feet (72"").",,,taxable,,1,,,0,0,,,,,1,,,214.50,Glazing & Seals,"casement, awning, glazing, door",,https://www.allwindowdoorparts.com/wp-content/uploads/2022/12/TI-4.jpg,,,,,,,,,141,Details,"Color: Bronze, Light Gray, White, Length: 120', 144', 192', 240', 360'",1,0,All Window Door Parts,AWDP-TI-533,Glazing & Seals,"Norco, Silverline"
,simple,AWDP-TI-533,Snap-In Vinyl Glazing Bead | AWDP-LEE-16344,1,0,visible,"Available in black, dark bronze, gray and white. Minimum order is 120 feet and is shipped in lengths of 6 feet (72"").","Available in black, dark bronze, gray and white. Minimum order is 120 feet and is shipped in lengths of 6 feet (72"").",,,taxable,,1,,,0,0,,,,,1,,,227.70,Glazing & Seals,"casement, awning, glazing, door",,https://www.allwindowdoorparts.com/wp-content/uploads/2022/12/LEE-16344-1.jpg,,,,,,,,,142,Details,"Color: Black, Dark Bronze, Gray, White, Length: 120', 144', 192', 240', 360'",1,0,Oldach,AWDP-TI-533,Glazing & Seals,"Pella, Peachtree, Oldach"
,simple,AWDP-VGB-FI-11,Snap-In Vinyl Glazing Bead | AWDP-LEE-16422,1,0,visible,"Available in black, dark bronze, gray and white. Minimum order is 120 feet and is shipped in lengths of 6 feet (72"").","Available in black, dark bronze, gray and white. Minimum order is 120 feet and is shipped in lengths of 6 feet (72"").",,,taxable,,1,,,0,0,,,,,1,,,237.61,Glazing & Seals,"casement, awning, glazing, door",,https://www.allwindowdoorparts.com/wp-content/uploads/2022/12/LEE-16422.jpg,,,,,,,,,143,Details,"Color: Black, Dark Bronze, Gray, White, Length: 120', 144', 192', 240', 360'",1,0,All Window Door Parts,AWDP-VGB-FI-11,Glazing & Seals,
,simple,AWDP-TI-365,Snap-In Vinyl Glazing Bead | AWDP-LEE-16724,1,0,visible,"Available in bronze and white. Minimum order is 120 feet and is shipped in lengths of 6 feet (72"").","Available in bronze and white. Minimum order is 120 feet and is shipped in lengths of 6 feet (72"").",,,taxable,,1,,,0,0,,,,,1,,,225.72,Glazing & Seals,"casement, awning, weatherstrip, glazing, door",,https://www.allwindowdoorparts.com/wp-content/uploads/2022/12/LEE-16724.jpg,,,,,,,,,144,Details,"Color: Bronze, White, Length: 120', 144', 192', 240', 360'",1,0,All Window Door Parts,AWDP-TI-365,Glazing & Seals,Silverline
,simple,AWDP-TB-1,Snap-In Vinyl Glazing Bead | AWDP-LEE-14895,1,0,visible,"Available in black and white. Minimum order is 120 feet and is shipped in lengths of 6 feet (72"").","Available in black and white. Minimum order is 120 feet and is shipped in lengths of 6 feet (72"").",,,taxable,,1,,,0,0,,,,,1,,,194.71,Glazing & Seals,"casement, awning, glazing, door",,https://www.allwindowdoorparts.com/wp-content/uploads/2022/12/LEE-14895.jpg,,,,,,,,,145,Details,"Color: Black, White, Length: 120', 144', 192', 240', 360'",1,0,All Window Door Parts,AWDP-TB-1,Glazing & Seals,
,simple,AWDP-TI-533,Snap-In Vinyl Glazing Bead | AWDP-LEE-11480,1,0,visible,"Available in brown and white. Minimum order is 120 feet and is shipped in lengths of 6 feet (72"").","Available in brown and white. Minimum order is 120 feet and is shipped in lengths of 6 feet (72"").",,,taxable,,1,,,0,0,,,,,1,,,227.71,Glazing & Seals,"casement, awning, weatherstrip, glazing, door",,https://www.allwindowdoorparts.com/wp-content/uploads/2022/12/LEE-11480.jpg,,,,,,,,,146,Details,"Color: Brown, White, Length: 120', 144', 192', 240', 360'",1,0,Oldach,AWDP-TI-533,Glazing & Seals,Oldach
,simple,AWDP-TI-456,Snap-In Vinyl Glazing Bead | AWDP-LEE-16303,1,0,visible,"Available in gray and white. Minimum order is 120 feet and is shipped in lengths of 6 feet (72"").","Available in gray and white. Minimum order is 120 feet and is shipped in lengths of 6 feet (72"").",,,taxable,,1,,,0,0,,,,,1,,,204.61,Glazing & Seals,"casement, awning, screen, glazing, door",,https://www.allwindowdoorparts.com/wp-content/uploads/2022/12/LEE-16303.jpg,,,,,,,,,147,Details,"Color: Gray, White, Length: 120', 144', 192', 240', 360'",1,0,All Window Door Parts,AWDP-TI-456,Glazing & Seals,
,simple,AWDP-TB-1,Snap-In Vinyl Glazing Bead | AWDP-TI-78,1,0,visible,"Available in black and white. Minimum order is 120 feet and is shipped in lengths of 6 feet (72"").","Available in black and white. Minimum order is 120 feet and is shipped in lengths of 6 feet (72"").",,,taxable,,1,,,0,0,,,,,1,,,194.71,Glazing & Seals,"casement, awning, glazing, door",,https://www.allwindowdoorparts.com/wp-content/uploads/2022/12/TI-78.jpg,,,,,,,,,148,Details,"Color: Black, White, Length: 120', 144', 192', 240', 360'",1,0,All Window Door Parts,AWDP-TB-1,Glazing & Seals,
,simple,AWDP-TI-516,Snap-In Vinyl Glazing Bead | AWDP-TI-69,1,0,visible,"Available in brown and white. Minimum order is 120 feet and is shipped in lengths of 6 feet (72"").","Available in brown and white. Minimum order is 120 feet and is shipped in lengths of 6 feet (72"").",,,taxable,,1,,,0,0,,,,,1,,,194.71,Glazing & Seals,"casement, awning, glazing, door",,https://www.allwindowdoorparts.com/wp-content/uploads/2022/12/TI-69-2.jpg,,,,,,,,,149,Details,"Color: Brown, White, Length: 120', 144', 192', 240', 360'",1,0,All Window Door Parts,AWDP-TI-516,Glazing & Seals,
,simple,AWDP-VGB-FE-68,Snap-In Vinyl Glazing Bead | AWDP-TI-8,1,0,visible,"Available in brown and white. Minimum order is 120 feet and is shipped in lengths of 6 feet (72"").","Available in brown and white. Minimum order is 120 feet and is shipped in lengths of 6 feet (72"").",,,taxable,,1,,,0,0,,,,,1,,,306.91,Glazing & Seals,"casement, awning, screen, glazing, door",,https://www.allwindowdoorparts.com/wp-content/uploads/2022/12/TI-8-1.jpg,,,,,,,,,150,Details,"Color: Brown, White, Length: 120', 144', 192', 240', 360'",1,0,All Window Door Parts,AWDP-VGB-FE-68,Glazing & Seals,Marvin
,simple,AWDP-TI-492,Snap-In Vinyl Glazing Bead | AWDP-TI-26,1,0,visible,"Available in dark gray and white. Minimum order is 120 feet and is shipped in lengths of 6 feet (72"").","Available in dark gray and white. Minimum order is 120 feet and is shipped in lengths of 6 feet (72"").",,,taxable,,1,,,0,0,,,,,1,,,181.51,Glazing & Seals,"casement, awning, glazing, door",,https://www.allwindowdoorparts.com/wp-content/uploads/2022/12/TI-26-1.jpg,,,,,,,,,151,Details,"Color: Dark Gray, White, Length: 120', 144', 192', 240', 360'",1,0,All Window Door Parts,AWDP-TI-492,Glazing & Seals,
,simple,AWDP-OA-137,Window and Door Hardware Parts | Get Free Parts ID Help,1,0,visible,"Trying to ID a part for those old windows or doors? Locks, lifts, latches, balances, mortise locks, Multipoint parts- can't find the item you're in need of? Depend on us for answers. Find a source for your project repair or replacement parts. Our Product Research Department can help. We have resourc","Trying to ID a part for those old windows or doors? Locks, lifts, latches, balances, mortise locks, Multipoint parts- can't find the item you're in need of? Depend on us for answers. Find a source for your project repair or replacement parts. Our Product Research Department can help. We have resources and access to our industry's most knowledgeable and comprehensive product parts PDFs and a research staff second to none! For more information about how we can identify the hard-to-find parts you need, see the Product ID Help .",,,taxable,,1,,,0,0,,,,,1,,,0.00,Door Hardware,"balance, lock, door",,https://www.allwindowdoorparts.com/wp-content/uploads/2022/12/Generic.jpg,,,,,,,,,152,,,1,0,All Window Door Parts,AWDP-OA-137,Door Hardware,
,simple,AWDP-HSW-12-16,Deer Stand Hunting Blind Doors | 30” x 60″,1,0,visible,"Available in tan and in sizes 30"" x 60"", 30"" x 72"" and 36"" x 72"".","Available in tan and in sizes 30"" x 60"", 30"" x 72"" and 36"" x 72"".",,,taxable,,1,,,0,0,,,,,1,,,588.88,Deer Blind Windows,"lock, door",,https://www.allwindowdoorparts.com/wp-content/uploads/2022/12/UM-2466.jpg,,,,,,,,,153,Details,"Size: 30"" x 60"", 30"" x 72"", 36"" x 72""",1,0,All Window Door Parts,AWDP-HSW-12-16,Deer Blind Windows,
,simple,AWDP-HBSUW,Deer-Blind Hunting Stand Door | 24” x 60″,1,0,visible,"Available in 24"" x 60"" olive green or 30"" x 40"" tan.","Available in 24"" x 60"" olive green or 30"" x 40"" tan.",,,taxable,,1,,,0,0,,,,,1,,,428.88,Deer Blind Windows,"lock, door",,https://www.allwindowdoorparts.com/wp-content/uploads/2022/12/UM-2465.jpg,,,,,,,,,154,Details,"Size: 24"" x 60"" Olive Green, 30"" x 40"" Tan",1,0,All Window Door Parts,AWDP-HBSUW,Deer Blind Windows,
,simple,AWDP-UM-2464,Single Hung Deer Hunting Blind Vinyl Insulated Slide Up Windows,1,0,visible,"Available with clear insulated glass. All measurements are W x H 24"" x 26"" 30"" x 36""","Available with clear insulated glass. All measurements are W x H 24"" x 26"" 30"" x 36""",,,taxable,,1,,,0,0,,,,,1,,,288.88,Deer Blind Windows,"balance, lock, door",,https://www.allwindowdoorparts.com/wp-content/uploads/2022/12/VISUP.jpg,,,,,,,,,155,Details,"Size: 24"" x 26"", 30"" x 36""",1,0,All Window Door Parts,AWDP-UM-2464,Deer Blind Windows,
,simple,AWDP-EA-DBW,Single Hung Hunting Blind Slide Up Windows,1,0,visible,"Available with standard clear glass or gray tinted glass. All measurements are W x H 12"" x 24"" (2 pack) 16"" x 24"" (2 pack) 24"" x 24"" (2 pack) 24"" x 36"" (2 pack)","Available with standard clear glass or gray tinted glass. All measurements are W x H 12"" x 24"" (2 pack) 16"" x 24"" (2 pack) 24"" x 24"" (2 pack) 24"" x 36"" (2 pack)",,,taxable,,1,,,0,0,,,,,1,,,198.88,Deer Blind Windows,"hinge, door",,https://www.allwindowdoorparts.com/wp-content/uploads/2022/04/HSW-12-16-1.jpg,,,,,,,,,156,Details,"Glass: Gray Tinted Glass, Standard Clear Glass, Size: 12"" x 24"" (2 pack), 16"" x 24"" (2 pack), 24"" x 24"" (2 pack), 24"" x 36"" (2 pack)",1,0,All Window Door Parts,AWDP-EA-DBW,Deer Blind Windows,
,simple,AWDP-HSW-18-24,Horizontal Deer Blind Slider Windows,1,0,visible,"Available with standard clear glass or gray tinted glass. All measurements are W x H 16"" x 11.5"" (1, 2 or 3 pack) 24"" x 11.5"" (1, 2, or 3 pack) 32"" x 11.5"" (1 or 2 pack) 36"" x 11.5"" (1 or 2 pack) 42"" x 11.5"" (1 or 2 pack) 48"" x 11.5"" (1 or 2 pack) 54"" x 11.5"" (1 or 2 pack) 60"" x 11.5"" (1 or 2 pack) ","Available with standard clear glass or gray tinted glass. All measurements are W x H 16"" x 11.5"" (1, 2 or 3 pack) 24"" x 11.5"" (1, 2, or 3 pack) 32"" x 11.5"" (1 or 2 pack) 36"" x 11.5"" (1 or 2 pack) 42"" x 11.5"" (1 or 2 pack) 48"" x 11.5"" (1 or 2 pack) 54"" x 11.5"" (1 or 2 pack) 60"" x 11.5"" (1 or 2 pack) 72"" x 11.5"" (1 or 2 pack)",,,taxable,,1,,,0,0,,,,,1,,,91.50,Deer Blind Windows,"hinge, door",,https://www.allwindowdoorparts.com/wp-content/uploads/2022/12/deerblind.jpg,,,,,,,,,157,Details,"Glass: Gray Tinted Glass, Standard Clear Glass, Size: 16"" x 11.5""  (1 pack), 16"" x 11.5""  (2 pack), 16"" x 11.5""  (3 pack), 24"" x 11.5"" (1 pack), 24"" x 11.5"" (2 pack), 24"" x 11.5"" (3 pack), 32"" x 11.5"" (1 pack), 32"" x 11.5"" (2 pack), 36"" x 11.5"" (1 pack), 36"" x 11.5"" (2 pack), 42"" x 11.5"" (1 pack), 42"" x 11.5"" (2 pack), 48"" x 11.5"" (1 pack), 48"" x 11.5"" (2 pack), 54"" x 11.5"" (1 pack), 54"" x 11.5"" (2 pack), 60"" x 11.5"" (1 pack), 60"" x 11.5"" (2 pack), 72"" x 11.5"" (1 pack), 72"" x 11.5"" (2 pack)",1,0,All Window Door Parts,AWDP-HSW-18-24,Deer Blind Windows,
,simple,AWDP-HBSUW,Deluxe Hinged Flip Open Deer-Blind Windows,1,0,visible,"Available with standard clear glass or gray tinted glass. All measurements are W x H 12"" x 12"" (2 or 4 pack) 24"" x 12"" (2 or 4 pack) 36"" x 12"" (2 or 3 pack) 48"" x 12"" (2 pack) 48"" x 16"" (2 pack) 60"" x 12"" (2 pack) 60"" x 16"" (2 pack)","Available with standard clear glass or gray tinted glass. All measurements are W x H 12"" x 12"" (2 or 4 pack) 24"" x 12"" (2 or 4 pack) 36"" x 12"" (2 or 3 pack) 48"" x 12"" (2 pack) 48"" x 16"" (2 pack) 60"" x 12"" (2 pack) 60"" x 16"" (2 pack)",,,taxable,,1,,,0,0,,,,,1,,,197.50,Deer Blind Windows,"weatherstrip, hinge, door",,https://www.allwindowdoorparts.com/wp-content/uploads/2022/04/HSW-12-16-4.jpg,,,,,,,,,158,Details,"Glass: Gray Tinted Glass, Standard Clear Glass, Size: 12"" x 12"" (2 pack), 12"" x 12"" (4 pack), 24"" x 12"" (2 pack), 24"" x 12"" (4 pack), 36"" x 12"" (2 pack), 36"" x 12"" (3 pack), 48"" x 12"" (2 pack), 48"" x 16"" (2 pack), 60"" x 12"" (2 pack), 60"" x 16"" (2 pack)",1,0,All Window Door Parts,AWDP-HBSUW,Deer Blind Windows,
,simple,AWDP-HSW-18-24,"Hunting Stand Deer Blind Windows Flip Open | 38""-48"" Wide",1,0,visible,"Available with standard clear glass or gray tinted glass. All measurements are W x H 48"" x 10"" (2 or 3 pack) 48"" x 12"" (2 or 3 pack)","Available with standard clear glass or gray tinted glass. All measurements are W x H 48"" x 10"" (2 or 3 pack) 48"" x 12"" (2 or 3 pack)",,,taxable,,1,,,0,0,,,,,1,,,158.88,Deer Blind Windows,"weatherstrip, hinge, lock, door",,https://www.allwindowdoorparts.com/wp-content/uploads/2022/04/HSW-12-16-1.jpg,,,,,,,,,159,Details,"Glass: Gray Tinted Glass, Standard Clear Glass, Size: 48"" x 10"" (2 pack), 48"" x 10"" (3 pack), 48"" x 12"" (2 pack), 48"" x 12"" (3 pack)",1,0,All Window Door Parts,AWDP-HSW-18-24,Deer Blind Windows,
,simple,AWDP-HSW-12-16,"Deer Hunting Stand Blind Windows Flip Open | 26""-36"" Wide",1,0,visible,"Available with standard clear glass or gray tinted glass. All measurements are W x H 36"" x 10"" (2 or 3 pack) 36"" x 12"" (2 or 3 pack)","Available with standard clear glass or gray tinted glass. All measurements are W x H 36"" x 10"" (2 or 3 pack) 36"" x 12"" (2 or 3 pack)",,,taxable,,1,,,0,0,,,,,1,,,128.88,Deer Blind Windows,"weatherstrip, hinge, lock, door",,https://www.allwindowdoorparts.com/wp-content/uploads/2022/04/HSW-12-16-4.jpg,,,,,,,,,160,Details,"Glass: Gray Tinted Glass, Standard Clear Glass, Size: 36"" x 10"" (2 pack), 36"" x 10"" (3 pack), 36"" x 12"" (2 pack), 36"" x 12"" (3 pack)",1,0,All Window Door Parts,AWDP-HSW-12-16,Deer Blind Windows,
,simple,AWDP-UM-2464,"Deer Blind Hunting Stand Windows | 18""-24"" Width",1,0,visible,"Available with standard clear glass or gray tinted glass. All measurements are W x H 24"" x 10"" (2 or 3 pack) 24"" x 12"" (2 or 3 pack)","Available with standard clear glass or gray tinted glass. All measurements are W x H 24"" x 10"" (2 or 3 pack) 24"" x 12"" (2 or 3 pack)",,,taxable,,1,,,0,0,,,,,1,,,128.88,Deer Blind Windows,"weatherstrip, hinge, lock, door",,https://www.allwindowdoorparts.com/wp-content/uploads/2022/04/HSW-12-16-3.jpg,,,,,,,,,161,Details,"Glass: Gray Tinted Glass, Standard Clear Glass, Size: 24"" x 10"" (2 pack), 24"" x 10"" (3 pack), 24"" x 12"" (2 pack), 24"" x 12"" (3 pack)",1,0,All Window Door Parts,AWDP-UM-2464,Deer Blind Windows,
,simple,AWDP-TI-367,Snap-In Metal Glazing Bead | AWDP-TI-500,1,0,visible,"Width: 1 1/16"" Available in mill and white. Sold in lengths of 6 feet (72″) with a minimum order of 120 lineal feet.","Width: 1 1/16"" Available in mill and white. Sold in lengths of 6 feet (72″) with a minimum order of 120 lineal feet.",,,taxable,,1,,,0,0,,,,,1,,,301.82,Glazing & Seals,"glazing, door",,https://www.allwindowdoorparts.com/wp-content/uploads/2022/11/TI-500.jpg,,,,,,,,,162,Details,"Color: Mill, White, Length: 120', 144', 192', 240', 360'",1,0,All Window Door Parts,AWDP-TI-367,Glazing & Seals,
,simple,AWDP-TI-456,Snap-In Metal Glazing Bead | AWDP-TI-495,1,0,visible,"Width: 1"" Available in mill and white. Sold in lengths of 6 feet (72″) with a minimum order of 120 lineal feet.","Width: 1"" Available in mill and white. Sold in lengths of 6 feet (72″) with a minimum order of 120 lineal feet.",,,taxable,,1,,,0,0,,,,,1,,,299.12,Glazing & Seals,"weatherstrip, glazing, door",,https://www.allwindowdoorparts.com/wp-content/uploads/2022/11/TI-495.jpg,,,,,,,,,163,Details,"Color: Mill, White, Length: 120', 144', 192', 240', 360'",1,0,Oldach,AWDP-TI-456,Glazing & Seals,Oldach
,simple,AWDP-TI-516,Snap-In Metal Glazing Bead | AWDP-TI-507,1,0,visible,"Width: 13/16"" Available in aluminum, brown and white. Sold in lengths of 6 feet (72″) with a minimum order of 120 lineal feet.","Width: 13/16"" Available in aluminum, brown and white. Sold in lengths of 6 feet (72″) with a minimum order of 120 lineal feet.",,,taxable,,1,,,0,0,,,,,1,,,251.78,Glazing & Seals,"glazing, door",,https://www.allwindowdoorparts.com/wp-content/uploads/2022/11/TI-507.jpg,,,,,,,,,164,Details,"Color: Aluminum, Brown, White, Length: 120', 144', 192', 240', 360'",1,0,All Window Door Parts,AWDP-TI-516,Glazing & Seals,
,simple,AWDP-TI-90,Snap-In Metal Glazing Bead | AWDP-TI-496,1,0,visible,"Width: 3/4"" Available in black, bronze, mill and white. Sold in lengths of 6 feet (72″) with a minimum order of 120 lineal feet.","Width: 3/4"" Available in black, bronze, mill and white. Sold in lengths of 6 feet (72″) with a minimum order of 120 lineal feet.",,,taxable,,1,,,0,0,,,,,1,,,239.81,Glazing & Seals,"glazing, door",,https://www.allwindowdoorparts.com/wp-content/uploads/2022/11/TI-496.jpg,,,,,,,,,165,Details,"Color: Black, Bronze, Mill, White, Length: 120', 144', 192', 240', 360'",1,0,All Window Door Parts,AWDP-TI-90,Glazing & Seals,Silverline
,simple,AWDP-TI-67,Snap-In Metal Glazing Bead | AWDP-TI-491,1,0,visible,"Width: 1 1/4"" Available in aluminum, black, bronze. Sold in lengths of 6 feet (72″) with a minimum order of 120 lineal feet.","Width: 1 1/4"" Available in aluminum, black, bronze. Sold in lengths of 6 feet (72″) with a minimum order of 120 lineal feet.",,,taxable,,1,,,0,0,,,,,1,,,359.11,Glazing & Seals,"glazing, door",,https://www.allwindowdoorparts.com/wp-content/uploads/2022/11/TI-491.jpg,,,,,,,,,166,Details,"Color: Aluminum, Black, Bronze, Length: 120', 144', 192', 240', 360'",1,0,Truth/Entrygard,AWDP-TI-67,Glazing & Seals,"Truth, Marvin"
,simple,AWDP-HWRE-25,Marvin D/H Window V169 Foam Weatherstrip,1,0,visible,"Available in beige. Shipped in lengths of 79"" each.","Available in beige. Shipped in lengths of 79"" each.",,,taxable,,1,,,0,0,,,,,1,,,188.88,Weatherstripping & Seals,"weatherstrip, door",,https://www.allwindowdoorparts.com/wp-content/uploads/2022/04/PAEE-2982-1.jpg,,,,,,,,,167,Details,"Quantity: 8, 10, 14, 20",1,0,All Window Door Parts,AWDP-HWRE-25,Weatherstripping & Seals,Marvin
,simple,AWDP-JLK,"Truth EntryGard Dual Arm Casement Window Operator | 3 3/4""",1,0,visible,"Long arm length: 10 1/2"" Short arm length: 3 3/4"" Handing available as shown or opposite. Link offset up and clip postion on top.","Long arm length: 10 1/2"" Short arm length: 3 3/4"" Handing available as shown or opposite. Link offset up and clip postion on top.",,,taxable,,1,,,0,0,,,,,1,,,70.96,Window Operators & Cranks,"casement, awning, operator, hinge, door",,https://www.allwindowdoorparts.com/wp-content/uploads/2022/11/OT-186-2.jpg,,,,,,,,,168,Details,"Handing: Opposite, Shown",1,0,Truth/Entrygard,AWDP-JLK,Window Operators & Cranks,Truth
,simple,AWDP-PETT-0999,"Truth EntryGard Dual Arm Casement Window Operator | 2 7/8""",1,0,visible,"Long arm length: 10 1/2"" Short arm length: 2 7/8"" Handing available as shown or opposite. Link offset up and clip postion on top.","Long arm length: 10 1/2"" Short arm length: 2 7/8"" Handing available as shown or opposite. Link offset up and clip postion on top.",,,taxable,,1,,,0,0,,,,,1,,,71.02,Window Operators & Cranks,"casement, awning, operator, hinge, door",,https://www.allwindowdoorparts.com/wp-content/uploads/2022/11/OT-183-2.jpg,,,,,,,,,169,Details,"Handing: Opposite, Shown",1,0,Truth/Entrygard,AWDP-PETT-0999,Window Operators & Cranks,Truth
,simple,AWDP-PETT-0999,"Truth Single Arm Rear Mount Casement Operator | 13 1/2""",1,0,visible,"Arm length: 13 1/2"" Available in aluminum, black, bronze, brush copper nickel, chestnut bronze and white. Handle sold separately.","Arm length: 13 1/2"" Available in aluminum, black, bronze, brush copper nickel, chestnut bronze and white. Handle sold separately.",,,taxable,,1,,,0,0,,,,,1,,,91.26,Window Operators & Cranks,"casement, operator, roller, door",,https://www.allwindowdoorparts.com/wp-content/uploads/2022/11/OT-439-2.jpg,,,,,,,,,170,Details,"Color: Aluminum, Black, Bronze, Brush Copper Nickel, Chestnut Bronze, White, Handing: Opposite, Shown",1,0,Truth/Entrygard,AWDP-PETT-0999,Window Operators & Cranks,Truth
,simple,AWDP-RFPO,"Truth Single Arm Rear Mount Casement Operator | 9 1/2""",1,0,visible,"Arm length: 9 1/2"" Available in new satin nickel, chestnut bronze and white. Handle sold separately.","Arm length: 9 1/2"" Available in new satin nickel, chestnut bronze and white. Handle sold separately.",,,taxable,,1,,,0,0,,,,,1,,,198.88,Window Operators & Cranks,"casement, operator, roller, door",,https://www.allwindowdoorparts.com/wp-content/uploads/2022/11/OT-444-2.jpg,,,,,,,,,171,Details,"Color: New Satin Nickel, Chestnut Bronze, White, Handing: Opposite, Shown",1,0,Truth/Entrygard,AWDP-RFPO,Window Operators & Cranks,Truth
,simple,AWDP-PAEE-2982A,"Truth Rear Mount Single Arm Casement Operator | 11""",1,0,visible,"Arm length: 11"" Available in black, chestnut bronze and white.","Arm length: 11"" Available in black, chestnut bronze and white.",,,taxable,,1,,,0,0,,,,,1,,,107.31,Window Operators & Cranks,"operator, roller, door",,https://www.allwindowdoorparts.com/wp-content/uploads/2022/10/OT-226-1.jpg,,,,,,,,,172,Details,"Color: Black, Chestnut Bronze, White, Handing: Shown, Opposite",1,0,Truth/Entrygard,AWDP-PAEE-2982A,Window Operators & Cranks,Truth
,simple,AWDP-BT-511,"Truth Rear Mount Single Arm Casement Operator | 9""",1,0,visible,"Arm length: 9"" Available in brushed copper nickel and white.","Arm length: 9"" Available in brushed copper nickel and white.",,,taxable,,1,,,0,0,,,,,1,,,105.64,Window Operators & Cranks,"operator, roller, door",,https://www.allwindowdoorparts.com/wp-content/uploads/2022/10/OT-224-1.jpg,,,,,,,,,173,Details,"Color: Brushed Copper Nickel, White, Handing: Shown, Opposite",1,0,Truth/Entrygard,AWDP-BT-511,Window Operators & Cranks,Truth
,simple,AWDP-SC,"Truth Front Mount Single Arm Casement Operator | 11""",1,0,visible,"Arm length: 11"" Available in aluminum, bronze, chestnut bronze, clay and white.","Arm length: 11"" Available in aluminum, bronze, chestnut bronze, clay and white.",,,taxable,,1,,,0,0,,,,,1,,,103.51,Window Operators & Cranks,"operator, roller, door",,https://www.allwindowdoorparts.com/wp-content/uploads/2022/10/OT-222-1.jpg,,,,,,,,,174,Details,"Color: Aluminum, Bronze, Chestnut Bronze, Clay, White, Handing: Shown, Opposite",1,0,Truth/Entrygard,AWDP-SC,Window Operators & Cranks,Truth
,simple,AWDP-C29-95775,"Truth Front Mount Single Arm Casement Operator | 9""",1,0,visible,"Arm length: 9"" Available in aluminum, chestnut bronze and white.","Arm length: 9"" Available in aluminum, chestnut bronze and white.",,,taxable,,1,,,0,0,,,,,1,,,101.72,Window Operators & Cranks,"operator, roller, door",,https://www.allwindowdoorparts.com/wp-content/uploads/2022/10/OT-220-1.jpg,,,,,,,,,175,Details,"Color: Aluminum, Chestnut Bronze, White, Handing: Shown, Opposite",1,0,Truth/Entrygard,AWDP-C29-95775,Window Operators & Cranks,Truth
,simple,AWDP-QWS-FFE,Truth 3 ft Pole Extension,1,0,visible,Used with Truth telescoping pole # AWDP-PE-637 .,Used with Truth telescoping pole # AWDP-PE-637 .,,,taxable,,1,,,0,0,,,,,1,,,77.47,Window Operators & Cranks,door,,https://www.allwindowdoorparts.com/wp-content/uploads/2022/10/OE-681.jpg,,,,,,,,,176,,,1,0,Truth/Entrygard,AWDP-QWS-FFE,Window Operators & Cranks,Truth
,simple,AWDP-AWO,"Casement Window Operator Track | 11 3/8""",1,0,visible,Used with operator # AWDP-PI-94 .,Used with operator # AWDP-PI-94 .,,,taxable,,1,,,0,0,,,,,1,,,14.35,Window Operators & Cranks,"operator, door",,https://www.allwindowdoorparts.com/wp-content/uploads/2022/10/OE-706-1.jpg,,,,,,,,,177,,,1,0,Truth/Entrygard,AWDP-AWO,Window Operators & Cranks,Truth
,simple,AWDP-PETT-0999,"Truth EntryGard Plastic Operator Cover | 5.22""",1,0,visible,"Available in beige, bronze, chestnut bronze, clay, coppertone, gold and white. Used with the following operators: # AWDP-PI-10 # AWDP-PI-11 # AWDP-PI-15 # AWDP-PI-16 # AWDP-PI-94","Available in beige, bronze, chestnut bronze, clay, coppertone, gold and white. Used with the following operators: # AWDP-PI-10 # AWDP-PI-11 # AWDP-PI-15 # AWDP-PI-16 # AWDP-PI-94",,,taxable,,1,,,0,0,,,,,1,,,11.51,Window Operators & Cranks,"operator, door",,https://www.allwindowdoorparts.com/wp-content/uploads/2022/10/PE-341-1.jpg,,,,,,,,,178,Details,"Color: Beige, Bronze, Chestnut Bronze, Clay, Coppertone, Gold, White",1,0,Truth/Entrygard,AWDP-PETT-0999,Window Operators & Cranks,Truth
,simple,AWDP-PETT-0999,Truth Contour Handle,1,0,visible,"Available in beige, bronze, chestnut bronze, clay, coppertone, gold and white. Fits Truth hardware used in many windows- see below for compatible operators.","Available in beige, bronze, chestnut bronze, clay, coppertone, gold and white. Fits Truth hardware used in many windows- see below for compatible operators.",,,taxable,,1,,,0,0,,,,,1,,,16.03,Window Operators & Cranks,"casement, awning, operator, door",,https://www.allwindowdoorparts.com/wp-content/uploads/2022/10/PP-454-1.jpg,,,,,,,,,179,Details,"Color: Beige, Bronze, Chestnut Bronze, Clay, Coppertone, Gold, White",1,0,Truth/Entrygard,AWDP-PETT-0999,Window Operators & Cranks,Truth
,simple,AWDP-TI-75,"Truth Window Operator Track | 16""",1,0,visible,Fits operator # AWDP-IP-00 .,Fits operator # AWDP-IP-00 .,,,taxable,,1,,,0,0,,,,,1,,,21.31,Hinges & Pivots,"awning, operator, door",,https://www.allwindowdoorparts.com/wp-content/uploads/2022/10/PP-577-1.jpg,,,,,,,,,180,,,1,0,Truth/Entrygard,AWDP-TI-75,Hinges & Pivots,Truth
,simple,AWDP-AWO,"Truth Window Operator Track | 14 1/2""",1,0,visible,"Fits operators # AWDP-IE-00 , # AWDP-IE-10 , # AWDP-IR-01 , # AWDP-IR-11 , and # AWDP-OT-467EN .","Fits operators # AWDP-IE-00 , # AWDP-IE-10 , # AWDP-IR-01 , # AWDP-IR-11 , and # AWDP-OT-467EN .",,,taxable,,1,,,0,0,,,,,1,,,20.76,Hinges & Pivots,"awning, operator, door",,https://www.allwindowdoorparts.com/wp-content/uploads/2022/10/PP-576-1.jpg,,,,,,,,,181,,,1,0,Truth/Entrygard,AWDP-AWO,Hinges & Pivots,Truth
,simple,AWDP-OA-220,"Truth Casement Window Operator Track | 13 3/4""",1,0,visible,Fits operator # AWDP-RO-01 .,Fits operator # AWDP-RO-01 .,,,taxable,,1,,,0,0,,,,,1,,,21.89,Hinges & Pivots,"casement, operator, door",,https://www.allwindowdoorparts.com/wp-content/uploads/2022/10/OE-175-1.jpg,,,,,,,,,182,,,1,0,Truth/Entrygard,AWDP-OA-220,Hinges & Pivots,Truth
,simple,AWDP-PETT-0999,"Truth Window Operator Track | 13 3/4""",1,0,visible,Fits operator # AWDP-PI-31 .,Fits operator # AWDP-PI-31 .,,,taxable,,1,,,0,0,,,,,1,,,19.67,Hinges & Pivots,"awning, operator, door",,https://www.allwindowdoorparts.com/wp-content/uploads/2022/10/OE-150-1.jpg,,,,,,,,,183,,,1,0,Truth/Entrygard,AWDP-PETT-0999,Hinges & Pivots,Truth
,simple,AWDP-QWS-FFE,"Truth Window Operator Track | 13 7/8""",1,0,visible,Fits operator # AWDP-RR-10 .,Fits operator # AWDP-RR-10 .,,,taxable,,1,,,0,0,,,,,1,,,22.07,Hinges & Pivots,"awning, operator, door",,https://www.allwindowdoorparts.com/wp-content/uploads/2022/10/OE-169-1.jpg,,,,,,,,,184,,,1,0,Truth/Entrygard,AWDP-QWS-FFE,Hinges & Pivots,Truth
,simple,AWDP-OT-173CV,"Truth Casement Operator Track | 11 3/8""",1,0,visible,"Fits operators # AWDP-PI-10 , # AWDP-PI-15 and # AWDP-PI-16 . Stainless steel version is used with stainless steel operator # AWDP-PI-10","Fits operators # AWDP-PI-10 , # AWDP-PI-15 and # AWDP-PI-16 . Stainless steel version is used with stainless steel operator # AWDP-PI-10",,,taxable,,1,,,0,0,,,,,1,,,21.93,Hinges & Pivots,"casement, operator, door",,https://www.allwindowdoorparts.com/wp-content/uploads/2022/10/OE-473-2.jpg,,,,,,,,,185,,,1,0,Truth/Entrygard,AWDP-OT-173CV,Hinges & Pivots,Truth
,simple,AWDP-RFPO,Truth Telescoping Pole Hook Drive | 6&#8242;-10&#8242;,1,0,visible,6 foot pole extends to 10 feet. Must be used to drive an operator with an eyelet applied.,6 foot pole extends to 10 feet. Must be used to drive an operator with an eyelet applied.,,,taxable,,1,,,0,0,,,,,1,,,205.75,Window Operators & Cranks,"operator, door",,https://www.allwindowdoorparts.com/wp-content/uploads/2022/05/PE-637-1.jpg,,,,,,,,,186,,,1,0,Truth/Entrygard,AWDP-RFPO,Window Operators & Cranks,Truth
,simple,AWDP-AWO,"Encore Single Arm Casement Operator | 12""",1,0,visible,"Available as operator only, or in colors of beige, bronze, chestnut bronze, clay, coppertone, gold and white. Ships with handle set and screws. Used with # AWDP-PF-12 hinge and # AWDP-PP-576 track (sold separately).","Available as operator only, or in colors of beige, bronze, chestnut bronze, clay, coppertone, gold and white. Ships with handle set and screws. Used with # AWDP-PF-12 hinge and # AWDP-PP-576 track (sold separately).",,,taxable,,1,,,0,0,,,,,1,,,81.06,Window Operators & Cranks,"casement, operator, hinge, door",,https://www.allwindowdoorparts.com/wp-content/uploads/2022/10/IR-11-1.jpg,,,,,,,,,187,Details,"Color: Operator Only, Beige, Bronze, Chestnut Bronze, Clay, Coppertone, Gold, White",1,0,Truth/Entrygard,AWDP-AWO,Window Operators & Cranks,"Truth, Entrygard"
,simple,AWDP-PT-52,"Maxim Awning Operator &#8211; Sill Mount | 14.5""",1,0,visible,"Available in beige, bronze, chestnut bronze, clay, coppertone, gold and white. Used with # AWDP-PO-14 or # AWDP-PO-15 hinge, and # AWDP-PP-577 track (sold separately).","Available in beige, bronze, chestnut bronze, clay, coppertone, gold and white. Used with # AWDP-PO-14 or # AWDP-PO-15 hinge, and # AWDP-PP-577 track (sold separately).",,,taxable,,1,,,0,0,,,,,1,,,121.82,Window Operators & Cranks,"operator, hinge, door",,https://www.allwindowdoorparts.com/wp-content/uploads/2022/10/IP-00-1.jpg,,,,,,,,,188,Details,"Color: Beige, Bronze, Chestnut Bronze, Clay, Coppertone, Gold, White",1,0,All Window Door Parts,AWDP-PT-52,Window Operators & Cranks,
,simple,AWDP-TE-727,"Pivot Shoe Roto Awning Operator | 27.75""",1,0,visible,"Available in bronze and white. Each arm is 11"" long. Ships with # AWDP-PP-454 crank handle and screws. Used with # AWDP-PO-14 or # AWDP-PO-15 awning window hinge, and # AWDP-OE-169 operator track.","Available in bronze and white. Each arm is 11"" long. Ships with # AWDP-PP-454 crank handle and screws. Used with # AWDP-PO-14 or # AWDP-PO-15 awning window hinge, and # AWDP-OE-169 operator track.",,,taxable,,1,,,0,0,,,,,1,,,158.88,Window Operators & Cranks,"awning, operator, hinge, door",,https://www.allwindowdoorparts.com/wp-content/uploads/2022/10/RR-10-1.jpg,,,,,,,,,189,Details,"Color: Bronze, White",1,0,Truth/Entrygard,AWDP-TE-727,Window Operators & Cranks,Truth
,simple,AWDP-SSWP,"Roto Awning Operator with Guide Bar | 24.75""",1,0,visible,"Available in bronze and gold. Ships with crank handle # AWDP-PP-454 , two shoe studs, and guide bar. Used with # AWDP-PO-15 awning window hinge.","Available in bronze and gold. Ships with crank handle # AWDP-PP-454 , two shoe studs, and guide bar. Used with # AWDP-PO-15 awning window hinge.",,,taxable,,1,,,0,0,,,,,1,,,152.77,Window Operators & Cranks,"awning, operator, hinge, door",,https://www.allwindowdoorparts.com/wp-content/uploads/2022/10/PP-16-1.jpg,,,,,,,,,190,Details,"Color: Bronze, Gold",1,0,Truth/Entrygard,AWDP-SSWP,Window Operators & Cranks,"Truth, Biltbest, Andersen, Pella, Marvin, Oldach"
,simple,AWDP-PA-19,"Double Pull Roto Awning Operator | 25""",1,0,visible,"Available in bronze, gold and white. Ships with crank handle # AWDP-PP-454 , two sash hooks and screws. Used with # AWDP-PO-15 awning window hinge.","Available in bronze, gold and white. Ships with crank handle # AWDP-PP-454 , two sash hooks and screws. Used with # AWDP-PO-15 awning window hinge.",,,taxable,,1,,,0,0,,,,,1,,,163.77,Window Operators & Cranks,"awning, operator, hinge, door",,https://www.allwindowdoorparts.com/wp-content/uploads/2022/10/PP-14.jpg,,,,,,,,,191,Details,"Color: Bronze, Gold, White",1,0,Truth/Entrygard,AWDP-PA-19,Window Operators & Cranks,Truth
,simple,AWDP-OT-154,"Single Pull Roto Awning Operator | 16.125""",1,0,visible,"Available in bronze, gold, and white. Ships with # AWDP-PP-454 crank handle, sash hook and screws. Used with # AWDP-PO-14 hinge.","Available in bronze, gold, and white. Ships with # AWDP-PP-454 crank handle, sash hook and screws. Used with # AWDP-PO-14 hinge.",,,taxable,,1,,,0,0,,,,,1,,,146.47,Window Operators & Cranks,"awning, operator, hinge, door",,https://www.allwindowdoorparts.com/wp-content/uploads/2022/10/PP-10-1.jpg,,,,,,,,,192,Details,"Color: Bronze, Gold, White",1,0,Truth/Entrygard,AWDP-OT-154,Window Operators & Cranks,Truth
,simple,AWDP-OA-220,"Single Pull Roto Awning Operator | 20.5""",1,0,visible,"Available in bronze, gold, and white. Ships with # AWDP-PP-454 crank handle, sash hook and screws. Used with # AWDP-PO-14 hinge.","Available in bronze, gold, and white. Ships with # AWDP-PP-454 crank handle, sash hook and screws. Used with # AWDP-PO-14 hinge.",,,taxable,,1,,,0,0,,,,,1,,,146.47,Window Operators & Cranks,"awning, operator, hinge, door",,https://www.allwindowdoorparts.com/wp-content/uploads/2022/10/PP-10-1.jpg,,,,,,,,,193,Details,"Color: Bronze, Gold, White",1,0,Truth/Entrygard,AWDP-OA-220,Window Operators & Cranks,Truth
,simple,AWDP-PT-52,"Double Pull Lever Awning Operator | 23.25""",1,0,visible,"To Order : Determine ""Y"" dimension. If less than 2"", order C plate. If 2"" or more, order F plate. Available in bronze, gold and white. Note: Opposite handing is available only in bronze. Ships with two sash hook and screws. Used with # AWDP-PO-15 awning window hinge.","To Order : Determine ""Y"" dimension. If less than 2"", order C plate. If 2"" or more, order F plate. Available in bronze, gold and white. Note: Opposite handing is available only in bronze. Ships with two sash hook and screws. Used with # AWDP-PO-15 awning window hinge.",,,taxable,,1,,,0,0,,,,,1,,,157.21,Window Operators & Cranks,"awning, hinge, door",,https://www.allwindowdoorparts.com/wp-content/uploads/2022/10/PE-11-1.jpg,,,,,,,,,194,Details,"Y Dimension: C Plate (less than 2""), C Plate Opposite Handing, F Plate (2"" or more), F Plate Opposite Handing, Color: Bronze, Gold, White",1,0,Truth/Entrygard,AWDP-PT-52,Window Operators & Cranks,Truth
,simple,AWDP-PA-19,"Single Pull Lever Awning Operator | 20.5""",1,0,visible,"To Order : Determine ""Y"" dimension. If less than 2"", order C plate. If 2"" or more, order F plate. Available in bronze, gold and white. Note: Opposite handing is available only in bronze and with F plate. Ships with sash hook and screws. Used with # AWDP-PO-15 awning window hinge.","To Order : Determine ""Y"" dimension. If less than 2"", order C plate. If 2"" or more, order F plate. Available in bronze, gold and white. Note: Opposite handing is available only in bronze and with F plate. Ships with sash hook and screws. Used with # AWDP-PO-15 awning window hinge.",,,taxable,,1,,,0,0,,,,,1,,,152.77,Window Operators & Cranks,"awning, operator, hinge, door",,https://www.allwindowdoorparts.com/wp-content/uploads/2022/10/PE-10-1.jpg,,,,,,,,,195,Details,"Y Dimension: C Plate (less than 2""), F Plate (2"" or more), Opposite Handing- F Plate (2"" or more), Color: Bronze, Gold, White",1,0,Truth/Entrygard,AWDP-PA-19,Window Operators & Cranks,Truth
,simple,AWDP-PA-19,Caradco Casement Window Sash Replacements,1,0,visible,"Replacement wood sashes, wood / clad sashes to replace damaged and rotten old Caradco casement, awning or double hung windows- does not need to be complicated. Everyone wants to sell you a whole house full of new windows when you only need a few windows repaired – why? See pictures and details and e","Replacement wood sashes, wood / clad sashes to replace damaged and rotten old Caradco casement, awning or double hung windows- does not need to be complicated. Everyone wants to sell you a whole house full of new windows when you only need a few windows repaired – why? See pictures and details and email us today. Normal production time for sashes is 25 – 35 working days ARO. Clad sashes are clad on the exterior side and raw on the interior side. This product is made with insulated glass as selected – either standard clear, Low-E, or Argon Gas filled and other options. Other clad colors may be available upon request. Other options available include: various types of grilles, muntin bars sealed in the glass, SDL BARS in Wood and Aluminum. Not included in this item. Sash reproductions are just that. New sashes are no longer available with the rubber ""boot glazing"" as with your old sashes. All sashes are now direct set glazed ( Insulated 5/8"" OD Glass ) set directly into the sash frame. Cl",,,taxable,,1,,,0,0,,,,,1,,,383.99,Window Operators & Cranks,"casement, awning, weatherstrip, glazing, door",,https://www.allwindowdoorparts.com/wp-content/uploads/2022/09/AWDP-CARCLAD-SASH-1.jpg,,,,,,,,,196,Details,"Size: 11 1/8"" x 21 1/8"", 11 1/8"" x 27 1/8"", 11 1/8"" x 33 1/8"", 11 1/8"" x 41 1/8"", 11 1/8"" x 47 1/8"", 11 1/8"" x 53 1/8"", 11 1/8"" x 59 1/8"", 11 1/8"" x 65 1/8"", 11 1/8"" x 71 1/8"", 15 1/8"" x 21 1/8"", 15 1/8"" x 27 1/8"", 15 1/8"" x 33 1/8"", 15 1/8"" x 41 1/8"", 15 1/8"" x 47 1/8"", 15 1/8"" x 53 1/8"", 15 1/8"" x 59 1/8"", 15 1/8"" x 65 1/8"", 15 1/8"" x 71 1/8"", 17 1/8"" x 21 1/8"", 17 1/8"" x 27 1/8"", 17 1/8"" x 33 1/8"", 17 1/8"" x 41 1/8"", 17 1/8"" x 47 1/8"", 17 1/8"" x 53 1/8"", 17 1/8"" x 59 1/8"", 17 1/8"" x 65 1/8"", 17 1/8"" x 71 1/8"", 19 1/8"" x 21 1/8"", 19 1/8"" x 27 1/8"", 19 1/8"" x 33 1/8"", 19 1/8"" x 41 1/8"", 19 1/8"" x 47 1/8"", 19 1/8"" x 53 1/8"", 19 1/8"" x 59 1/8"", 19 1/8"" x 65 1/8"", 19 1/8"" x 71 1/8"", 23 1/8"" x 21 1/8"", 23 1/8"" x 27 1/8"", 23 1/8"" x 33 1/8"", 23 1/8"" x 41 1/8"", 23 1/8"" x 47 1/8"", 23 1/8"" x 53 1/8"", 23 1/8"" x 59 1/8"", 23 1/8"" x 65 1/8"", 23 1/8"" x 71 1/8"", 27 1/8"" x 21 1/8"", 27 1/8"" x 27 1/8"", 27 1/8"" x 33 1/8"", 27 1/8"" x 41 1/8"", 27 1/8"" x 47 1/8"", 27 1/8"" x 53 1/8"", 27 1/8"" x 59 1/8"", 27 1/8"" x 65 1/8"", 27 1/8"" x 71 1/8"", Color: Bronze, Sandstone, White",1,0,Biltbest,AWDP-PA-19,Window Operators & Cranks,Biltbest
,simple,AWDP-TH-ROEAA,Built Best Replacement Casement Awning Window Sashes,1,0,visible,"OEM style casement and awning window sash replacements, Butt Joint Style, for old windows in wood or aluminum clad exteriors, standard insulated clear glass or Low-E Glass options. Your best way for those rotten wood sash replacements and repairs &#8211; exclusive casement window sash reproductions,","OEM style casement and awning window sash replacements, Butt Joint Style, for old windows in wood or aluminum clad exteriors, standard insulated clear glass or Low-E Glass options. Your best way for those rotten wood sash replacements and repairs &#8211; exclusive casement window sash reproductions, casement and awning sash kits and affordable window restoration answers from the AWDPGroup USA. Sash replacements available for shipping nationwide &#8211; replace damaged, rotten or broken wood sash units without an new mortgage. Normal production time for sashes is 25 – 35 working days ARO. Clad sashes are clad on the exterior side and raw on the interior side. This product is made with insulated glass as selected – either standard clear, Low-E, or Argon Gas filled and other options. Other clad colors may be available upon request. Other options available include: various types of grilles, muntin bars sealed in the glass, SDL BARS in Wood and Aluminum. Not included in this item. See below",,,taxable,,1,,,0,0,,,,,1,,,345.59,Window Operators & Cranks,"casement, awning, weatherstrip, door",,https://www.allwindowdoorparts.com/wp-content/uploads/2022/09/AWDP-SASH-WOOD-CLAD.jpg,,,,,,,,,197,Details,"Size: 11 1/8"" x 21 1/8"", 11 1/8"" x 27 1/8"", 11 1/8"" x 33 1/8"", 11 1/8"" x 41 1/8"", 11 1/8"" x 47 1/8"", 11 1/8"" x 53 1/8"", 11 1/8"" x 59 1/8"", 11 1/8"" x 65 1/8"", 11 1/8"" x 71 1/8"", 15 1/8"" x 21 1/8"", 15 1/8"" x 27 1/8"", 15 1/8"" x 33 1/8"", 15 1/8"" x 41 1/8"", 15 1/8"" x 47 1/8"", 15 1/8"" x 53 1/8"", 15 1/8"" x 59 1/8"", 15 1/8"" x 65 1/8"", 15 1/8"" x 71 1/8"", 17 1/8"" x 21 1/8"", 17 1/8"" x 27 1/8"", 17 1/8"" x 33 1/8"", 17 1/8"" x 41 1/8"", 17 1/8"" x 47 1/8"", 17 1/8"" x 53 1/8"", 17 1/8"" x 59 1/8"", 17 1/8"" x 65 1/8"", 17 1/8"" x 71 1/8"", 19 1/8"" x 21 1/8"", 19 1/8"" x 27 1/8"", 19 1/8"" x 33 1/8"", 19 1/8"" x 41 1/8"", 19 1/8"" x 47 1/8"", 19 1/8"" x 53 1/8"", 19 1/8"" x 59 1/8"", 19 1/8"" x 65 1/8"", 19 1/8"" x 71 1/8"", 23 1/8"" x 21 1/8"", 23 1/8"" x 27 1/8"", 23 1/8"" x 33 1/8"", 23 1/8"" x 41 1/8"", 23 1/8"" x 47 1/8"", 23 1/8"" x 53 1/8"", 23 1/8"" x 59 1/8"", 23 1/8"" x 65 1/8"", 23 1/8"" x 71 1/8"", 27 1/8"" x 21 1/8"", 27 1/8"" x 27 1/8"", 27 1/8"" x 33 1/8"", 27 1/8"" x 41 1/8"", 27 1/8"" x 47 1/8"", 27 1/8"" x 53 1/8"", 27 1/8"" x 59 1/8"", 27 1/8"" x 65 1/8"", 27 1/8"" x 71 1/8"", Color: Bronze, Sandstone, White",1,0,Biltbest,AWDP-TH-ROEAA,Window Operators & Cranks,Biltbest
,simple,AWDP-OT-154,Built-Best Replacement Window Sash | Wood Double Hung,1,0,visible,"Your best way to better wood double hung window replacements and repairs &#8211; exclusive wood window sash reproductions, sash kits, new jamb-liner replacements and affordable window restoration answers with your AWDP-Group USA with sash replacements available nationwide. Replacing damaged, rotten ","Your best way to better wood double hung window replacements and repairs &#8211; exclusive wood window sash reproductions, sash kits, new jamb-liner replacements and affordable window restoration answers with your AWDP-Group USA with sash replacements available nationwide. Replacing damaged, rotten or broken wood units without buying a house full of new windows. New wood replacement sashes for double and single hungs, casements, awnings and sliding windows, fixed sashes and so much more are available for home owners. Normal production time for sashes is 25 – 35 working days ARO. Clad sashes are clad on the exterior side and raw on the interior side. This product is made with insulated glass as selected – either standard clear, Low-E, or Argon Gas filled and other options. Other clad colors may be available upon request. Other options available include: various types of grilles, muntin bars sealed in the glass, SDL BARS in wood and aluminum. Not included in this item. See below for meas",,,taxable,,1,,,0,0,,,,,1,,,325.24,Sash & Frame Parts,"casement, awning, weatherstrip, lock, door",,https://www.allwindowdoorparts.com/wp-content/uploads/2022/09/AWDP-DH-Clad.jpg,,,,,,,,,198,Details,"Size: 14 3/4"" x 11 7/8"", 14 3/4"" x 13 7/8"", 14 3/4"" x 15 7/8"", 14 3/4"" x 19 7/8"", 14 3/4"" x 21 7/8"", 14 3/4"" x 23 7/8"", 14 3/4"" x 25 7/8"", 14 3/4"" x 27 7/8"", 14 3/4"" x 29 7/8"", 14 3/4"" x 31 7/8"", 14 3/4"" x 33 7/8"", 14 3/4"" x 35 7/8"", 18 3/4"" x 11 7/8"", 18 3/4"" x 13 7/8"", 18 3/4"" x 15 7/8"", 18 3/4"" x 19 7/8"", 18 3/4"" x 21 7/8"", 18 3/4"" x 23 7/8"", 18 3/4"" x 25 7/8"", 18 3/4"" x 27 7/8"", 18 3/4"" x 29 7/8"", 18 3/4"" x 31 7/8"", 18 3/4"" x 33 7/8"", 18 3/4"" x 35 7/8"", 22 3/4"" x 11 7/8"", 22 3/4"" x 13 7/8"", 22 3/4"" x 15 7/8"", 22 3/4"" x 19 7/8"", 22 3/4"" x 21 7/8"", 22 3/4"" x 23 7/8"", 22 3/4"" x 25 7/8"", 22 3/4"" x 27 7/8"", 22 3/4"" x 29 7/8"", 22 3/4"" x 31 7/8"", 22 3/4"" x 33 7/8"", 22 3/4"" x 35 7/8"", 26 3/4"" x 11 7/8"", 26 3/4"" x 13 7/8"", 26 3/4"" x 15 7/8"", 26 3/4"" x 19 7/8"", 26 3/4"" x 21 7/8"", 26 3/4"" x 23 7/8"", 26 3/4"" x 25 7/8"", 26 3/4"" x 27 7/8"", 26 3/4"" x 29 7/8"", 26 3/4"" x 31 7/8"", 26 3/4"" x 33 7/8"", 26 3/4"" x 35 7/8"", 30 3/4"" x 11 7/8"", 30 3/4"" x 13 7/8"", 30 3/4"" x 15 7/8"", 30 3/4"" x 19 7/8"", 30 3/4"" x 21 7/8"", 30 3/4"" x 23 7/8"", 30 3/4"" x 25 7/8"", 30 3/4"" x 27 7/8"", 30 3/4"" x 29 7/8"", 30 3/4"" x 31 7/8"", 30 3/4"" x 33 7/8"", 30 3/4"" x 35 7/8"", 34 3/4"" x 11 7/8"", 34 3/4"" x 13 7/8"", 34 3/4"" x 15 7/8"", 34 3/4"" x 19 7/8"", 34 3/4"" x 21 7/8"", 34 3/4"" x 23 7/8"", 34 3/4"" x 25 7/8"", 34 3/4"" x 27 7/8"", 34 3/4"" x 29 7/8"", 34 3/4"" x 31 7/8"", 34 3/4"" x 33 7/8"", 34 3/4"" x 35 7/8"", 38 3/4"" x 11 7/8"", 38 3/4"" x 13 7/8"", 38 3/4"" x 15 7/8"", 38 3/4"" x 19 7/8"", 38 3/4"" x 21 7/8"", 38 3/4"" x 23 7/8"", 38 3/4"" x 25 7/8"", 38 3/4"" x 27 7/8"", 38 3/4"" x 29 7/8"", 38 3/4"" x 31 7/8"", 38 3/4"" x 33 7/8"", 38 3/4"" x 35 7/8"", Color: Dark Bronze, Sandstone, White, Number of Locks: 1, 2, Sash Position: Bottom Sash, Top Sash",1,0,Biltbest,AWDP-OT-154,Sash & Frame Parts,Biltbest
,simple,AWDP-RFPO,Built-Best Replacement Window Sash | Clad Double Hung,1,0,visible,"The better way to better window replacements and repairs &#8211; exclusive window sash reproductions, sash kits, new jamb-liner replacements and affordable window restoration answers with AWDP Group USA sash replacements nationwide. Cheaper in the long run – replacing damaged or broken units and NOT","The better way to better window replacements and repairs &#8211; exclusive window sash reproductions, sash kits, new jamb-liner replacements and affordable window restoration answers with AWDP Group USA sash replacements nationwide. Cheaper in the long run – replacing damaged or broken units and NOT THE ENTIRE HOUSE FULL OF WINDOWS! New wood and clad replacement sashes for double and single hung, casement / awning and sliding windows, fixed sashes and so much more. Normal production time for sashes is 25 – 35 working days ARO. Clad sashes are clad on the exterior side and raw on the interior side. This product is made with insulated glass as selected – either standard clear, Low-E, or Argon Gas filled and other options. Other clad colors may be available upon request. Other options available include: various types of grilles, muntin bars sealed in the glass, SDL BARS in wood and aluminum. Not included in this item. See below for measuring instructions.",,,taxable,,1,,,0,0,,,,,1,,,325.24,Sash & Frame Parts,"casement, awning, weatherstrip, lock, door",,https://www.allwindowdoorparts.com/wp-content/uploads/2022/09/AWDP-DH-Clad.jpg,,,,,,,,,199,Details,"Size: 14 3/4"" x 11 7/8"", 14 3/4"" x 13 7/8"", 14 3/4"" x 15 7/8"", 14 3/4"" x 19 7/8"", 14 3/4"" x 21 7/8"", 14 3/4"" x 23 7/8"", 14 3/4"" x 25 7/8"", 14 3/4"" x 27 7/8"", 14 3/4"" x 29 7/8"", 14 3/4"" x 31 7/8"", 14 3/4"" x 33 7/8"", 14 3/4"" x 35 7/8"", 18 3/4"" x 11 7/8"", 18 3/4"" x 13 7/8"", 18 3/4"" x 15 7/8"", 18 3/4"" x 19 7/8"", 18 3/4"" x 21 7/8"", 18 3/4"" x 23 7/8"", 18 3/4"" x 25 7/8"", 18 3/4"" x 27 7/8"", 18 3/4"" x 29 7/8"", 18 3/4"" x 31 7/8"", 18 3/4"" x 33 7/8"", 18 3/4"" x 35 7/8"", 22 3/4"" x 11 7/8"", 22 3/4"" x 13 7/8"", 22 3/4"" x 15 7/8"", 22 3/4"" x 19 7/8"", 22 3/4"" x 21 7/8"", 22 3/4"" x 23 7/8"", 22 3/4"" x 25 7/8"", 22 3/4"" x 27 7/8"", 22 3/4"" x 29 7/8"", 22 3/4"" x 31 7/8"", 22 3/4"" x 33 7/8"", 22 3/4"" x 35 7/8"", 26 3/4"" x 11 7/8"", 26 3/4"" x 13 7/8"", 26 3/4"" x 15 7/8"", 26 3/4"" x 19 7/8"", 26 3/4"" x 21 7/8"", 26 3/4"" x 23 7/8"", 26 3/4"" x 25 7/8"", 26 3/4"" x 27 7/8"", 26 3/4"" x 29 7/8"", 26 3/4"" x 31 7/8"", 26 3/4"" x 33 7/8"", 26 3/4"" x 35 7/8"", 30 3/4"" x 11 7/8"", 30 3/4"" x 13 7/8"", 30 3/4"" x 15 7/8"", 30 3/4"" x 19 7/8"", 30 3/4"" x 21 7/8"", 30 3/4"" x 23 7/8"", 30 3/4"" x 25 7/8"", 30 3/4"" x 27 7/8"", 30 3/4"" x 29 7/8"", 30 3/4"" x 31 7/8"", 30 3/4"" x 33 7/8"", 30 3/4"" x 35 7/8"", 34 3/4"" x 11 7/8"", 34 3/4"" x 13 7/8"", 34 3/4"" x 15 7/8"", 34 3/4"" x 19 7/8"", 34 3/4"" x 21 7/8"", 34 3/4"" x 23 7/8"", 34 3/4"" x 25 7/8"", 34 3/4"" x 27 7/8"", 34 3/4"" x 29 7/8"", 34 3/4"" x 31 7/8"", 34 3/4"" x 33 7/8"", 34 3/4"" x 35 7/8"", 38 3/4"" x 11 7/8"", 38 3/4"" x 13 7/8"", 38 3/4"" x 15 7/8"", 38 3/4"" x 19 7/8"", 38 3/4"" x 21 7/8"", 38 3/4"" x 23 7/8"", 38 3/4"" x 25 7/8"", 38 3/4"" x 27 7/8"", 38 3/4"" x 29 7/8"", 38 3/4"" x 31 7/8"", 38 3/4"" x 33 7/8"", 38 3/4"" x 35 7/8"", Color: Dark Bronze, Sandstone, White, Number of Locks: 1, 2, Sash Position: Bottom Sash, Top Sash",1,0,Biltbest,AWDP-RFPO,Sash & Frame Parts,Biltbest
,simple,AWDP-PA-19,"Peachtree Window Balance Pair | 24""-32""",1,0,visible,"Priced per pair. Note: “C” denotes cottage window, * upper sash, ** lower sash, *** with tempered glass Ordering Information: 1. Measure channel length 2. Identify number stamped on channel 3. Select our corresponding part number from the chart. [table id=2 /]","Priced per pair. Note: “C” denotes cottage window, * upper sash, ** lower sash, *** with tempered glass Ordering Information: 1. Measure channel length 2. Identify number stamped on channel 3. Select our corresponding part number from the chart. [table id=2 /]",,,taxable,,1,,,0,0,,,,,1,,,87.77,Sash & Frame Parts,"balance, door",,https://www.allwindowdoorparts.com/wp-content/uploads/2022/09/P6W81.jpg,,,,,,,,,200,Details,"Stamping Number: 25.25-3, 25.25-4, 25.25-5, 31.25-3, 31.25-4, 31.25-5, 31.25-6, 31.25-9",1,0,Peachtree,AWDP-PA-19,Sash & Frame Parts,Peachtree
,simple,AWDP-OT-173CV,"Peachtree Window Balance Pair | 14"" to 23""",1,0,visible,"Priced per pair. Note: ""C"" denotes cottage window, * upper sash, ** lower sash, *** with tempered glass Ordering Information: 1. Measure channel length 2. Identify number stamped on channel 3. Select our corresponding part number from the chart. [table id=1 /] Please review the picture, measurements","Priced per pair. Note: ""C"" denotes cottage window, * upper sash, ** lower sash, *** with tempered glass Ordering Information: 1. Measure channel length 2. Identify number stamped on channel 3. Select our corresponding part number from the chart. [table id=1 /] Please review the picture, measurements and other details before ordering. Need help identifying the correct part? Please visit our Parts ID Help page",,,taxable,,1,,,0,0,,,,,1,,,68.88,Sash & Frame Parts,"balance, door",,https://www.allwindowdoorparts.com/wp-content/uploads/2022/09/601.jpg,,,,,,,,,201,Details,"Stamping Number: 13.25-4, 13.25-5, 15.25-4, 15.25-5, 15.25-6, 19.25-4, 19.25-6, 19.25-9, 22.25-3, 22.25-4, 22.25-9",1,0,Peachtree,AWDP-OT-173CV,Sash & Frame Parts,Peachtree
,simple,AWDP-KDEX-RP230,Patio Door Mortise Style Handle,1,0,visible,Diecast with a black finish and a hardwood handle. Latch options: centered or offset. Available with and without keylock.,Diecast with a black finish and a hardwood handle. Latch options: centered or offset. Available with and without keylock.,,,taxable,,1,,,0,0,,,,,1,,,118.88,Door Hardware,"lock, door",,https://www.allwindowdoorparts.com/wp-content/uploads/2022/08/CPP-27-1.jpg,,,,,,,,,202,Details,"Latch Options: Centered, Offset",1,0,All Window Door Parts,AWDP-KDEX-RP230,Door Hardware,
,simple,AWDP-CP-219,Patio Glass Door Handle,1,0,visible,Available in bronze. Latch options: centered or offset. Available with and without keylock.,Available in bronze. Latch options: centered or offset. Available with and without keylock.,,,taxable,,1,,,0,0,,,,,1,,,122.28,Door Hardware,"lock, door",,https://www.allwindowdoorparts.com/wp-content/uploads/2022/08/FRR-CS62-1.jpg,,,,,,,,,203,Details,"Latch Options: Centered, Offset",1,0,All Window Door Parts,AWDP-CP-219,Door Hardware,
,simple,AWDP-PL-1053,Kerf Bulb Window Weather-Strip Seal 0.250 Diameter,1,0,visible,"Available in beige, black and white. Sold in rolls of 100&#8242;. Also available in 0.300 bulb diameter .","Available in beige, black and white. Sold in rolls of 100&#8242;. Also available in 0.300 bulb diameter .",,,taxable,,1,,,0,0,,,,,1,,,198.88,Weatherstripping & Seals,"casement, awning, weatherstrip, door",,https://www.allwindowdoorparts.com/wp-content/uploads/2022/08/BBRF-0250-1.jpg,,,,,,,,,204,Details,"Color: Beige, Black, White",1,0,All Window Door Parts,AWDP-PL-1053,Weatherstripping & Seals,
,simple,AWDP-TI-456,Snap-In Vinyl Glazing Bead | AWDP-VGB-OB-36,1,0,visible,"Available in bronze, gray and white. Shipped in lengths of 6 feet (72"") with a minimum order of 120 lineal feet.","Available in bronze, gray and white. Shipped in lengths of 6 feet (72"") with a minimum order of 120 lineal feet.",,,taxable,,1,,,0,0,,,,,1,,,258.88,Glazing & Seals,"casement, awning, glazing, door",,https://www.allwindowdoorparts.com/wp-content/uploads/2022/08/VGB-OB-36.jpg,,,,,,,,,205,Details,"Color: Bronze, Gray, White, Length: 120', 240', 360'",1,0,All Window Door Parts,AWDP-TI-456,Glazing & Seals,Silverline
,simple,AWDP-PO-245,Sliding Glass Patio Door Mortise Lock,1,0,visible,Available in brass and stainless steel finishes.,Available in brass and stainless steel finishes.,,,taxable,,1,,,0,0,,,,,1,,,52.69,Door Hardware,"lock, door",,https://www.allwindowdoorparts.com/wp-content/uploads/2022/06/PT-OTO-45SS-1.jpg,,,,,,,,,206,Details,"Finish: Brass, Stainless Steel, Degree: 45°, 90°",1,0,All Window Door Parts,AWDP-PO-245,Door Hardware,
,simple,AWDP-LEE-16933,Patio Door Handle Set,1,0,visible,"Available with or without key and lock. Available in the following colors: With key and Mortise lock: black or white With key and no Mortise lock: white No key and no Mortise lock: brushed chrome, black or white.","Available with or without key and lock. Available in the following colors: With key and Mortise lock: black or white With key and no Mortise lock: white No key and no Mortise lock: brushed chrome, black or white.",,,taxable,,1,,,0,0,,,,,1,,,119.76,Door Hardware,"lock, door",,https://www.allwindowdoorparts.com/wp-content/uploads/2022/06/PO-341-1.jpg,,,,,,,,,207,Details,"Lock & Key: With Key & Mortise Lock, With Key & No Mortise Lock, No Key & No Mortise Lock, Color: Brushed Chrome, Black, White",1,0,All Window Door Parts,AWDP-LEE-16933,Door Hardware,
,simple,AWDP-C29-95775,Mortise Lock and Plate,1,0,visible,Lock and plate with 1.254 backset 45° with trim plate.,Lock and plate with 1.254 backset 45° with trim plate.,,,taxable,,1,,,0,0,,,,,1,,,53.76,Door Hardware,"lock, door",,https://www.allwindowdoorparts.com/wp-content/uploads/2022/06/PT-443-1.jpg,,,,,,,,,208,,,1,0,All Window Door Parts,AWDP-C29-95775,Door Hardware,
,simple,AWDP-PO-384,Sliding Patio Door Handle | Bronze,1,0,visible,"Color: Bronze Center-to-Center Holes: 3-15/16"" Overall Height: 8-1/2"" Width: 1""","Color: Bronze Center-to-Center Holes: 3-15/16"" Overall Height: 8-1/2"" Width: 1""",,,taxable,,1,,,0,0,,,,,1,,,130.71,Door Hardware,"lock, door",,https://www.allwindowdoorparts.com/wp-content/uploads/2022/06/PO-291BZ-2.jpg,,,,,,,,,209,,,1,0,All Window Door Parts,AWDP-PO-384,Door Hardware,
,simple,AWDP-E-2014,Sliding Gass Patio Door Handle Set,1,0,visible,"Available in white. Center-to-center holes: 3 15/16"" Overall height: 8 1/2"" Width: 1""","Available in white. Center-to-center holes: 3 15/16"" Overall height: 8 1/2"" Width: 1""",,,taxable,,1,,,0,0,,,,,1,,,163.72,Door Hardware,"lock, door",,https://www.allwindowdoorparts.com/wp-content/uploads/2022/06/PO-291K-1.jpg,,,,,,,,,210,,,1,0,All Window Door Parts,AWDP-E-2014,Door Hardware,
,simple,AWDP-PT-452,Guardian Sliding Glass Patio Door Parts | Handle Set,1,0,visible,"Available in aluminum mill, black or white. Center-to-center holes: 4 15/16"" Length: 7 1/4"" Width: 25/32""","Available in aluminum mill, black or white. Center-to-center holes: 4 15/16"" Length: 7 1/4"" Width: 25/32""",,,taxable,,1,,,0,0,,,,,1,,,141.73,Door Hardware,"lock, door",,https://www.allwindowdoorparts.com/wp-content/uploads/2022/06/CP-191-2.jpg,,,,,,,,,211,Details,"Color: Aluminum Mill, Black, White",1,0,All Window Door Parts,AWDP-PT-452,Door Hardware,
,simple,AWDP-KDEX-RP230,Sliding Glass Patio Door Handle,1,0,visible,"3 15/16"" hole centers. Metal lock body with wood handle.","3 15/16"" hole centers. Metal lock body with wood handle.",,,taxable,,1,,,0,0,,,,,1,,,122.28,Door Hardware,"lock, door",,https://www.allwindowdoorparts.com/wp-content/uploads/2022/06/PO-154-1.jpg,,,,,,,,,212,,,1,0,All Window Door Parts,AWDP-KDEX-RP230,Door Hardware,
,simple,AWDP-PO-152,Patio Glass Door Handle | Black,1,0,visible,"Available in black. 3 15/16"" center-to-center configuration.","Available in black. 3 15/16"" center-to-center configuration.",,,taxable,,1,,,0,0,,,,,1,,,108.88,Door Hardware,"lock, door",,https://www.allwindowdoorparts.com/wp-content/uploads/2022/06/PF-186-1.jpg,,,,,,,,,213,,,1,0,All Window Door Parts,AWDP-PO-152,Door Hardware,
,simple,AWDP-PO-245,Sliding Patio Door Universal Lock,1,0,visible,"Fits patio doors 36"" &#8211; 48"" (can be cut to size)","Fits patio doors 36"" &#8211; 48"" (can be cut to size)",,,taxable,,1,,,0,0,,,,,1,,,47.90,Door Hardware,"lock, door",,https://www.allwindowdoorparts.com/wp-content/uploads/2022/06/SPDUL.jpg,,,,,,,,,214,,,1,0,All Window Door Parts,AWDP-PO-245,Door Hardware,"Pella, Marvin"
,simple,AWDP-TO-215,Sliding Patio Door Weather-Strip,1,0,visible,"Available in beige. Sold in lengths of 7&#8242; (84"").","Available in beige. Sold in lengths of 7&#8242; (84"").",,,taxable,,1,,,0,0,,,,,1,,,42.63,Weatherstripping & Seals,"weatherstrip, door",,https://www.allwindowdoorparts.com/wp-content/uploads/2022/06/SPDWS.jpg,,,,,,,,,215,,,1,0,All Window Door Parts,AWDP-TO-215,Weatherstripping & Seals,
,simple,AWDP-PO-384,Patio Door Handle,1,0,visible,"Length: 6 5/8"" Available in black or chrome.","Length: 6 5/8"" Available in black or chrome.",,,taxable,,1,,,0,0,,,,,1,,,41.66,Door Hardware,door,,https://www.allwindowdoorparts.com/wp-content/uploads/2022/06/PO-232-1.jpg,,,,,,,,,216,Details,"Finish: Black, Chrome",1,0,All Window Door Parts,AWDP-PO-384,Door Hardware,
,simple,AWDP-SC,Sliding Patio Door Handle | White,1,0,visible,"3 15/16"" center-to-center hole spacing. Optional keylock assembly available.","3 15/16"" center-to-center hole spacing. Optional keylock assembly available.",,,taxable,,1,,,0,0,,,,,1,,,108.32,Door Hardware,"lock, door",,https://www.allwindowdoorparts.com/wp-content/uploads/2022/06/PF-3532-1.jpg,,,,,,,,,217,,,1,0,All Window Door Parts,AWDP-SC,Door Hardware,
,simple,AWDP-BIF-PI-563,Sliding Patio Door Roller and Wheel Assembly,1,0,visible,"1 1/8"" steel wheel. 2 per pack.","1 1/8"" steel wheel. 2 per pack.",,,taxable,,1,,,0,0,,,,,1,,,54.98,Door Hardware,"roller, door",,https://www.allwindowdoorparts.com/wp-content/uploads/2022/06/L-292.jpg,,,,,,,,,218,,,1,0,All Window Door Parts,AWDP-BIF-PI-563,Door Hardware,
,simple,AWDP-KDEX-RP230,Sliding Patio Door Handleset | White,1,0,visible,Available in white finish.,Available in white finish.,,,taxable,,1,,,0,0,,,,,1,,,175.98,Door Hardware,"lock, door",,https://www.allwindowdoorparts.com/wp-content/uploads/2022/06/PO-393-1.jpg,,,,,,,,,219,,,1,0,All Window Door Parts,AWDP-KDEX-RP230,Door Hardware,
,simple,AWDP-KDEX-RP230,Sliding Screen Door KD Kits,1,0,visible,"Available in bronze, mill, or white finishes. Each kit is 80"" in height and available in 30"", 36"" and 48"" widths.","Available in bronze, mill, or white finishes. Each kit is 80"" in height and available in 30"", 36"" and 48"" widths.",,,taxable,,1,,,0,0,,,,,1,,,195.54,Door Hardware,"screen, door",,https://www.allwindowdoorparts.com/wp-content/uploads/2022/06/LL-5-HLKD-80H-1.jpg,,,,,,,,,220,Details,"Color: Bronze, Mill, White, Width: 30"", 36"", 48""",1,0,All Window Door Parts,AWDP-KDEX-RP230,Door Hardware,
,simple,AWDP-LEE-14617,Snap-In Vinyl Glazing Bead | AWDP-VGB-PE-198,1,0,visible,"Available in black, bronze, champagne, gray, tan and white. Shipped in 72"" (6&#8242;) lengths with a minimum order of 120 lineal feet.","Available in black, bronze, champagne, gray, tan and white. Shipped in 72"" (6&#8242;) lengths with a minimum order of 120 lineal feet.",,,taxable,,1,,,0,0,,,,,1,,,258.88,Glazing & Seals,"casement, awning, glazing, door",,https://www.allwindowdoorparts.com/wp-content/uploads/2022/06/VGB-PE-198.jpg,,,,,,,,,221,Details,"Color: Black, Bronze, Champagne, Gray, Tan, White, Length: 120', 144', 192', 240', 360'",1,0,Truth/Entrygard,AWDP-LEE-14617,Glazing & Seals,"Entrygard, Marvin, Peachtree"
,simple,AWDP-TB-1,Snap-In Vinyl Glazing Bead | AWDP-TI-30,1,0,visible,"Available in light gray and white. Minimum order is 120 feet and is shipped in 6 foot (72"") lengths.","Available in light gray and white. Minimum order is 120 feet and is shipped in 6 foot (72"") lengths.",,,taxable,,1,,,0,0,,,,,1,,,181.50,Glazing & Seals,"glazing, door",,https://www.allwindowdoorparts.com/wp-content/uploads/2022/06/TI-30.jpg,,,,,,,,,222,Details,"Color: Light Gray, White, Length: 120', 144', 192', 240', 360'",1,0,Andersen,AWDP-TB-1,Glazing & Seals,"Andersen, Marvin"
,simple,AWDP-LEE-14617,Snap-In Vinyl Glazing Bead | AWDP-VGB-PT-51,1,0,visible,"Available in black, bronze, champagne, gray and white. Shipped in lengths of 6 feet (72"") with a minimum order of 120 lineal feet.","Available in black, bronze, champagne, gray and white. Shipped in lengths of 6 feet (72"") with a minimum order of 120 lineal feet.",,,taxable,,1,,,0,0,,,,,1,,,258.88,Glazing & Seals,"casement, awning, weatherstrip, glazing, door",,https://www.allwindowdoorparts.com/wp-content/uploads/2022/06/VGB-PT-51.jpg,,,,,,,,,223,Details,"Color: Black, Bronze, Champagne, Gray, White, Length: 120', 240', 360'",1,0,Oldach,AWDP-LEE-14617,Glazing & Seals,Oldach
,simple,AWDP-LEE-12029,Snap-In Vinyl Glazing Bead | AWDP-LEE-11015,1,0,visible,"Available in bronze and white. See profile details as shown. Standard bead is shipped in 72"" lengths with a minimum order of 120 lineal feet.","Available in bronze and white. See profile details as shown. Standard bead is shipped in 72"" lengths with a minimum order of 120 lineal feet.",,,taxable,,1,,,0,0,,,,,1,,,306.91,Glazing & Seals,"casement, awning, glazing, door",,https://www.allwindowdoorparts.com/wp-content/uploads/2022/06/LEE-11015.jpg,,,,,,,,,224,Details,"Color: Bronze, White, Length: 120', 240', 360'",1,0,Truth/Entrygard,AWDP-LEE-12029,Glazing & Seals,"Truth, Marvin"
,simple,AWDP-LEE-16933,Kerf Bulb Window Weather-Strip Seal 0.300 Diameter,1,0,visible,"Available in beige, black and dark brown and white. Sold in rolls of 100&#8242;. Also available in 0.250 bulb diameter .","Available in beige, black and dark brown and white. Sold in rolls of 100&#8242;. Also available in 0.250 bulb diameter .",,,taxable,,1,,,0,0,,,,,1,,,198.88,Weatherstripping & Seals,"casement, awning, weatherstrip, door",,https://www.allwindowdoorparts.com/wp-content/uploads/2022/06/BBRF-03-1.jpg,,,,,,,,,225,Details,"Color: Beige, Black, Dark Brown, White",1,0,All Window Door Parts,AWDP-LEE-16933,Weatherstripping & Seals,
,simple,AWDP-PT-452,Solar Guard Screen Wire,1,0,visible,"Available in bronze, charcoal and gray. Sold in rolls of 36"".","Available in bronze, charcoal and gray. Sold in rolls of 36"".",,,taxable,,1,,,0,0,,,,,1,,,370.68,Door Hardware,"screen, lock, door",,https://www.allwindowdoorparts.com/wp-content/uploads/2022/06/8SG-OT-1.jpg,,,,,,,,,226,Details,"Color: Bronze, Charcoal, Gray",1,0,All Window Door Parts,AWDP-PT-452,Door Hardware,
,simple,AWDP-CARCLAD-SASH,Spiral Tube Balances Contractor Pack,1,0,visible,"Sold in packs of two (2). Available in red, blue and black. Tube length available from 9"" to 50"". Diameter: 9/16"" (considered 5/8"") Please check the chart below to see if the color is available with tube length. Please contact us if you need an extended rod. [table id=3 /]","Sold in packs of two (2). Available in red, blue and black. Tube length available from 9"" to 50"". Diameter: 9/16"" (considered 5/8"") Please check the chart below to see if the color is available with tube length. Please contact us if you need an extended rod. [table id=3 /]",,,taxable,,1,,,0,0,,,,,1,,,62.39,Sash & Frame Parts,door,,https://www.allwindowdoorparts.com/wp-content/uploads/2022/06/AE-68.jpg,,,,,,,,,227,Details,"Tube Length: 9"", 10"", 11"", 12"", 13"", 14"", 15"", 16"", 17"", 18"", 19"", 20"", 21"", 22"", 23"", 24"", 25"", 26"", 27"", 28"", 29"", 30"", 31"", 32"", 33"", 34"", 35"", 36"", 37"", 38"", 39"", 40"", 41"", 42"", 43"", 44"", 45"", 46"", 47"", 48"", 49"", 50"", Bearing Color: Red, Blue, Black",1,0,All Window Door Parts,AWDP-CARCLAD-SASH,Sash & Frame Parts,
,simple,AWDP-PT-452,Steel Wheel Patio Screen Door Roller Assembly,1,0,visible,Available in steel. Priced per pair .,Available in steel. Priced per pair .,,,taxable,,1,,,0,0,,,,,1,,,37.29,Door Hardware,"screen, roller, door",,https://www.allwindowdoorparts.com/wp-content/uploads/2022/06/PE-406.jpg,,,,,,,,,228,,,1,0,Biltbest,AWDP-PT-452,Door Hardware,Biltbest
,simple,AWDP-TWB-2329,Split Arm Sill Mounted Ellipse Style Casement Operator,1,0,visible,Colors available: gold and white. Available in left or right hand styles.,Colors available: gold and white. Available in left or right hand styles.,,,taxable,,1,,,0,0,,,,,1,,,88.57,Window Operators & Cranks,"casement, operator, door",,https://www.allwindowdoorparts.com/wp-content/uploads/2022/06/OT-391-3E-1.jpg,,,,,,,,,229,Details,"Color: Gold, White, Handing: As Shown, Opposite",1,0,Truth/Entrygard,AWDP-TWB-2329,Window Operators & Cranks,Truth
,simple,AWDP-LEE-16933,Guardian Patio Door Extruded Aluminum Frame Screen Door Kits,1,0,visible,"Available in bronze, satin anodized and white. Sizes available: 32"" x 82"" 37"" x 81"" 38"" x 97"" 50"" x 82"" 50"" x 97"" 62"" x 82"" Optional fiberglass mesh (25&#8242;) and spline available.","Available in bronze, satin anodized and white. Sizes available: 32"" x 82"" 37"" x 81"" 38"" x 97"" 50"" x 82"" 50"" x 97"" 62"" x 82"" Optional fiberglass mesh (25&#8242;) and spline available.",,,taxable,,1,,,0,0,,,,,1,,,378.88,Door Hardware,"screen, roller, lock, door",,https://www.allwindowdoorparts.com/wp-content/uploads/2022/06/PS-CR-L-KDEX-RE30.jpg,,,,,,,,,230,Details,"Color: Bronze, Satin Anodized, White, Size: 32"" x 82"", 37"" x 81"", 38"" x 97"", 50"" x 82"", 50"" x 97"", 62"" x 82""",1,0,All Window Door Parts,AWDP-LEE-16933,Door Hardware,
,simple,AWDP-PAEE-2982A,"T-Slot Offset Bulb Foam Compression Weather Strip | 19/64""",1,0,visible,Available in black and white. Sold in rolls of 100&#8242;.,Available in black and white. Sold in rolls of 100&#8242;.,,,taxable,,1,,,0,0,,,,,1,,,262.91,Weatherstripping & Seals,"weatherstrip, door",,https://www.allwindowdoorparts.com/wp-content/uploads/2022/06/TO-FTI-1.jpg,,,,,,,,,231,Details,"Color: Black, White",1,0,All Window Door Parts,AWDP-PAEE-2982A,Weatherstripping & Seals,
,simple,AWDP-LPB-713,"T-Slot Weatherstrip Window Seal | 7/32"" Bulb",1,0,visible,"Available in white and black. 3/16"" T and 7/32"" bulb. Sold in rolls of 100&#8242;.","Available in white and black. 3/16"" T and 7/32"" bulb. Sold in rolls of 100&#8242;.",,,taxable,,1,,,0,0,,,,,1,,,75.81,Weatherstripping & Seals,"weatherstrip, door",,https://www.allwindowdoorparts.com/wp-content/uploads/2022/06/TO-429-1.jpg,,,,,,,,,232,Details,"Color: Black, White",1,0,All Window Door Parts,AWDP-LPB-713,Weatherstripping & Seals,
,simple,AWDP-L-292,EZ Slide Deer-Blind By-Pass Window Track | All Sizes,1,0,visible,Includes enough track to build up to four (4) deer hunting blind windows. Availabe in black and brown.,Includes enough track to build up to four (4) deer hunting blind windows. Availabe in black and brown.,,,taxable,,1,,,0,0,,,,,1,,,171.12,Deer Blind Windows,door,,https://www.allwindowdoorparts.com/wp-content/uploads/2022/06/BBWP-14TRK-2.jpg,,,,,,,,,233,Details,"Color: Black, Brown, Thickness: 1/8"", 3/16"", 1/4"", 1/2""",1,0,All Window Door Parts,AWDP-L-292,Deer Blind Windows,
,simple,AWDP-FR-90,Window Grille Retainer Clips | Pack of 36,1,0,visible,"Available in five sizes: A : 7/8"" x 5/8"" with 1/4"" needle B : 1"" x 5/8"" with 5/16"" needle C : 5/8"" x 5/8"" with 5/16"" needle D : 7/8"" x 1/2"" with 1/4"" needle E : 5/8"" x 1/2"" with 3/8"" needle","Available in five sizes: A : 7/8"" x 5/8"" with 1/4"" needle B : 1"" x 5/8"" with 5/16"" needle C : 5/8"" x 5/8"" with 5/16"" needle D : 7/8"" x 1/2"" with 1/4"" needle E : 5/8"" x 1/2"" with 3/8"" needle",,,taxable,,1,,,0,0,,,,,1,,,130.81,Sash & Frame Parts,door,,https://www.allwindowdoorparts.com/wp-content/uploads/2022/06/WGRC-36-1.jpg,,,,,,,,,234,Details,"Type: A: 7/8"" x 5/8"" with 1/4"" needle, B: 1"" x 5/8"" with 5/16"" needle, C: 5/8"" x 5/8"" with 5/16"" needle, D: 7/8"" x 1/2"" with 1/4"" needle, E: 5/8"" x 1/2"" with 3/8"" needle",1,0,All Window Door Parts,AWDP-FR-90,Sash & Frame Parts,
,simple,AWDP-C29-95775,"Thorn Face Mounted Casement Operator | 9""",1,0,visible,Available in aluminum and bronze.,Available in aluminum and bronze.,,,taxable,,1,,,0,0,,,,,1,,,71.31,Window Operators & Cranks,"casement, operator, door",,https://www.allwindowdoorparts.com/wp-content/uploads/2022/06/Thorn-9inch-Face-Mounted-Casement-Operator.jpg,,,,,,,,,235,Details,"Color: Aluminum, Bronze, Handing: Opposite (Left Hand), Shown (Right Hand)",1,0,All Window Door Parts,AWDP-C29-95775,Window Operators & Cranks,
,simple,AWDP-TI-75,"Thorn Rear Mounted Casement Window Operator | 8 1/4""",1,0,visible,Available in brown. Handle is included.,Available in brown. Handle is included.,,,taxable,,1,,,0,0,,,,,1,,,71.89,Window Operators & Cranks,"casement, operator, door",,https://www.allwindowdoorparts.com/wp-content/uploads/2022/06/OT-134-1.jpg,,,,,,,,,236,Details,"Handing: Right, Left",1,0,All Window Door Parts,AWDP-TI-75,Window Operators & Cranks,
,simple,AWDP-VGB-IR-11,Metal Glazing Bead Channel | AWDP-TI-163,1,0,visible,Available in aluminum. Minimum order is 120 feet and is shipped in 6 foot (72″) lengths.,Available in aluminum. Minimum order is 120 feet and is shipped in 6 foot (72″) lengths.,,,taxable,,1,,,0,0,,,,,1,,,158.98,Glazing & Seals,"glazing, door",,https://www.allwindowdoorparts.com/wp-content/uploads/2022/06/TI-163.jpg,,,,,,,,,237,Details,"Length: 120', 144', 192', 240', 360'",1,0,All Window Door Parts,AWDP-VGB-IR-11,Glazing & Seals,
,simple,AWDP-TI-533,Snap-In Vinyl Glazing Bead | AWDP-TI-213,1,0,visible,"Available in white. Minimum order is 120 feet and is shipped in 6 foot (72"") lengths.","Available in white. Minimum order is 120 feet and is shipped in 6 foot (72"") lengths.",,,taxable,,1,,,0,0,,,,,1,,,224.49,Glazing & Seals,"casement, awning, weatherstrip, glazing, door",,https://www.allwindowdoorparts.com/wp-content/uploads/2022/06/TI-213.jpg,,,,,,,,,238,Details,"Length: 120', 144', 192', 240', 360'",1,0,Oldach,AWDP-TI-533,Glazing & Seals,"Pella, Peachtree, Oldach, Norco"
,simple,AWDP-PIAE-8999,White Poly-Flex Window Door Leaf Weather Seal,1,0,visible,Available in white. Sold in lengths of 8 feet (96 inches).,Available in white. Sold in lengths of 8 feet (96 inches).,,,taxable,,1,,,0,0,,,,,1,,,168.88,Weatherstripping & Seals,"casement, awning, weatherstrip, door",,https://www.allwindowdoorparts.com/wp-content/uploads/2022/06/TO-312W-3.jpg,,,,,,,,,239,Details,"Amount: 20 Pack, 40 Pack, 60 Pack",1,0,All Window Door Parts,AWDP-PIAE-8999,Weatherstripping & Seals,
,simple,AWDP-LEE-20766,Weather Strip Seal | Patio and Screen Door,1,0,visible,Available in black and gray. Black is standard and grey is a special order that will take 3-5 weeks lead time. Sold in rolls of 100&#8242;.,Available in black and gray. Black is standard and grey is a special order that will take 3-5 weeks lead time. Sold in rolls of 100&#8242;.,,,taxable,,1,,,0,0,,,,,1,,,78.88,Weatherstripping & Seals,"weatherstrip, door",,https://www.allwindowdoorparts.com/wp-content/uploads/2022/06/TO-IER-63-I02.jpg,,,,,,,,,240,Details,"Color: Black, Gray",1,0,All Window Door Parts,AWDP-LEE-20766,Weatherstripping & Seals,
,simple,AWDP-TO-360,Vinyl Door Air Lock Weather Seal,1,0,visible,"Available in beige and bronze. Sold in lengths of 82"". Three (3) packs for single doors and other options available.","Available in beige and bronze. Sold in lengths of 82"". Three (3) packs for single doors and other options available.",,,taxable,,1,,,0,0,,,,,1,,,108.88,Weatherstripping & Seals,"weatherstrip, lock, door",,https://www.allwindowdoorparts.com/wp-content/uploads/2022/06/TO-208.jpg,,,,,,,,,241,Details,"Color: Beige, Bronze, Amount: Single Door Pack, Double Door Pack (5 pieces), Bulk Pack (10 pieces), Bulk Pack (20 pieces)",1,0,All Window Door Parts,AWDP-TO-360,Weatherstripping & Seals,
,simple,AWDP-C29-95775,Sliding Patio Door Handle Set,1,0,visible,"Available in black or white, and with or without keylock.","Available in black or white, and with or without keylock.",,,taxable,,1,,,0,0,,,,,1,,,128.88,Door Hardware,"lock, door",,https://www.allwindowdoorparts.com/wp-content/uploads/2022/06/PO-384.jpg,,,,,,,,,242,Details,"Color: Black, White, Keylock: With Keeper and Key, With Keeper and No Key",1,0,All Window Door Parts,AWDP-C29-95775,Door Hardware,
,simple,AWDP-SC,"Truth Single Arm Casement Operator | 6""",1,0,visible,Available in bronze and white. Crank handle sold separately.,Available in bronze and white. Crank handle sold separately.,,,taxable,,1,,,0,0,,,,,1,,,59.99,Window Operators & Cranks,"casement, operator, roller, door",,https://www.allwindowdoorparts.com/wp-content/uploads/2022/06/OT-213-1.jpg,,,,,,,,,243,Details,"Color: Bronze, White, Handing: Left, Right",1,0,Truth/Entrygard,AWDP-SC,Window Operators & Cranks,"Truth, Marvin"
,simple,AWDP-OT-154,"Truth Face Mounted Casement Operator | 9""",1,0,visible,Available in aluminum and brown. Handing available as shown or opposite.,Available in aluminum and brown. Handing available as shown or opposite.,,,taxable,,1,,,0,0,,,,,1,,,67.88,Window Operators & Cranks,"casement, operator, roller, door",,https://www.allwindowdoorparts.com/wp-content/uploads/2022/06/OT-107-1.jpg,,,,,,,,,244,Details,"Color: Aluminum, Brown, Handing: Shown, Opposite",1,0,Truth/Entrygard,AWDP-OT-154,Window Operators & Cranks,Truth
,simple,AWDP-JLK,"Truth Face Mounted Casement Window Operator | 9"" Two Hole Old Style",1,0,visible,Available in aluminum and brown. Aluminum handle included.,Available in aluminum and brown. Aluminum handle included.,,,taxable,,1,,,0,0,,,,,1,,,48.88,Window Operators & Cranks,"roller, door",,https://www.allwindowdoorparts.com/wp-content/uploads/2022/06/OT-314-1.jpg,,,,,,,,,245,Details,"Color: Aluminum, Bronze, Handing: Opposite, Shown",1,0,Truth/Entrygard,AWDP-JLK,Window Operators & Cranks,Truth
,simple,AWDP-FR-90,"Truth Awning Window Hinge | 18""",1,0,visible,"Sold in pairs with screws. Used with awning window hinges # AWDP-PE-10 , # AWDP-PE-11 , # AWDP-PP-14 , # AWDP-PP-16 , # AWDP-RR-10 , and # AWDP-IP-00 .","Sold in pairs with screws. Used with awning window hinges # AWDP-PE-10 , # AWDP-PE-11 , # AWDP-PP-14 , # AWDP-PP-16 , # AWDP-RR-10 , and # AWDP-IP-00 .",,,taxable,,1,,,0,0,,,,,1,,,78.32,Window Operators & Cranks,"awning, hinge, door",,https://www.allwindowdoorparts.com/wp-content/uploads/2022/06/PO-15-1.jpg,,,,,,,,,246,,,1,0,Truth/Entrygard,AWDP-FR-90,Window Operators & Cranks,Truth
,simple,AWDP-PT-52,"Truth Awning Window Hinge | 14""",1,0,visible,"Sold in pairs with screws. Available in stainless steel. Used with awning window operators # AWDP-PP-10 , # AWDP-PP-12 , # AWDP-RR-10 , and # AWDP-IP-00 .","Sold in pairs with screws. Available in stainless steel. Used with awning window operators # AWDP-PP-10 , # AWDP-PP-12 , # AWDP-RR-10 , and # AWDP-IP-00 .",,,taxable,,1,,,0,0,,,,,1,,,71.12,Window Operators & Cranks,"awning, operator, balance, hinge, door",,https://www.allwindowdoorparts.com/wp-content/uploads/2022/06/PO-14-1.jpg,,,,,,,,,247,,,1,0,Truth/Entrygard,AWDP-PT-52,Window Operators & Cranks,
,simple,AWDP-PT-52,"Truth Sill Mounted Casement Window Operator | 10 3/4""",1,0,visible,Available as brass plated or chrome plated.,Available as brass plated or chrome plated.,,,taxable,,1,,,0,0,,,,,1,,,88.88,Window Operators & Cranks,"operator, door",,https://www.allwindowdoorparts.com/wp-content/uploads/2022/06/LEE-12962-1.jpg,,,,,,,,,248,Details,"Color: Brass Plated, Chrome Plated",1,0,Truth/Entrygard,AWDP-PT-52,Window Operators & Cranks,Truth
,simple,AWDP-PA-19,Casement Dual Arm Crank Roto-Gear Operator,1,0,visible,"Available as operator only or in colors of beige, bronze, chestnut bronze, clay, coppertone, gold and white. Available as shown or opposite handing. Stainless steel optional. Encore Dual Arm provides over 7″ of washability with the standard Maxim # AWDP-PF-97 hinge. Used with # AWDP-PP-576 track (so","Available as operator only or in colors of beige, bronze, chestnut bronze, clay, coppertone, gold and white. Available as shown or opposite handing. Stainless steel optional. Encore Dual Arm provides over 7″ of washability with the standard Maxim # AWDP-PF-97 hinge. Used with # AWDP-PP-576 track (sold separately).",,,taxable,,1,,,0,0,,,,,1,,,78.88,Window Operators & Cranks,"operator, hinge, door",,https://www.allwindowdoorparts.com/wp-content/uploads/2022/06/OT-467EN-1.jpg,,,,,,,,,249,Details,"Color: Operator Only, Beige, Bronze, Chestnut Bronze, Clay, Coppertone, Gold, White, Handing: Shown, Opposite",1,0,Truth/Entrygard,AWDP-PA-19,Window Operators & Cranks,Truth
,simple,AWDP-RFPO,"Truth Ellipse Split Arm Sill Mounted Casement Operator | 9 1/2""",1,0,visible,"Available in bronze, gold and white. Handing as shown or opposite.","Available in bronze, gold and white. Handing as shown or opposite.",,,taxable,,1,,,0,0,,,,,1,,,55.63,Window Operators & Cranks,"operator, door",,https://www.allwindowdoorparts.com/wp-content/uploads/2022/06/OT-205-1E-1.jpg,,,,,,,,,250,Details,"Color: Bronze, Gold, White, Handing: Shown, Opposite",1,0,Truth/Entrygard,AWDP-RFPO,Window Operators & Cranks,Truth
,simple,AWDP-TWB-2329,"Truth Ellipse Style Split Arm Mounted Casement Operator | 8 1/4""",1,0,visible,Available in gold and white. Handle sold separately.,Available in gold and white. Handle sold separately.,,,taxable,,1,,,0,0,,,,,1,,,65.18,Window Operators & Cranks,"operator, door",,https://www.allwindowdoorparts.com/wp-content/uploads/2022/06/OT-296-3E-2.jpg,,,,,,,,,251,Details,"Color: Gold, White, Handing: Oposite, Shown",1,0,Truth/Entrygard,AWDP-TWB-2329,Window Operators & Cranks,Truth
,simple,AWDP-OA-220,Truth Maxim Series Dual Arm Operator,1,0,visible,"Available in beige, bronze, cocoa brown, gold and white. Casement slider sold separately.","Available in beige, bronze, cocoa brown, gold and white. Casement slider sold separately.",,,taxable,,1,,,0,0,,,,,1,,,86.79,Window Operators & Cranks,"casement, awning, operator, hinge, door",,https://www.allwindowdoorparts.com/wp-content/uploads/2022/06/OT-368-1-1.jpg,,,,,,,,,252,Details,"Color: Beige, Bronze, Cocoa Brown, Gold, White, Handing: Opposite, Shown",1,0,Truth/Entrygard,AWDP-OA-220,Window Operators & Cranks,Truth
,simple,AWDP-PAEE-2982A,Truth Maxim Series Dual Arm Low Profile Casement Operator,1,0,visible,Available in cocoa brown and white.,Available in cocoa brown and white.,,,taxable,,1,,,0,0,,,,,1,,,79.93,Window Operators & Cranks,door,,https://www.allwindowdoorparts.com/wp-content/uploads/2022/06/OT-464-3.jpg,,,,,,,,,253,Details,"Color: Cocoa Brown, White, Handing: Opposite, Shown",1,0,Truth/Entrygard,AWDP-PAEE-2982A,Window Operators & Cranks,Truth
,simple,AWDP-OA-137,"Truth Clerestory Pole Crank | 66""",1,0,visible,"One end has the crank handle and the other end has a female 5/8"" hex fitting.","One end has the crank handle and the other end has a female 5/8"" hex fitting.",,,taxable,,1,,,0,0,,,,,1,,,317.77,Window Operators & Cranks,"operator, door",,https://www.allwindowdoorparts.com/wp-content/uploads/2022/06/OE-476-1.jpg,,,,,,,,,254,,,1,0,Truth/Entrygard,AWDP-OA-137,Window Operators & Cranks,Truth
,simple,AWDP-PETT-0999,"Truth EntryGard Egress Window Hinge | 10""",1,0,visible,"This hinge is sold in pairs with screws. Used with casement window operators # AWDP-PI-15 , # AWDP-PI-31 and # AWDP-RO-01 .","This hinge is sold in pairs with screws. Used with casement window operators # AWDP-PI-15 , # AWDP-PI-31 and # AWDP-RO-01 .",,,taxable,,1,,,0,0,,,,,1,,,79.94,Window Operators & Cranks,"casement, operator, hinge, door",,https://www.allwindowdoorparts.com/wp-content/uploads/2022/06/PF-77-1.jpg,,,,,,,,,255,,,1,0,Truth/Entrygard,AWDP-PETT-0999,Window Operators & Cranks,Truth
,simple,AWDP-C29-95775,"Truth Ellipse Style Split Arm Sill Mounted Casement Operator | 4 3/16""",1,0,visible,"Arm length: 4 3/16"" Available in white.","Arm length: 4 3/16"" Available in white.",,,taxable,,1,,,0,0,,,,,1,,,79.14,Window Operators & Cranks,"casement, operator, door",,https://www.allwindowdoorparts.com/wp-content/uploads/2022/06/OT-410-1.jpg,,,,,,,,,256,Details,"Handing: Opposite, Shown",1,0,Truth/Entrygard,AWDP-C29-95775,Window Operators & Cranks,Truth
,simple,AWDP-OA-220,"Truth Ellipse Style Sill Mounted Single Arm Operator | 7 1/2"" Arm",1,0,visible,Available in broze and white.,Available in broze and white.,,,taxable,,1,,,0,0,,,,,1,,,67.62,Window Operators & Cranks,door,,https://www.allwindowdoorparts.com/wp-content/uploads/2022/06/OT-216-3E-1.jpg,,,,,,,,,257,Details,"Color: Bronze, White, Handing: Opposite, Shown",1,0,Truth/Entrygard,AWDP-OA-220,Window Operators & Cranks,
,simple,AWDP-BBNF,"Truth Encore Dual Arm Casement Operator | 19""",1,0,visible,"Available as operator only, or in colors of beige, bronze, chestnut bronze, clay, coppertone, gold and white. Stainless steel version available. Ships with Encore Tango handle set, stud bracket and screws. Used with # AWDP-PF-97 or # AWDP-PF-12 hinge and track # AWDP-PP-576 (sold separately).","Available as operator only, or in colors of beige, bronze, chestnut bronze, clay, coppertone, gold and white. Stainless steel version available. Ships with Encore Tango handle set, stud bracket and screws. Used with # AWDP-PF-97 or # AWDP-PF-12 hinge and track # AWDP-PP-576 (sold separately).",,,taxable,,1,,,0,0,,,,,1,,,79.45,Window Operators & Cranks,"operator, hinge, door",,https://www.allwindowdoorparts.com/wp-content/uploads/2022/06/IE-10-1.jpg,,,,,,,,,258,Details,"Color: Operator Only, Beige, Bronze, Chestnut Bronze, Clay, Coppertone, Gold, White, Handing: Left, Right",1,0,Truth/Entrygard,AWDP-BBNF,Window Operators & Cranks,
,simple,AWDP-AWO,Truth Encore Series Window Dual Arm Operator,1,0,visible,Handing available as shown or opposite.,Handing available as shown or opposite.,,,taxable,,1,,,0,0,,,,,1,,,68.81,Window Operators & Cranks,"operator, door",,https://www.allwindowdoorparts.com/wp-content/uploads/2022/05/OT-368EN-1.jpg,,,,,,,,,259,Details,"Handing: Opposite, Shown",1,0,Truth/Entrygard,AWDP-AWO,Window Operators & Cranks,Truth
,simple,AWDP-TWB-2329,"Truth EntryGard Casement Window Hinge | 10""",1,0,visible,"Sold in pairs with screws. Used with casement window operators # AWDP-PI-10 , # AWDP-PI-11 , # AWDP-PI-16 , # AWDP-PI-18 , # AWDP-PI-31 , # AWDP-PI-94 and # AWDP-RO-01 .","Sold in pairs with screws. Used with casement window operators # AWDP-PI-10 , # AWDP-PI-11 , # AWDP-PI-16 , # AWDP-PI-18 , # AWDP-PI-31 , # AWDP-PI-94 and # AWDP-RO-01 .",,,taxable,,1,,,0,0,,,,,1,,,57.21,Window Operators & Cranks,"casement, operator, hinge, door",,https://www.allwindowdoorparts.com/wp-content/uploads/2022/05/PF-75-1.jpg,,,,,,,,,260,,,1,0,Truth/Entrygard,AWDP-TWB-2329,Window Operators & Cranks,Truth
,simple,AWDP-TWB-2329,Truth EntryGard Split Arm Sill Mounted Casement Operator,1,0,visible,Available in white. Handing as shown or opposite.,Available in white. Handing as shown or opposite.,,,taxable,,1,,,0,0,,,,,1,,,60.23,Window Operators & Cranks,door,,https://www.allwindowdoorparts.com/wp-content/uploads/2022/05/OT-327-3E.jpg,,,,,,,,,261,Details,"Handing: Opposite, Shown",1,0,Truth/Entrygard,AWDP-TWB-2329,Window Operators & Cranks,Truth
,simple,AWDP-RFPO,"Truth EntryGard Dual Arm Casement Operator | 4 7/16"" Short Arm",1,0,visible,"This operator is available as an operator only or with the color options of beige, bronze, chestnut bronze, clay, coppertone, gold and white. Stainless steel is also available for the operator only. If a color is selected, the operator will be shipped with a gear box cover # AWDP-PE-341 , crank hand","This operator is available as an operator only or with the color options of beige, bronze, chestnut bronze, clay, coppertone, gold and white. Stainless steel is also available for the operator only. If a color is selected, the operator will be shipped with a gear box cover # AWDP-PE-341 , crank handle # AWDP-PP-454 , stud bracket and screws. This dual arm operator is used with # AWDP-PF-75 egress hinge and # AWDP-OE-473 track (sold separately).",,,taxable,,1,,,0,0,,,,,1,,,58.88,Window Operators & Cranks,"casement, awning, operator, hinge, door",,https://www.allwindowdoorparts.com/wp-content/uploads/2022/05/PI-10-1.jpg,,,,,,,,,262,Details,"Color: Operator Only, Beige, Bronze, Chestnut Bronze, Clay, Coppertone, Gold, White, Handing: Left, Right",1,0,Truth/Entrygard,AWDP-RFPO,Window Operators & Cranks,Truth
,simple,AWDP-SC,"Truth EntryGard Dual Arm Egress Operator | 2 7/8"" Short Arm",1,0,visible,"Sold as operator only or in colors of beige, bronze, chestnut bronze, clay, coppertone, gold and white. Left or right handing can be determined by standing outside of the window. If hinge is on the left, order a left hand operator. If a color is selected, the operator will ship with gear box cover #","Sold as operator only or in colors of beige, bronze, chestnut bronze, clay, coppertone, gold and white. Left or right handing can be determined by standing outside of the window. If hinge is on the left, order a left hand operator. If a color is selected, the operator will ship with gear box cover # AWDP-PE-341 , crank handle # AWDP-PP-454 , stud bracket and screws. This operator is used with egress hinge # AWDP-PF-77 and track # AWDP-OE-473 .",,,taxable,,1,,,0,0,,,,,1,,,58.88,Window Operators & Cranks,"casement, awning, operator, hinge, door",,https://www.allwindowdoorparts.com/wp-content/uploads/2022/05/PI-15-1.jpg,,,,,,,,,263,Details,"Color: Operator Only, Beige, Bronze, Chestnut Bronze, Clay, Coppertone, Gold, White, Handing: Left, Right",1,0,Truth/Entrygard,AWDP-SC,Window Operators & Cranks,
,simple,AWDP-TWB-2329,Truth EntryGard Dyad Casement Operator,1,0,visible,"Available as operator only, or in colors of beige, bronze, chestnut bronze, clay, coppertone, gold and white. If a color is selected, it will ship with # AWDP-PE-341 gear box cover, # AWDP-PP-454 crank handle, stud bracket and screws. This operator is used with hinge # AWDP-PF-75 (sold separately).","Available as operator only, or in colors of beige, bronze, chestnut bronze, clay, coppertone, gold and white. If a color is selected, it will ship with # AWDP-PE-341 gear box cover, # AWDP-PP-454 crank handle, stud bracket and screws. This operator is used with hinge # AWDP-PF-75 (sold separately).",,,taxable,,1,,,0,0,,,,,1,,,84.86,Window Operators & Cranks,"casement, operator, hinge, door",,https://www.allwindowdoorparts.com/wp-content/uploads/2022/05/PI-11-1.jpg,,,,,,,,,264,Details,"Color: Operator Only, Beige, Bronze, Chestnut Bronze, Clay, Coppertone, Gold, White, Handing: Left, Right",1,0,Truth/Entrygard,AWDP-TWB-2329,Window Operators & Cranks,Entrygard
,simple,AWDP-FR-90,"Truth EntryGard Single Arm Casement Operator | 9 5/8""",1,0,visible,"Available as operator only, or in colors of beige, bronze, chestnut bronze, clay, coppertone, gold or white. If a color is selected, the operator will ship with crank handle # AWDP-PP-454 , gear box cover # AWDP-PE-341 and screws. Used with # AWDP-PF-75 hinge and # AWDP-OE-706 track (sold separately","Available as operator only, or in colors of beige, bronze, chestnut bronze, clay, coppertone, gold or white. If a color is selected, the operator will ship with crank handle # AWDP-PP-454 , gear box cover # AWDP-PE-341 and screws. Used with # AWDP-PF-75 hinge and # AWDP-OE-706 track (sold separately).",,,taxable,,1,,,0,0,,,,,1,,,94.73,Window Operators & Cranks,"operator, hinge, door",,https://www.allwindowdoorparts.com/wp-content/uploads/2022/05/PI-94-1.jpg,,,,,,,,,265,Details,"Color: Operator Only, Beige, Bronze, Chestnut Bronze, Clay, Coppertone, Gold, White, Handing: Left, Right",1,0,Truth/Entrygard,AWDP-FR-90,Window Operators & Cranks,Truth
,simple,AWDP-TWB-2329,"Truth EntryGard Single Arm Operator | 8 1/4""",1,0,visible,"Available in aluminum, beige, bronze, brown, clay, coppertone, goldtone, silver, tan and white.","Available in aluminum, beige, bronze, brown, clay, coppertone, goldtone, silver, tan and white.",,,taxable,,1,,,0,0,,,,,1,,,104.57,Window Operators & Cranks,"casement, operator, door",,https://www.allwindowdoorparts.com/wp-content/uploads/2022/05/OT-290LH-1.jpg,,,,,,,,,266,Details,"Color: Aluminum, Beige, Bronze, Brown, Clay, Coppertone, Goldtone, Silver, Tan, White, Handing: Opposite, Shown",1,0,Truth/Entrygard,AWDP-TWB-2329,Window Operators & Cranks,"Truth, Entrygard"
,simple,AWDP-TI-75,"Truth EntryGard Dual Arm Casement Operator | 3 3/4"" Short Arm",1,0,visible,"Available as operator only or in beige, bronze, chestnut bronze, clay, coppertone, gold or white. To determine left or right handing, view window from outside. If hinged on left side, order a left hand operator. If a color is selected, it will be shipped with a gear box cover # AWDP-PE-341 , crank h","Available as operator only or in beige, bronze, chestnut bronze, clay, coppertone, gold or white. To determine left or right handing, view window from outside. If hinged on left side, order a left hand operator. If a color is selected, it will be shipped with a gear box cover # AWDP-PE-341 , crank handle # AWDP-PP-454 , stud bracket and screws. Used with # AWDP-PF-75 egress hinge and # AWDP-OE-473 track (sold separately).",,,taxable,,1,,,0,0,,,,,1,,,84.86,Window Operators & Cranks,"casement, awning, operator, hinge, door",,https://www.allwindowdoorparts.com/wp-content/uploads/2022/05/PI-16L-1.jpg,,,,,,,,,267,Details,"Color: Operator Only, Beige, Bronze, Chestnut Bronze, Clay, Coppertone, Gold, White, Handing: Left, Right",1,0,Truth/Entrygard,AWDP-TI-75,Window Operators & Cranks,Truth
,simple,AWDP-TWB-2329,"Greenhouse Window Operator | 9 1/2""",1,0,visible,Available in black.,Available in black.,,,taxable,,1,,,0,0,,,,,1,,,146.47,Window Operators & Cranks,"operator, door",,https://www.allwindowdoorparts.com/wp-content/uploads/2022/05/LEE-21266.jpg,,,,,,,,,268,,,1,0,Truth/Entrygard,AWDP-TWB-2329,Window Operators & Cranks,Truth
,simple,AWDP-OA-220,Truth Single Arm Sill Mounted Casement Operator,1,0,visible,Handing available as shown or opposite.,Handing available as shown or opposite.,,,taxable,,1,,,0,0,,,,,1,,,89.13,Window Operators & Cranks,"casement, operator, door",,https://www.allwindowdoorparts.com/wp-content/uploads/2022/05/OT-402EN-1.jpg,,,,,,,,,269,Details,"Handing: Opposite, Shown",1,0,Truth/Entrygard,AWDP-OA-220,Window Operators & Cranks,Truth
,simple,AWDP-SC,"Truth Maxim Egress Casement Window Hinge | 13""",1,0,visible,"13"" track length. Sold in pairs with screws. For use with casement operators # AWDP-IE-00 , # AWDP-IE-10 , # AWDP-IE-50 , and # AWDP-IR-11 .","13"" track length. Sold in pairs with screws. For use with casement operators # AWDP-IE-00 , # AWDP-IE-10 , # AWDP-IE-50 , and # AWDP-IR-11 .",,,taxable,,1,,,0,0,,,,,1,,,82.41,Window Operators & Cranks,"casement, awning, operator, door",,https://www.allwindowdoorparts.com/wp-content/uploads/2022/05/PF-12-2.jpg,,,,,,,,,270,,,1,0,Truth/Entrygard,AWDP-SC,Window Operators & Cranks,Truth
,simple,AWDP-OA-220,Truth Maxim Series Split Arm Casement Operator,1,0,visible,Available in white. Handing as shown or opposite.,Available in white. Handing as shown or opposite.,,,taxable,,1,,,0,0,,,,,1,,,72.54,Window Operators & Cranks,"casement, operator, door",,https://www.allwindowdoorparts.com/wp-content/uploads/2022/05/OT-555-3.jpg,,,,,,,,,271,Details,"Handing: Opposite, Shown",1,0,Truth/Entrygard,AWDP-OA-220,Window Operators & Cranks,Truth
,simple,AWDP-HWRE-25,"Truth Maxim Single Arm Casement Operator | 12""",1,0,visible,"Available in beige, bronze, chestnut bronze, clay, coppertone, gold and white. Ships with # AWDP-PP-454 handle and screws. Used with # AWDP-PF-97 hinge and # AWDP-PP-576 track (sold separately).","Available in beige, bronze, chestnut bronze, clay, coppertone, gold and white. Ships with # AWDP-PP-454 handle and screws. Used with # AWDP-PF-97 hinge and # AWDP-PP-576 track (sold separately).",,,taxable,,1,,,0,0,,,,,1,,,102.11,Window Operators & Cranks,"casement, operator, hinge, door",,https://www.allwindowdoorparts.com/wp-content/uploads/2022/05/IR-01-1.jpg,,,,,,,,,272,Details,"Color: Beige, Bronze, Chestnut Bronze, Clay, Coppertone, Gold, White, Handing: Left, Right",1,0,Truth/Entrygard,AWDP-HWRE-25,Window Operators & Cranks,Entrygard
,simple,AWDP-TWB-2329,"Truth Ellipse Style Single Arm Sill Mounted Casement Operator | 9 1/2""",1,0,visible,"Available in bronze, gold and white. Handing as shown or opposite. Handle sold separately.","Available in bronze, gold and white. Handing as shown or opposite. Handle sold separately.",,,taxable,,1,,,0,0,,,,,1,,,47.91,Window Operators & Cranks,"casement, operator, door",,https://www.allwindowdoorparts.com/wp-content/uploads/2022/05/OT-128-3E-1.jpg,,,,,,,,,273,Details,"Color: Bronze, Gold, White, Handing: Opposite, Shown",1,0,Truth/Entrygard,AWDP-TWB-2329,Window Operators & Cranks,Truth
,simple,AWDP-HWRE-25,"Truth Rear Mount Dyad Casement Operator | 9 7/8""",1,0,visible,Available in bronze and white. Handing as shown or opposite.,Available in bronze and white. Handing as shown or opposite.,,,taxable,,1,,,0,0,,,,,1,,,87.32,Window Operators & Cranks,"casement, operator, door",,https://www.allwindowdoorparts.com/wp-content/uploads/2022/05/OT-248-1-2.jpg,,,,,,,,,274,Details,"Color: Bronze, White, Handing: Opposite, Shown",1,0,Truth/Entrygard,AWDP-HWRE-25,Window Operators & Cranks,Truth
,simple,AWDP-PA-19,"Truth Rear Mount Dyad Casement Operator | 9""",1,0,visible,"Available in black, chestnut bronze, clay and white. Handing available as shown or opposite. Handle sold separately.","Available in black, chestnut bronze, clay and white. Handing available as shown or opposite. Handle sold separately.",,,taxable,,1,,,0,0,,,,,1,,,88.56,Window Operators & Cranks,"casement, operator, door",,https://www.allwindowdoorparts.com/wp-content/uploads/2022/05/OT-238-8.jpg,,,,,,,,,275,Details,"Color: Black, Chestnut Bronze, Clay, White, Handing: Opposite, Shown",1,0,Truth/Entrygard,AWDP-PA-19,Window Operators & Cranks,Truth
,simple,AWDP-PF-97,"Truth Rear Mount Dyad Casement Operator | 5 9/16""",1,0,visible,"Available in beige, bright white and white. Includes stability tab on bottom. Handle sold separately.","Available in beige, bright white and white. Includes stability tab on bottom. Handle sold separately.",,,taxable,,1,,,0,0,,,,,1,,,84.86,Window Operators & Cranks,"casement, operator, door",,https://www.allwindowdoorparts.com/wp-content/uploads/2022/05/OT-264-3.jpg,,,,,,,,,276,Details,"Color: Beige, Bright White, White, Handing: Opposite, Shown",1,0,Truth/Entrygard,AWDP-PF-97,Window Operators & Cranks,Truth
,simple,AWDP-TWB-2329,"Truth Rear Mount Dyad Casement Operator | 5 1/8""",1,0,visible,"Available in beige, bright white, and bronze.","Available in beige, bright white, and bronze.",,,taxable,,1,,,0,0,,,,,1,,,65.14,Window Operators & Cranks,"casement, operator, door",,https://www.allwindowdoorparts.com/wp-content/uploads/2022/05/OT-280-1.jpg,,,,,,,,,277,Details,"Color: Beige, Bright White, Bronze, Handing: Opposite, Shown",1,0,Truth/Entrygard,AWDP-TWB-2329,Window Operators & Cranks,Truth
,simple,AWDP-PT-52,"Truth Rear Mount Dyad Casement Operator | 6 11/16""",1,0,visible,"Available in beige, clay and white.","Available in beige, clay and white.",,,taxable,,1,,,0,0,,,,,1,,,97.18,Window Operators & Cranks,"casement, operator, door",,https://www.allwindowdoorparts.com/wp-content/uploads/2022/05/OT-274-3.jpg,,,,,,,,,278,Details,"Color: Beige, Clay, White, Handing: Opposite, Shown",1,0,Truth/Entrygard,AWDP-PT-52,Window Operators & Cranks,Truth
,simple,AWDP-TH-ROEAA,"Truth Rear Mount Dyad Casement Operator | 10 7/8""",1,0,visible,Available in bronze and white.,Available in bronze and white.,,,taxable,,1,,,0,0,,,,,1,,,81.63,Window Operators & Cranks,"casement, operator, door",,https://www.allwindowdoorparts.com/wp-content/uploads/2022/05/OT-252-1.jpg,,,,,,,,,279,Details,"Color: Bronze, White, Handing: Opposite, Shown",1,0,Truth/Entrygard,AWDP-TH-ROEAA,Window Operators & Cranks,Truth
,simple,AWDP-TI-75,"Truth Rear Mount Dyad Casement Operator | 5 1/4""",1,0,visible,Available in aluminum and bronze. Handle included.,Available in aluminum and bronze. Handle included.,,,taxable,,1,,,0,0,,,,,1,,,43.55,Window Operators & Cranks,"casement, operator, door",,https://www.allwindowdoorparts.com/wp-content/uploads/2022/05/OT-138.jpg,,,,,,,,,280,Details,"Color: Aluminum, Bronze, Handing: Opposite, Shown",1,0,Truth/Entrygard,AWDP-TI-75,Window Operators & Cranks,Truth
,simple,AWDP-C29-95775,"Truth Single Arm Casement Operator | 9 1/2"" Arm",1,0,visible,This operator ships with # AWDP-PP-454 crank handle and screws. Used with # AWDP-PF-75 or # AWDP-PF-77 hinges and # AWDP-OE-175 track (sold separately).,This operator ships with # AWDP-PP-454 crank handle and screws. Used with # AWDP-PF-75 or # AWDP-PF-77 hinges and # AWDP-OE-175 track (sold separately).,,,taxable,,1,,,0,0,,,,,1,,,84.87,Window Operators & Cranks,"casement, operator, roller, hinge, door",,https://www.allwindowdoorparts.com/wp-content/uploads/2022/05/RO-01-1.jpg,,,,,,,,,281,Details,"Handing: Left, Right, Mount: Front Mount, Rear Mount",1,0,Truth/Entrygard,AWDP-C29-95775,Window Operators & Cranks,Truth
,simple,AWDP-TI-75,"Truth Single Arm Casement Operator | 9 1/2"" or 13 1/2""",1,0,visible,"Operator with 9 1/2"" or 13 1/2"" arm. Available in bronze, chestnut bronze, clay, gold or white. Ships with # AWDP-PP-454 crank handle and screws. Used with # AWDP-PF-75 or # AWDP-PF-77 hinge and # AWDP-OE-150 track.","Operator with 9 1/2"" or 13 1/2"" arm. Available in bronze, chestnut bronze, clay, gold or white. Ships with # AWDP-PP-454 crank handle and screws. Used with # AWDP-PF-75 or # AWDP-PF-77 hinge and # AWDP-OE-150 track.",,,taxable,,1,,,0,0,,,,,1,,,60.22,Window Operators & Cranks,"operator, roller, hinge, door",,https://www.allwindowdoorparts.com/wp-content/uploads/2022/05/PI-31-1.jpg,,,,,,,,,282,Details,"Arm Length: 9 1/2"", 13 1/2"", Color: Bronze, Chestnut Bronze, Clay, Gold, White, Handing: Left, Right",1,0,Truth/Entrygard,AWDP-TI-75,Window Operators & Cranks,Norco
,simple,AWDP-TI-75,"Truth Single Arm Rear Mount Casement Operator | 7 1/2""",1,0,visible,"Arm length: 7 1/2"" Available in beige and black. Handle sold separately.","Arm length: 7 1/2"" Available in beige and black. Handle sold separately.",,,taxable,,1,,,0,0,,,,,1,,,87.33,Window Operators & Cranks,"casement, operator, roller, door",,https://www.allwindowdoorparts.com/wp-content/uploads/2022/05/OT-338.jpg,,,,,,,,,283,Details,"Color: Beige, Black, Handing: Opposite, Shown",1,0,Truth/Entrygard,AWDP-TI-75,Window Operators & Cranks,Truth
,simple,AWDP-OT-154,"Truth Split Arm Casement Operator | 9 5/8""",1,0,visible,"Available in bronze, gold and white. Shipped with # AWDP-PP-454 crank handle, bracket and screws. Used with hinge # ADWP-PF-75 (sold separately).","Available in bronze, gold and white. Shipped with # AWDP-PP-454 crank handle, bracket and screws. Used with hinge # ADWP-PF-75 (sold separately).",,,taxable,,1,,,0,0,,,,,1,,,72.54,Window Operators & Cranks,"operator, hinge, door",,https://www.allwindowdoorparts.com/wp-content/uploads/2022/05/PI-18-1.jpg,,,,,,,,,284,Details,"Color: Bronze, Gold, White, Handing: Left, Right",1,0,Truth/Entrygard,AWDP-OT-154,Window Operators & Cranks,Truth
,simple,AWDP-C29-95775,Truth Telescoping Pole with Hex Ball Drive | 6&#8242;-10&#8242;,1,0,visible,6 foot pole extends to 10 feet. Must be used to drive an operator with hex ball drive adapter applied. Can be used with 3 foot pole extension # AWDP-OE-681 (sold separately).,6 foot pole extends to 10 feet. Must be used to drive an operator with hex ball drive adapter applied. Can be used with 3 foot pole extension # AWDP-OE-681 (sold separately).,,,taxable,,1,,,0,0,,,,,1,,,207.76,Window Operators & Cranks,"operator, door",,https://www.allwindowdoorparts.com/wp-content/uploads/2022/05/PE-637-1.jpg,,,,,,,,,285,,,1,0,Truth/Entrygard,AWDP-C29-95775,Window Operators & Cranks,Truth
,simple,AWDP-SC,"Truth Maxim Series Sill Mounted Casement Operator | 12""",1,0,visible,Truth Maxim Series 12 Inch sill mounted casement operator designed for smooth and reliable window operation. Features a low‑profile single arm with pivot shoe for precise opening and closing.,Truth Maxim Series 12 Inch sill mounted casement operator designed for smooth and reliable window operation. Features a low‑profile single arm with pivot shoe for precise opening and closing.,,,taxable,,1,,,0,0,,,,,1,,,114.43,Window Operators & Cranks,"casement, operator, door",,https://www.allwindowdoorparts.com/wp-content/uploads/2022/05/OT-423-1.jpg,,,,,,,,,286,Details,"Handing: Opposite, Shown",1,0,Truth/Entrygard,AWDP-SC,Window Operators & Cranks,Truth
,simple,AWDP-SC,Truth Encore Series Dyad Sill Mounted Casement Operator,1,0,visible,Handing available as shown or opposite.,Handing available as shown or opposite.,,,taxable,,1,,,0,0,,,,,1,,,65.15,Window Operators & Cranks,"operator, door",,https://www.allwindowdoorparts.com/wp-content/uploads/2022/05/OT-371EN-1.jpg,,,,,,,,,287,Details,"Handing: Opposite, Shown",1,0,Truth/Entrygard,AWDP-SC,Window Operators & Cranks,Truth
,simple,AWDP-SC,"Truth Maxim Series Reverse Dyad Casement Operator | 5""",1,0,visible,Available in bronze and white. Handle sold separately.,Available in bronze and white. Handle sold separately.,,,taxable,,1,,,0,0,,,,,1,,,67.62,Window Operators & Cranks,"operator, door",,https://www.allwindowdoorparts.com/wp-content/uploads/2022/05/OT-373-1-1.jpg,,,,,,,,,288,Details,"Color: Bronze, White, Handing: Opposite, Shown",1,0,Truth/Entrygard,AWDP-SC,Window Operators & Cranks,Truth
,simple,AWDP-PETT-0999,"Truth Swing Lite Crank Operator | 9""",1,0,visible,Handing as shown or opposite. Handle included.,Handing as shown or opposite. Handle included.,,,taxable,,1,,,0,0,,,,,1,,,134.14,Window Operators & Cranks,"operator, door",,https://www.allwindowdoorparts.com/wp-content/uploads/2022/05/LEE-366.jpg,,,,,,,,,289,Details,"Handing: Opposite, Shown",1,0,Truth/Entrygard,AWDP-PETT-0999,Window Operators & Cranks,Truth
,simple,AWDP-BT-511,"Truth Maxim Dual Arm Large Casement Operator | 19""",1,0,visible,"Available in beige, bronze, chestnut bronze, clay, coppertone, gold and white. Shipped with handle # AWDP-PP-454 , stud bracket and screws. Used with # AWDP-PF-97 or # AWDP-PF-12 hinge and # AWDP-PP-576 track.","Available in beige, bronze, chestnut bronze, clay, coppertone, gold and white. Shipped with handle # AWDP-PP-454 , stud bracket and screws. Used with # AWDP-PF-97 or # AWDP-PF-12 hinge and # AWDP-PP-576 track.",,,taxable,,1,,,0,0,,,,,1,,,77.43,Window Operators & Cranks,"operator, hinge, door",,https://www.allwindowdoorparts.com/wp-content/uploads/2022/05/IE-00-1.jpg,,,,,,,,,290,Details,"Color: Beige, Bronze, Chestnut Bronze, Clay, Coppertone, Gold, White, Handing: Left, Right",1,0,Truth/Entrygard,AWDP-BT-511,Window Operators & Cranks,Entrygard
,simple,AWDP-SSWP,"Truth Maxim Dyad Casement Operator | 4 3/8""",1,0,visible,"Available in beige, bronze, chestnut bronze, clay, coppertone, gold and white. Ships with # AWDP-PP-454 handle, stud bracket and screws. Used with washability hinge # AWDP-PF-97 or hinge # AWDP-PF-12 (sold separately).","Available in beige, bronze, chestnut bronze, clay, coppertone, gold and white. Ships with # AWDP-PP-454 handle, stud bracket and screws. Used with washability hinge # AWDP-PF-97 or hinge # AWDP-PF-12 (sold separately).",,,taxable,,1,,,0,0,,,,,1,,,79.93,Window Operators & Cranks,"operator, hinge, door",,https://www.allwindowdoorparts.com/wp-content/uploads/2022/05/IE-50-1.jpg,,,,,,,,,291,Details,"Color: Beige, Bronze, Chestnut Bronze, Clay, Coppertone, White, Handing: Left, Right",1,0,Truth/Entrygard,AWDP-SSWP,Window Operators & Cranks,Entrygard
,simple,AWDP-TE-727,"Truth Front Mount Single Arm Casement Operator | 6""",1,0,visible,"Arm length: 6"" Available in chestnut bronze.","Arm length: 6"" Available in chestnut bronze.",,,taxable,,1,,,0,0,,,,,1,,,97.18,Window Operators & Cranks,"operator, roller, door",,https://www.allwindowdoorparts.com/wp-content/uploads/2022/05/OT-230-1-1.jpg,,,,,,,,,292,Details,"Handing: Shown, Opposite",1,0,Truth/Entrygard,AWDP-TE-727,Window Operators & Cranks,Truth
,simple,AWDP-FR-90,"Truth Maxim Series Dyad Operator | 9""",1,0,visible,"Available in beige, bright white, bronze, cocoa brown and white.","Available in beige, bright white, bronze, cocoa brown and white.",,,taxable,,1,,,0,0,,,,,1,,,67.62,Window Operators & Cranks,"operator, door",,https://www.allwindowdoorparts.com/wp-content/uploads/2022/05/OT-371-3.jpg,,,,,,,,,293,Details,"Color: Beige, Bright White, Bronze, Cocoa Brown, White, Handing: Opposite, Shown",1,0,Truth/Entrygard,AWDP-FR-90,Window Operators & Cranks,Truth
,simple,AWDP-OA-137,"Truth Ellipse Style Single Arm Casement Operator | 9 1/2""",1,0,visible,Arm length: 9 1/2″ Available in white.,Arm length: 9 1/2″ Available in white.,,,taxable,,1,,,0,0,,,,,1,,,50.27,Window Operators & Cranks,"casement, operator, door",,https://www.allwindowdoorparts.com/wp-content/uploads/2022/05/OT-377-1.jpg,,,,,,,,,294,Details,"Handing: Opposite, Shown",1,0,Truth/Entrygard,AWDP-OA-137,Window Operators & Cranks,Truth
,simple,AWDP-HWRE-25,"Truth Rear Mount Dyad Casement Operator | 5 9/16""",1,0,visible,"Available in black, clay and white. Handle sold separately.","Available in black, clay and white. Handle sold separately.",,,taxable,,1,,,0,0,,,,,1,,,97.18,Window Operators & Cranks,"casement, operator, door",,https://www.allwindowdoorparts.com/wp-content/uploads/2022/05/OT-240-3.jpg,,,,,,,,,295,Details,"Color: Black, Clay, White, Handing: Opposite, Shown",1,0,Truth/Entrygard,AWDP-HWRE-25,Window Operators & Cranks,Truth
,simple,AWDP-C29-92009,Two Point Door Mortise Lock System,1,0,visible,Faceplate: 3/4 inches x 11 3/4 inches Available standard or in stainless steel.,Faceplate: 3/4 inches x 11 3/4 inches Available standard or in stainless steel.,,,taxable,,1,,,0,0,,,,,1,,,99.55,Door Hardware,"lock, door",,https://www.allwindowdoorparts.com/wp-content/uploads/2022/05/PT-452-1.jpg,,,,,,,,,296,Details,"Type: Standard, Stainless Steel Coastal Type",1,0,All Window Door Parts,AWDP-C29-92009,Door Hardware,
,simple,AWDP-PAEE-2982A,Casement Window Flex-Leg Weatherstrip V195,1,0,visible,"Shipped in 72"" lengths Available in black. Bulb height: 1/4"", compresses to 1/8"" Note: This V195 style replaces old style V191, which has been discontinued.","Shipped in 72"" lengths Available in black. Bulb height: 1/4"", compresses to 1/8"" Note: This V195 style replaces old style V191, which has been discontinued.",,,taxable,,1,,,0,0,,,,,1,,,155.92,Weatherstripping & Seals,"casement, weatherstrip, door",,https://www.allwindowdoorparts.com/wp-content/uploads/2022/05/PIAE-8999.jpg,,,,,,,,,297,Details,"Quantity: 6, 12, 24, 48",1,0,All Window Door Parts,AWDP-PAEE-2982A,Weatherstripping & Seals,
,simple,AWDP-PT-175,E-Lon Foam-Tite Door Seal,1,0,visible,"Available in brown, tan and white. Sold in lengths of 38"", 82"" or 97"". Sold in multiples of 10 lengths. Kerf width: 0.125"" Kerf depth: 0.400"" minimum","Available in brown, tan and white. Sold in lengths of 38"", 82"" or 97"". Sold in multiples of 10 lengths. Kerf width: 0.125"" Kerf depth: 0.400"" minimum",,,taxable,,1,,,0,0,,,,,1,,,154.55,Door Hardware,"weatherstrip, lock, door",,https://www.allwindowdoorparts.com/wp-content/uploads/2022/05/TO-634-1.jpg,,,,,,,,,298,Details,"Color: Brown, Tan, White, Length: 38"", 82"", 97""",1,0,All Window Door Parts,AWDP-PT-175,Door Hardware,
,simple,AWDP-VGB-IR-11,Snap-In Vinyl Glazing Bead | AWDP-TI-384,1,0,visible,"Available in black, bronze and white. Minimum order is 144 feet and is shipped in 6 foot (72″) lengths.","Available in black, bronze and white. Minimum order is 144 feet and is shipped in 6 foot (72″) lengths.",,,taxable,,1,,,0,0,,,,,1,,,273.24,Glazing & Seals,"casement, awning, glazing, door",,https://www.allwindowdoorparts.com/wp-content/uploads/2022/05/TI-384-1.jpg,,,,,,,,,299,Details,"Color: Black, Bronze, White, Length: 144', 192', 240', 384'",1,0,All Window Door Parts,AWDP-VGB-IR-11,Glazing & Seals,
,simple,AWDP-VGB-FT-31,Snap-In Vinyl Glazing Bead | AWDP-TI-61,1,0,visible,"Available in black and white. Minimum order is 120 lineal feet and ships in lengths of 6 feet (72"").","Available in black and white. Minimum order is 120 lineal feet and ships in lengths of 6 feet (72"").",,,taxable,,1,,,0,0,,,,,1,,,237.60,Glazing & Seals,"casement, awning, glazing, door",,https://www.allwindowdoorparts.com/wp-content/uploads/2022/05/TI-61.jpg,,,,,,,,,300,Details,"Color: Black, White, Length: 120', 144', 192', 240', 360'",1,0,Truth/Entrygard,AWDP-VGB-FT-31,Glazing & Seals,"Truth, Simonton, Silverline"
,simple,AWDP-TI-90,"Vinyl Door Bottom Sweep Seal | 1 3/4""",1,0,visible,"Available in brown. Length is 37"" and can be cut to custom fit any 1 3/4"" door. Sold in packs of three (3).","Available in brown. Length is 37"" and can be cut to custom fit any 1 3/4"" door. Sold in packs of three (3).",,,taxable,,1,,,0,0,,,,,1,,,60.22,Weatherstripping & Seals,"weatherstrip, door",,https://www.allwindowdoorparts.com/wp-content/uploads/2022/05/PL-1053-1.jpg,,,,,,,,,301,,,1,0,All Window Door Parts,AWDP-TI-90,Weatherstripping & Seals,
,simple,AWDP-VGB-FT-15,Vinyl Door Sweep,1,0,visible,"Available in brown only and in lengths of 36"" or 48"". Minimum order of 2 units are required.","Available in brown only and in lengths of 36"" or 48"". Minimum order of 2 units are required.",,,taxable,,1,,,0,0,,,,,1,,,66.54,Glazing & Seals,"weatherstrip, door",,https://www.allwindowdoorparts.com/wp-content/uploads/2022/05/19-FF7-48.jpg,,,,,,,,,302,Details,"Length: 36"", 48""",1,0,All Window Door Parts,AWDP-VGB-FT-15,Glazing & Seals,
,simple,AWDP-LEE-20766,Snap-In Vinyl Glazing Bead | AWDP-LEE-11865,1,0,visible,Available in black or white. Minimum order is 120 feet and is shipped in 6 foot lengths.,Available in black or white. Minimum order is 120 feet and is shipped in 6 foot lengths.,,,taxable,,1,,,0,0,,,,,1,,,326.71,Glazing & Seals,"casement, awning, glazing, door",,https://www.allwindowdoorparts.com/wp-content/uploads/2022/05/LEE-11865.jpg,,,,,,,,,303,Details,"Color: Black, White, Length: 120', 144', 192', 240', 360'",1,0,All Window Door Parts,AWDP-LEE-20766,Glazing & Seals,Silverline
,simple,AWDP-VGB-FI-11,Snap-In Vinyl Glazing Bead | AWDP-LEE-16067,1,0,visible,"Available in adobe grey, black or white. Minimum order is 120 feet and is shipped in 6 foot lengths.","Available in adobe grey, black or white. Minimum order is 120 feet and is shipped in 6 foot lengths.",,,taxable,,1,,,0,0,,,,,1,,,317.77,Glazing & Seals,"casement, awning, glazing, door",,https://www.allwindowdoorparts.com/wp-content/uploads/2022/05/LEE-16067.jpg,,,,,,,,,304,Details,"Color: Adobe Grey, Black, White, Length: 120', 144', 192', 240', 360'",1,0,All Window Door Parts,AWDP-VGB-FI-11,Glazing & Seals,
,simple,AWDP-LEE-16683,Vinyl Glazing Spline | AWDP-TB-1,1,0,visible,Available in gray and in 100 lineal foot rolls only.,Available in gray and in 100 lineal foot rolls only.,,,taxable,,1,,,0,0,,,,,1,,,112.07,Glazing & Seals,"glazing, door",,https://www.allwindowdoorparts.com/wp-content/uploads/2022/05/TB-1.jpg,,,,,,,,,305,,,1,0,Truth/Entrygard,AWDP-LEE-16683,Glazing & Seals,"Truth, Marvin"
,simple,AWDP-SC,Casement Window Slide Hinge,1,0,visible,"Casement window slide hinge arm (pair). For 10"" tracks.","Casement window slide hinge arm (pair). For 10"" tracks.",,,taxable,,1,,,0,0,,,,,1,,,54.75,Window Operators & Cranks,"casement, hinge, door",,https://www.allwindowdoorparts.com/wp-content/uploads/2022/05/24-EP.jpg,,,,,,,,,306,,,1,0,All Window Door Parts,AWDP-SC,Window Operators & Cranks,
,simple,AWDP-PT-52,Weather Shield Complete Lockset,1,0,visible,"Available in polished brass, polished chrome and satin nickel.","Available in polished brass, polished chrome and satin nickel.",,,taxable,,1,,,0,0,,,,,1,,,298.65,Window Operators & Cranks,"lock, door",,https://www.allwindowdoorparts.com/wp-content/uploads/2022/05/II-126.jpg,,,,,,,,,307,Details,"Color: Polished Brass, Polished Chrome, Satin Nickel",1,0,All Window Door Parts,AWDP-PT-52,Window Operators & Cranks,
,simple,AWDP-PL-1053,Weather Strip Seal | Leaf Type,1,0,visible,"Available in beige and white. Sold in groups of ten (10) pieces at 8 foot (96"") lengths.","Available in beige and white. Sold in groups of ten (10) pieces at 8 foot (96"") lengths.",,,taxable,,1,,,0,0,,,,,1,,,295.77,Weatherstripping & Seals,"weatherstrip, door",,https://www.allwindowdoorparts.com/wp-content/uploads/2022/05/WSSLT.jpg,,,,,,,,,308,Details,"Color: Beige, White",1,0,All Window Door Parts,AWDP-PL-1053,Weatherstripping & Seals,
,simple,AWDP-LEE-16933,.300 Weather-Strip Kerf Insert Seal,1,0,visible,Available in black or white. Rolls of various sizes and lengths from 100&#8242; to 2500&#8242;. Contact us for pricing and availability. Reference AWDP-LPB-713.,Available in black or white. Rolls of various sizes and lengths from 100&#8242; to 2500&#8242;. Contact us for pricing and availability. Reference AWDP-LPB-713.,,,taxable,,1,,,0,0,,,,,1,,,0.00,Door Hardware,"weatherstrip, door",,https://www.allwindowdoorparts.com/wp-content/uploads/2022/05/PRR-ER.jpg,,,,,,,,,309,,,1,0,All Window Door Parts,AWDP-LEE-16933,Door Hardware,
,simple,AWDP-TI-492,Weathervane Window Weatherseal,1,0,visible,Available in tan. Sold in lengths of 7 feet in packs of 20 lengths (140 lineal feet total).,Available in tan. Sold in lengths of 7 feet in packs of 20 lengths (140 lineal feet total).,,,taxable,,1,,,0,0,,,,,1,,,262.77,Weatherstripping & Seals,"casement, awning, weatherstrip, glazing, door",,https://www.allwindowdoorparts.com/wp-content/uploads/2022/05/LEE-20766.jpg,,,,,,,,,310,,,1,0,All Window Door Parts,AWDP-TI-492,Weatherstripping & Seals,
,simple,AWDP-TWB-2329,Weep Hole Covers,1,0,visible,"Available in beige, black, bright white and brown. Sold in packs of twenty-five (25).","Available in beige, black, bright white and brown. Sold in packs of twenty-five (25).",,,taxable,,1,,,0,0,,,,,1,,,102.54,Sash & Frame Parts,door,,https://www.allwindowdoorparts.com/wp-content/uploads/2022/05/LEE-PL-413-1.jpg,,,,,,,,,311,Details,"Color: Beige, Black, Bright White, Brown",1,0,All Window Door Parts,AWDP-TWB-2329,Sash & Frame Parts,
,simple,AWDP-PT-52,"Truth EntryGard Dual Arm Casement Window Operator | 4 7/16""",1,0,visible,"Long arm length: 10 1/2"" Short arm length: 4 7/16"" Handing available as shown or opposite. Link offset up or down. Clip postion on top or bottom. Stainles steel version available with link offset up and clip on top only.","Long arm length: 10 1/2"" Short arm length: 4 7/16"" Handing available as shown or opposite. Link offset up or down. Clip postion on top or bottom. Stainles steel version available with link offset up and clip on top only.",,,taxable,,1,,,0,0,,,,,1,,,72.53,Window Operators & Cranks,"casement, awning, operator, hinge, door",,https://www.allwindowdoorparts.com/wp-content/uploads/2022/05/OT-173-1.jpg,,,,,,,,,312,Details,"Handing: Opposite, Shown, Link Offset: Down, Up, Clip: Bottom, Top, Finish: E-Gard, Stainless Steel",1,0,Truth/Entrygard,AWDP-PT-52,Window Operators & Cranks,Truth
,simple,AWDP-TI-492,Vinyl Glazing Bead | AWDP-VGB-FI-11,1,0,visible,Available in beige and white. Sold in lengths of 6 feet (72″) with a minimum order of 120 lineal feet.,Available in beige and white. Sold in lengths of 6 feet (72″) with a minimum order of 120 lineal feet.,,,taxable,,1,,,0,0,,,,,1,,,403.33,Window Operators & Cranks,"casement, weatherstrip, glazing, door",,https://www.allwindowdoorparts.com/wp-content/uploads/2022/05/VGB-FI-11.jpg,,,,,,,,,313,Details,"Color: Beige, White, Length: 120', 144', 192', 240', 360'",1,0,All Window Door Parts,AWDP-TI-492,Window Operators & Cranks,"Norco, Silverline"
,simple,AWDP-VGB-FT-31,Wenco Snap-In Vinyl Glazing Bead | AWDP-TI-90,1,0,visible,"Available in white. Minimum order of 120 lineal feet and sold in 6&#8242; (72"") lengths.","Available in white. Minimum order of 120 lineal feet and sold in 6&#8242; (72"") lengths.",,,taxable,,1,,,0,0,,,,,1,,,346.54,Glazing & Seals,"glazing, door",,https://www.allwindowdoorparts.com/wp-content/uploads/2022/05/TI-90.jpg,,,,,,,,,314,Details,"Length: 120', 144', 192', 240', 360'",1,0,All Window Door Parts,AWDP-VGB-FT-31,Glazing & Seals,
,simple,AWDP-PAEE-2982A,Wenco Window Sash Lock,1,0,visible,"Comes in left or right hand. Available in beige, bronze, chestnut bronze, clay, coppertone, gold and white.","Comes in left or right hand. Available in beige, bronze, chestnut bronze, clay, coppertone, gold and white.",,,taxable,,1,,,0,0,,,,,1,,,40.51,Window Operators & Cranks,"casement, hinge, lock, door",,https://www.allwindowdoorparts.com/wp-content/uploads/2022/05/PT-27-3.jpg,,,,,,,,,315,Details,"Color: Beige, Bronze, Chestnut Bronze, Clay, Coppertone, Gold, White, Handing: Left Hand, Right Hand",1,0,All Window Door Parts,AWDP-PAEE-2982A,Window Operators & Cranks,
,simple,AWDP-VGB-FT-31,Snap-In Vinyl Glazing Bead | AWDP-LEE-14617,1,0,visible,"Available in beige, bronze and white. Minimum order of 120 lineal feet and is shipped in lengths of 8&#8242; (96"").","Available in beige, bronze and white. Minimum order of 120 lineal feet and is shipped in lengths of 8&#8242; (96"").",,,taxable,,1,,,0,0,,,,,1,,,986.77,Glazing & Seals,"glazing, door",,https://www.allwindowdoorparts.com/wp-content/uploads/2022/05/LEE-14617-1-1.jpg,,,,,,,,,316,Details,"Color: Beige, Bronze, White, Length: 120', 160', 192', 256', 320'",1,0,Andersen,AWDP-VGB-FT-31,Glazing & Seals,"Andersen, Norco"
,simple,AWDP-TE-727,Wenco Window Model JX7 Friction Shoe,1,0,visible,Available in white. Measurements: 2 1/16″ x 1″ Sold in packs of twelve (12).,Available in white. Measurements: 2 1/16″ x 1″ Sold in packs of twelve (12).,,,taxable,,1,,,0,0,,,,,1,,,147.82,Sash & Frame Parts,door,,https://www.allwindowdoorparts.com/wp-content/uploads/2022/05/BT-5PP-12.jpg,,,,,,,,,317,,,1,0,All Window Door Parts,AWDP-TE-727,Sash & Frame Parts,
,simple,AWDP-E-2014,Sliding Patio Door Handle Set | White,1,0,visible,Available in white. Mounting holes are 3-15/16 in. on center,Available in white. Mounting holes are 3-15/16 in. on center,,,taxable,,1,,,0,0,,,,,1,,,65.55,Door Hardware,"lock, door",,https://www.allwindowdoorparts.com/wp-content/uploads/2022/05/CPR-25-1.jpg,,,,,,,,,318,,,1,0,All Window Door Parts,AWDP-E-2014,Door Hardware,
,simple,AWDP-TO-634,White Weather Seal Polyflex,1,0,visible,Available in white. Sold in packs of 20. Ships in lengths of 7&#8242; (140 lineal feet).,Available in white. Sold in packs of 20. Ships in lengths of 7&#8242; (140 lineal feet).,,,taxable,,1,,,0,0,,,,,1,,,177.95,Weatherstripping & Seals,"weatherstrip, door",,https://www.allwindowdoorparts.com/wp-content/uploads/2022/05/TO-310.jpg,,,,,,,,,319,,,1,0,Truth/Entrygard,AWDP-TO-634,Weatherstripping & Seals,Truth
,simple,AWDP-LEE-16067,Snap-In Vinyl Glazing Bead | AWDP-TI-533,1,0,visible,"Available in bronze and white. Shipped in lengths of 6 feet (72"") with a mimimum order of 120 lineal feet.","Available in bronze and white. Shipped in lengths of 6 feet (72"") with a mimimum order of 120 lineal feet.",,,taxable,,1,,,0,0,,,,,1,,,224.41,Glazing & Seals,"glazing, door",,https://www.allwindowdoorparts.com/wp-content/uploads/2022/05/TI-533.jpg,,,,,,,,,320,Details,"Length: 120', 144', 192', 240', 360'",1,0,All Window Door Parts,AWDP-LEE-16067,Glazing & Seals,
,simple,AWDP-VGB-FT-31,Snap-In Vinyl Glazing Bead | AWDP-TI-67,1,0,visible,"Available in gray and white. Shipped in 6 foot (72"") lengths with a minimum order of 120 lineal feet.","Available in gray and white. Shipped in 6 foot (72"") lengths with a minimum order of 120 lineal feet.",,,taxable,,1,,,0,0,,,,,1,,,168.91,Glazing & Seals,"glazing, door",,https://www.allwindowdoorparts.com/wp-content/uploads/2022/05/TI-67.jpg,,,,,,,,,321,Details,"Length: 120', 144', 192', 240', 360'",1,0,Truth/Entrygard,AWDP-VGB-FT-31,Glazing & Seals,"Truth, Norco"
,simple,AWDP-VGB-FI-77,Vinyl Glazing Bead Muntin Bar | AWDP-TI-36,1,0,visible,"Available in white. Sold in 6 foot (72"") lengths with a mimimum order of 120 lineal feet.","Available in white. Sold in 6 foot (72"") lengths with a mimimum order of 120 lineal feet.",,,taxable,,1,,,0,0,,,,,1,,,588.17,Glazing & Seals,"glazing, door",,https://www.allwindowdoorparts.com/wp-content/uploads/2022/05/TI-36.jpg,,,,,,,,,322,Details,"Length: 120', 144', 192', 240', 360'",1,0,All Window Door Parts,AWDP-VGB-FI-77,Glazing & Seals,
,simple,AWDP-E-2014,Patio Door Tandem Roller,1,0,visible,Available in nylon and stainless steel. Sold in pairs.,Available in nylon and stainless steel. Sold in pairs.,,,taxable,,1,,,0,0,,,,,1,,,192.45,Door Hardware,"roller, door",,https://www.allwindowdoorparts.com/wp-content/uploads/2022/05/LIER-SPB-1.jpg,,,,,,,,,323,Details,"Outer Ring: Nylon, Stainless Steel",1,0,All Window Door Parts,AWDP-E-2014,Door Hardware,
,simple,AWDP-CP-219,"WinDoor Window and Patio Door Parts | 3"" Delrin Rollers Stainless Steel",1,0,visible,"3"" Delrin roller &#8211; priced per pair","3"" Delrin roller &#8211; priced per pair",,,taxable,,1,,,0,0,,,,,1,,,381.61,Door Hardware,"roller, door",,https://www.allwindowdoorparts.com/wp-content/uploads/2022/05/DR.jpg,,,,,,,,,324,,,1,0,All Window Door Parts,AWDP-CP-219,Door Hardware,
,simple,AWDP-VGB-FT-15,Snap-In Vinyl Glazing Bead | AWDP-TI-456,1,0,visible,"Available in bronze, tan and white. Minimum order is 120 feet and is shipped in 6 foot (72"") lengths.","Available in bronze, tan and white. Minimum order is 120 feet and is shipped in 6 foot (72"") lengths.",,,taxable,,1,,,0,0,,,,,1,,,237.61,Glazing & Seals,"casement, awning, glazing, door",,https://www.allwindowdoorparts.com/wp-content/uploads/2022/05/TI-456.jpg,,,,,,,,,325,Details,"Color: Bronze, Tan, White, Length: 120', 144', 192', 240', 360'",1,0,Peachtree,AWDP-VGB-FT-15,Glazing & Seals,"Pella, Peachtree"
,simple,AWDP-LIER-SPB,Glass Patio Door Handle,1,0,visible,"Available in almond, antique brass, black, brass, bronze, brushed chrome and white. Offset latch. Screw hole spacing 3-15/16"" 8- 1/2"" long, 1"" wide","Available in almond, antique brass, black, brass, bronze, brushed chrome and white. Offset latch. Screw hole spacing 3-15/16"" 8- 1/2"" long, 1"" wide",,,taxable,,1,,,0,0,,,,,1,,,151.39,Door Hardware,"lock, door",,https://www.allwindowdoorparts.com/wp-content/uploads/2022/05/PO-245-1.jpg,,,,,,,,,326,Details,"Color: Almond, Antique Brass, Black, Brass, Bronze, Brushed Chrome, White",1,0,Truth/Entrygard,AWDP-LIER-SPB,Door Hardware,Truth
,simple,AWDP-PA-19,"Truth Single Arm Sill Mounted Casement Operator | 13 1/2""",1,0,visible,"Available in white, bronze and gold. Handing as shown or opposite. Handle sold separately.","Available in white, bronze and gold. Handing as shown or opposite. Handle sold separately.",,,taxable,,1,,,0,0,,,,,1,,,60.22,Window Operators & Cranks,"casement, operator, door",,https://www.allwindowdoorparts.com/wp-content/uploads/2022/05/OT-152-1.jpg,,,,,,,,,327,Details,"Color: Bronze, Gold, White, Handing: Opposite, Shown",1,0,Truth/Entrygard,AWDP-PA-19,Window Operators & Cranks,Truth
,simple,AWDP-PETT-0999,Window Cam Locks and Keeper Assembly,1,0,visible,Sold in packs of two (2). Available in bronze and white.,Sold in packs of two (2). Available in bronze and white.,,,taxable,,1,,,0,0,,,,,1,,,45.37,Sash & Frame Parts,"lock, door",,https://www.allwindowdoorparts.com/wp-content/uploads/2022/05/PA-19-2.jpg,,,,,,,,,328,Details,"Color: Bronze, White",1,0,Truth/Entrygard,AWDP-PETT-0999,Sash & Frame Parts,Entrygard
,simple,AWDP-BT-511,Truth Entrygard Folding Handle Coversion Kit,1,0,visible,Available in bronze and white.,Available in bronze and white.,,,taxable,,1,,,0,0,,,,,1,,,42.77,Window Operators & Cranks,"casement, operator, door",,https://www.allwindowdoorparts.com/wp-content/uploads/2022/05/OA-220-1.jpg,,,,,,,,,329,Details,"Color: Bronze, White",1,0,Truth/Entrygard,AWDP-BT-511,Window Operators & Cranks,Truth
,simple,AWDP-TI-492,Snap-In Vinyl Glazing Bead | AWDP-VGB-IR-11,1,0,visible,"Available in champagne, tan and white. Sold in packs of 20 with lengths of 6 feet (120 total lineal feet per order).","Available in champagne, tan and white. Sold in packs of 20 with lengths of 6 feet (120 total lineal feet per order).",,,taxable,,1,,,0,0,,,,,1,,,301.12,Glazing & Seals,"weatherstrip, glazing, door",,https://www.allwindowdoorparts.com/wp-content/uploads/2022/05/VGB-IR-11.jpg,,,,,,,,,330,Details,"Color: Champagne, Tan, White",1,0,Oldach,AWDP-TI-492,Glazing & Seals,"Peachtree, Oldach"
,simple,AWDP-VGB-FI-11,Window Frame Weather Strip,1,0,visible,"Available in beige or black. Priced per 4 pieces of length 75"" each.","Available in beige or black. Priced per 4 pieces of length 75"" each.",,,taxable,,1,,,0,0,,,,,1,,,63.01,Weatherstripping & Seals,"weatherstrip, door",,https://www.allwindowdoorparts.com/wp-content/uploads/2022/05/VP-38-1.jpg,,,,,,,,,331,Details,"Color: Beige, Black",1,0,All Window Door Parts,AWDP-VGB-FI-11,Weatherstripping & Seals,
,simple,AWDP-TI-516,Clad Glazing Bead | AWDP-VI-35,1,0,visible,"Available in bronze, brown, pebble and stone white. Sold in lengths of 150 inches. Cut in half for shipping- you will receive 2 pieces of 75 inches each.","Available in bronze, brown, pebble and stone white. Sold in lengths of 150 inches. Cut in half for shipping- you will receive 2 pieces of 75 inches each.",,,taxable,,1,,,0,0,,,,,1,,,76.98,Glazing & Seals,"glazing, door",,https://www.allwindowdoorparts.com/wp-content/uploads/2022/05/VI-35-1.jpg,,,,,,,,,332,Details,"Color: Bronze, Brown, Pebble, Stone White",1,0,All Window Door Parts,AWDP-TI-516,Glazing & Seals,"Marvin, Silverline"
,simple,AWDP-VGB-FT-31,Snap-In Vinyl Glazing Bead | AWDP-TI-367,1,0,visible,"Available in gray. Ships in lenghts of 8&#8242; (96"") with a minimum order of 144 lineal feet.","Available in gray. Ships in lenghts of 8&#8242; (96"") with a minimum order of 144 lineal feet.",,,taxable,,1,,,0,0,,,,,1,,,1358.28,Glazing & Seals,"casement, awning, glazing, door",,https://www.allwindowdoorparts.com/wp-content/uploads/2022/05/TI-367.jpg,,,,,,,,,333,Details,"Length: 144', 192', 240', 360'",1,0,Oldach,AWDP-VGB-FT-31,Glazing & Seals,"Peachtree, Oldach"
,simple,AWDP-TI-90,Snap-In Vinyl Glazing Bead | AWDP-TI-365,1,0,visible,"Available in white. Ships in lengths of 8 feet (96"") with a minimum order of 120 lineal feet.","Available in white. Ships in lengths of 8 feet (96"") with a minimum order of 120 lineal feet.",,,taxable,,1,,,0,0,,,,,1,,,590.70,Glazing & Seals,"glazing, door",,https://www.allwindowdoorparts.com/wp-content/uploads/2022/05/TI-365.jpg,,,,,,,,,334,Details,"Length: 120', 144', 192', 240', 360'",1,0,All Window Door Parts,AWDP-TI-90,Glazing & Seals,
,simple,AWDP-TI-67,Snap-In Vinyl Glazing Bead | AWDP-LEE-16683,1,0,visible,Available in beige and white. Sold in lengths of 6 feet (72″) with a minimum order of 120 lineal feet.,Available in beige and white. Sold in lengths of 6 feet (72″) with a minimum order of 120 lineal feet.,,,taxable,,1,,,0,0,,,,,1,,,237.61,Glazing & Seals,"glazing, door",,https://www.allwindowdoorparts.com/wp-content/uploads/2022/05/LEE-16683.jpg,,,,,,,,,335,Details,"Color: Bronze, White, Length: 120', 144', 192', 240', 360'",1,0,All Window Door Parts,AWDP-TI-67,Glazing & Seals,
,simple,AWDP-VGB-FT-31,Snap-In Metal Glazing Bead | AWDP-TI-492,1,0,visible,"Width: 1 1/8"" Available in black, bronze, mill and white. Sold in lengths of 6 feet (72″) with a minimum order of 120 lineal feet.","Width: 1 1/8"" Available in black, bronze, mill and white. Sold in lengths of 6 feet (72″) with a minimum order of 120 lineal feet.",,,taxable,,1,,,0,0,,,,,1,,,298.81,Glazing & Seals,"glazing, door",,https://www.allwindowdoorparts.com/wp-content/uploads/2022/05/TI-492.jpg,,,,,,,,,336,Details,"Color: Black, Bronze, Mill, White, Length: 120', 144', 192', 240', 360'",1,0,Truth/Entrygard,AWDP-VGB-FT-31,Glazing & Seals,"Entrygard, Marvin, Peachtree"
,simple,AWDP-JLK,Window Opening and Venting Opener Units,1,0,visible,"Starts opening between 60 &#8211; 77°F, replaces manual vent arm.","Starts opening between 60 &#8211; 77°F, replaces manual vent arm.",,,taxable,,1,,,0,0,,,,,1,,,70.65,Sash & Frame Parts,door,,https://www.allwindowdoorparts.com/wp-content/uploads/2022/05/AWO-1.jpg,,,,,,,,,337,,,1,0,All Window Door Parts,AWDP-JLK,Sash & Frame Parts,
,simple,AWDP-PA-19,Casement Awning Window Sash Lock | HomeGard,1,0,visible,"Non-handed. Available in bronze, gold or white.","Non-handed. Available in bronze, gold or white.",,,taxable,,1,,,0,0,,,,,1,,,34.78,Window Operators & Cranks,"screen, lock, door",,https://www.allwindowdoorparts.com/wp-content/uploads/2022/05/PT-52.jpg,,,,,,,,,338,Details,"Color: Bronze, Gold, White",1,0,Truth/Entrygard,AWDP-PA-19,Window Operators & Cranks,"Truth, Entrygard"
,simple,AWDP-PT-52,Window Sash Pivot Pin | Pack of Six,1,0,visible,Sold in packs of six (6).,Sold in packs of six (6).,,,taxable,,1,,,0,0,,,,,1,,,80.48,Sash & Frame Parts,door,,https://www.allwindowdoorparts.com/wp-content/uploads/2022/05/PETT-0999.jpg,,,,,,,,,339,,,1,0,All Window Door Parts,AWDP-PT-52,Sash & Frame Parts,Marvin
,simple,AWDP-PT-27,Pocket Style Foam Seals Weatherstrip,1,0,visible,This product is currently out of stock.,This product is currently out of stock.,,,taxable,,1,,,0,0,,,,,1,,,0.00,Weatherstripping & Seals,"weatherstrip, door",,https://www.allwindowdoorparts.com/wp-content/uploads/2022/05/QWS-FFE.jpg,,,,,,,,,340,,,1,0,All Window Door Parts,AWDP-PT-27,Weatherstripping & Seals,
,simple,AWDP-TI-456,Snap-In Vinyl Glazing Bead | AWDP-VGB-IA-71,1,0,visible,"Available in beige, black and white. Sold in lengths of 6 feet (72″) with a minimum order of 120 lineal feet.","Available in beige, black and white. Sold in lengths of 6 feet (72″) with a minimum order of 120 lineal feet.",,,taxable,,1,,,0,0,,,,,1,,,493.76,Glazing & Seals,"casement, awning, glazing, door",,https://www.allwindowdoorparts.com/wp-content/uploads/2022/05/VGB-IA-71.jpg,,,,,,,,,341,Details,"Color: Beige, Black, White, Length: 120', 144', 192', 240', 360'",1,0,Oldach,AWDP-TI-456,Glazing & Seals,Oldach
,simple,AWDP-PA-19,Window Support Sash Balance Parts Guides Assemblies,1,0,visible,Sold in packs of twelve (12).,Sold in packs of twelve (12).,,,taxable,,1,,,0,0,,,,,1,,,70.65,Sash & Frame Parts,door,,https://www.allwindowdoorparts.com/wp-content/uploads/2022/05/TE-727.jpg,,,,,,,,,342,,,1,0,All Window Door Parts,AWDP-PA-19,Sash & Frame Parts,
,simple,AWDP-TO-215,Black Compression Seal Bulb Vinyl Weatherstrip,1,0,visible,Available in black. Comes in 100 lineal foot rolls.,Available in black. Comes in 100 lineal foot rolls.,,,taxable,,1,,,0,0,,,,,1,,,237.19,Weatherstripping & Seals,door,,https://www.allwindowdoorparts.com/wp-content/uploads/2022/05/TO-360.jpg,,,,,,,,,343,,,1,0,All Window Door Parts,AWDP-TO-215,Weatherstripping & Seals,
,simple,AWDP-JLK,Marvel Power Operator System,1,0,visible,Available with snap bracket type or pull pin bracket type. Colors available: bronze and white.,Available with snap bracket type or pull pin bracket type. Colors available: bronze and white.,,,taxable,,1,,,0,0,,,,,1,,,1107.55,Window Operators & Cranks,"operator, door",,https://www.allwindowdoorparts.com/wp-content/uploads/2022/05/FR-90-1.jpg,,,,,,,,,344,Details,"Bracket Type: Pull Pin Bracket, Snap Bracket, Color: Bronze, White",1,0,Truth/Entrygard,AWDP-JLK,Window Operators & Cranks,Truth
,simple,AWDP-OT-230,Wood Casement Window | Sill Stop Wood Cover Replacement Part,1,0,visible,"When ordering, please specify handing and dimensions.","When ordering, please specify handing and dimensions.",,,taxable,,1,,,0,0,,,,,1,,,94.65,Window Operators & Cranks,"casement, weatherstrip, door",,https://www.allwindowdoorparts.com/wp-content/uploads/2022/05/WCW-SSW-2.jpg,,,,,,,,,345,Details,"Cutout Location: Left Hand, Right Hand, Dimension E: 3/16"", 5/16""",1,0,Biltbest,AWDP-OT-230,Window Operators & Cranks,Biltbest
,simple,AWDP-PF-97,Wood Grill Pins Fasteners | Clear Plastic Pin Housing,1,0,visible,Available in packs of six (6).,Available in packs of six (6).,,,taxable,,1,,,0,0,,,,,1,,,79.14,Window Operators & Cranks,door,,https://www.allwindowdoorparts.com/wp-content/uploads/2022/05/C29-95775-2.jpg,,,,,,,,,346,,,1,0,All Window Door Parts,AWDP-PF-97,Window Operators & Cranks,
,simple,AWDP-PIAE-8999,Wood Sliding Patio Door Interlock Weather Strip Aftermarket Kit,1,0,visible,"Available in sandstone. Length: 79 5/16""","Available in sandstone. Length: 79 5/16""",,,taxable,,1,,,0,0,,,,,1,,,158.88,Weatherstripping & Seals,"weatherstrip, lock, door",,https://www.allwindowdoorparts.com/wp-content/uploads/2022/05/LPB-4282.jpg,,,,,,,,,347,,,1,0,All Window Door Parts,AWDP-PIAE-8999,Weatherstripping & Seals,
,simple,AWDP-PT-27,"Wood Window Nailing Flange Replacement Part | 72""",1,0,visible,"Available in packs of three (3). Ships in lengths of 72"".","Available in packs of three (3). Ships in lengths of 72"".",,,taxable,,1,,,0,0,,,,,1,,,79.99,Window Operators & Cranks,"weatherstrip, door",,https://www.allwindowdoorparts.com/wp-content/uploads/2022/05/BBNF.jpg,,,,,,,,,348,,,1,0,All Window Door Parts,AWDP-PT-27,Window Operators & Cranks,General
,simple,AWDP-C29-95775,Wood Window Weather Strip | Leaf Weatherseal,1,0,visible,"Available in beige and white. Sold in 6&#8242; lengths (72"") in groups of 20 pieces (120 feet).","Available in beige and white. Sold in 6&#8242; lengths (72"") in groups of 20 pieces (120 feet).",,,taxable,,1,,,0,0,,,,,1,,,328.88,Weatherstripping & Seals,"casement, door",,https://www.allwindowdoorparts.com/wp-content/uploads/2022/05/TI-75-1.jpg,,,,,,,,,349,Details,"Color: Beige, White",1,0,All Window Door Parts,AWDP-C29-95775,Weatherstripping & Seals,Marvin
,simple,AWDP-TO-215,Wool Pile Weatherstrip Fuzzy Type Seals | Patio Storm Door Window Seals,1,0,visible,"Available in gray only. Sold in 100 foot increments. The following sizes are available: Backing Width: 3/16"" (.187) 17/64"" (.270) Pile Height: 11/64"" (.170) 13/64"" (.200) 15/64"" (.230) 17/64"" (.260) 19/64"" (.290) 21/64"" (.320) 23/64"" (.350)","Available in gray only. Sold in 100 foot increments. The following sizes are available: Backing Width: 3/16"" (.187) 17/64"" (.270) Pile Height: 11/64"" (.170) 13/64"" (.200) 15/64"" (.230) 17/64"" (.260) 19/64"" (.290) 21/64"" (.320) 23/64"" (.350)",,,taxable,,1,,,0,0,,,,,1,,,94.65,Weatherstripping & Seals,"weatherstrip, door",,https://www.allwindowdoorparts.com/wp-content/uploads/2022/05/TO-76-3.jpg,,,,,,,,,350,Details,"Backing Width: 3/16"" (.187), 17/64"" (.270), Height: 11/64"" (.170), 13/64"" (.200), 15/64"" (.230), 17/64"" (.260), 19/64"" (.290), 21/64"" (.320), 23/64"" (.350)",1,0,All Window Door Parts,AWDP-TO-215,Weatherstripping & Seals,
,simple,AWDP-VGB-IA-71,Snap-In Vinyl Glazing Bead | AWDP-VGB-FO-08,1,0,visible,Available in white. Sold in lengths of 6 feet (72″) with a minimum order of 120 lineal feet.,Available in white. Sold in lengths of 6 feet (72″) with a minimum order of 120 lineal feet.,,,taxable,,1,,,0,0,,,,,1,,,295.77,Glazing & Seals,"glazing, door",,https://www.allwindowdoorparts.com/wp-content/uploads/2022/05/VGB-FO-08.jpg,,,,,,,,,351,Details,"Length: 120', 144', 192', 240', 360'",1,0,Peachtree,AWDP-VGB-IA-71,Glazing & Seals,"Pella, Peachtree"
,simple,AWDP-PF-116,Patio Glass Door Handle | Aluminum,1,0,visible,"Available in aluminum finish. 4 15/16"" mounting hole centers.","Available in aluminum finish. 4 15/16"" mounting hole centers.",,,taxable,,1,,,0,0,,,,,1,,,86.77,Door Hardware,"lock, door",,https://www.allwindowdoorparts.com/wp-content/uploads/2022/05/PO-152-1.jpg,,,,,,,,,352,,,1,0,All Window Door Parts,AWDP-PF-116,Door Hardware,
,simple,AWDP-VGB-FO-08,Snap-In Vinyl Glazing Bead | AWDP-VGB-FE-68,1,0,visible,"Available in tan and white. Ships in 6 foot (72"") lengths, with a mimimum order of 120 lineal feet.","Available in tan and white. Ships in 6 foot (72"") lengths, with a mimimum order of 120 lineal feet.",,,taxable,,1,,,0,0,,,,,1,,,238.88,Glazing & Seals,"glazing, door",,https://www.allwindowdoorparts.com/wp-content/uploads/2022/05/VGB-FE-68.jpg,,,,,,,,,353,Details,"Color: Tan, White, Length: 120', 144', 192', 240', 360'",1,0,All Window Door Parts,AWDP-VGB-FO-08,Glazing & Seals,
,simple,AWDP-OT-154,Window Cam Handles and Locking Handle Parts,1,0,visible,"1 1/2"" center hole to center hole Handle length 3 1/2""","1 1/2"" center hole to center hole Handle length 3 1/2""",,,taxable,,1,,,0,0,,,,,1,,,46.65,Window Operators & Cranks,"lock, door",,https://www.allwindowdoorparts.com/wp-content/uploads/2022/05/HWRE-25-1.jpg,,,,,,,,,354,,,1,0,All Window Door Parts,AWDP-OT-154,Window Operators & Cranks,
,simple,AWDP-LPB-713,Window and Door Q-lon Seals Foam Kerf Insert Seals,1,0,visible,Available in bronze and white. Sold in lengths of 100 feet.,Available in bronze and white. Sold in lengths of 100 feet.,,,taxable,,1,,,0,0,,,,,1,,,178.65,Weatherstripping & Seals,"weatherstrip, door",,https://www.allwindowdoorparts.com/wp-content/uploads/2022/05/TO-215.jpg,,,,,,,,,355,Details,"Color: Bronze, White",1,0,All Window Door Parts,AWDP-LPB-713,Weatherstripping & Seals,
,simple,AWDP-VGB-OL-33,Snap-In Vinyl Glazing Bead | AWDP-LEE-12029,1,0,visible,Available in bronze and white. Sold in lengths of 6 feet (72″) with a minimum order of 120 lineal feet.,Available in bronze and white. Sold in lengths of 6 feet (72″) with a minimum order of 120 lineal feet.,,,taxable,,1,,,0,0,,,,,1,,,303.16,Glazing & Seals,"casement, awning, glazing, door",,https://www.allwindowdoorparts.com/wp-content/uploads/2022/05/LEE-12029.jpg,,,,,,,,,356,Details,"Color: Bronze, White, Length: 120', 144', 192', 240', 360'",1,0,All Window Door Parts,AWDP-VGB-OL-33,Glazing & Seals,Norco
,simple,AWDP-PI-410,Active Mortise Lock,1,0,visible,Available in the following backset widths: 30mm 35mm 40mm 45mm 50mm 55mm,Available in the following backset widths: 30mm 35mm 40mm 45mm 50mm 55mm,,,taxable,,1,,,0,0,,,,,1,,,251.78,Door Hardware,"lock, door",,https://www.allwindowdoorparts.com/wp-content/uploads/2022/05/BIF-15563.jpg,,,,,,,,,357,Details,"Backset: 30mm, 35mm, 40mm, 45mm, 50mm, 55mm",1,0,Oldach,AWDP-PI-410,Door Hardware,"Marvin, Peachtree, Oldach, Norco"
,simple,AWDP-VGB-FE-68,Snap-In Metal Glazing Bead | AWDP-TI-516,1,0,visible,"Available in white. Sold in lengths of 6 feet (72"") with a minimum order of 120 lineal feet.","Available in white. Sold in lengths of 6 feet (72"") with a minimum order of 120 lineal feet.",,,taxable,,1,,,0,0,,,,,1,,,470.40,Glazing & Seals,"glazing, door",,https://www.allwindowdoorparts.com/wp-content/uploads/2022/05/TI-516.jpg,,,,,,,,,358,Details,"Length: 120', 144', 192', 240', 360'",1,0,All Window Door Parts,AWDP-VGB-FE-68,Glazing & Seals,
,simple,AWDP-8SG-OT,Sliding Glass Door Handle with Mortise Lock,1,0,visible,Non-handed. Includes Mortise lock.,Non-handed. Includes Mortise lock.,,,taxable,,1,,,0,0,,,,,1,,,218.98,Door Hardware,"lock, door",,https://www.allwindowdoorparts.com/wp-content/uploads/2022/05/CP-219-1.jpg,,,,,,,,,359,,,1,0,All Window Door Parts,AWDP-8SG-OT,Door Hardware,
,simple,AWDP-TI-90,Snap-In Vinyl Glazing Bead | AWDP-VGB-OL-33,1,0,visible,"Available in black, bronze and white. Sold in lengths of 6 feet (72″) with a minimum order of 120 lineal feet.","Available in black, bronze and white. Sold in lengths of 6 feet (72″) with a minimum order of 120 lineal feet.",,,taxable,,1,,,0,0,,,,,1,,,427.77,Glazing & Seals,"glazing, door",,https://www.allwindowdoorparts.com/wp-content/uploads/2022/05/VGB-OL-33.jpg,,,,,,,,,360,Details,"Color: Black, Bronze, White, Length: 120', 144', 192', 240', 360'",1,0,Truth/Entrygard,AWDP-TI-90,Glazing & Seals,"Truth, Marvin"
,simple,AWDP-OT-230,Casement Sill Cover,1,0,visible,"Casement sash sill stop cover is custom milled and sold in lengths of 27"".","Casement sash sill stop cover is custom milled and sold in lengths of 27"".",,,taxable,,1,,,0,0,,,,,1,,,80.25,Window Operators & Cranks,"casement, operator, door",,https://www.allwindowdoorparts.com/wp-content/uploads/2022/05/CSS.jpg,,,,,,,,,361,,,1,0,All Window Door Parts,AWDP-OT-230,Window Operators & Cranks,
,simple,AWDP-HWRE-25,"Tilt Window Balance Color Coded Clutch | 23"" to 29"" Great Lakes, Windsor, BSI, Caldwell",1,0,visible,"Sash jamb-liner pairs with balances for double and single hung windows. Color coded style terminal clutch and overall lengths as specified. Ribbed style channel for tilt style windows. Track colors available: beige and white. Terminal clutch colors available: black, blue, brown and white. Available ","Sash jamb-liner pairs with balances for double and single hung windows. Color coded style terminal clutch and overall lengths as specified. Ribbed style channel for tilt style windows. Track colors available: beige and white. Terminal clutch colors available: black, blue, brown and white. Available in lengths of 23""- 29"".",,,taxable,,1,,,0,0,,,,,1,,,218.88,Sash & Frame Parts,"balance, lock, door",,https://www.allwindowdoorparts.com/wp-content/uploads/2022/05/JPK-1.jpg,,,,,,,,,362,Details,"Length: 23"", 24"", 25"", 26"", 27"", 28"", 29"", Track Color: Beige, White, Terminal Clutch Color: Black, Blue, Brown, White",1,0,All Window Door Parts,AWDP-HWRE-25,Sash & Frame Parts,
,simple,AWDP-PAEE-2982A,Stainless Steel Window Parts | Casement Sash Stud Bracket Pairs,1,0,visible,"Available in 4 different styles (A, B, C, D). Sold in pairs as left and right handing.","Available in 4 different styles (A, B, C, D). Sold in pairs as left and right handing.",,,taxable,,1,,,0,0,,,,,1,,,64.38,Window Operators & Cranks,"casement, operator, door",,https://www.allwindowdoorparts.com/wp-content/uploads/2022/05/SSWP.jpg,,,,,,,,,363,Details,"Style: A, B, C, D",1,0,All Window Door Parts,AWDP-PAEE-2982A,Window Operators & Cranks,
,simple,AWDP-LEE-16933,Phillips T-Slot Groove Mount Window Weatherstrip,1,0,visible,Available in white. Sold in rolls of 100 feet.,Available in white. Sold in rolls of 100 feet.,,,taxable,,1,,,0,0,,,,,1,,,486.75,Weatherstripping & Seals,"weatherstrip, door",,https://www.allwindowdoorparts.com/wp-content/uploads/2022/05/TO-323.jpg,,,,,,,,,364,,,1,0,All Window Door Parts,AWDP-LEE-16933,Weatherstripping & Seals,
,simple,AWDP-TO-323,Foam Seals Offset T-Slot Q-Foam,1,0,visible,"Available in black or white. Sold in rolls of 50 feet. Specifications Overall Height: .420"" (10.67mm) Bulb Diameter: .350"" (8.89mm) Base Width: .270"" (6.86mm)","Available in black or white. Sold in rolls of 50 feet. Specifications Overall Height: .420"" (10.67mm) Bulb Diameter: .350"" (8.89mm) Base Width: .270"" (6.86mm)",,,taxable,,1,,,0,0,,,,,1,,,239.85,Weatherstripping & Seals,"weatherstrip, door",,https://www.allwindowdoorparts.com/wp-content/uploads/2022/05/OR-697-2.jpg,,,,,,,,,365,Details,"Color: Black, White",1,0,All Window Door Parts,AWDP-TO-323,Weatherstripping & Seals,
,simple,AWDP-LIER-SPB,Brass Cylinder Lock,1,0,visible,"Includes two (2) keys, one (1) lock cylinder and one (1) tailpiece. Outside diameter of cylinder housing measures 1-9/16 in","Includes two (2) keys, one (1) lock cylinder and one (1) tailpiece. Outside diameter of cylinder housing measures 1-9/16 in",,,taxable,,1,,,0,0,,,,,1,,,48.98,Door Hardware,"lock, door",,https://www.allwindowdoorparts.com/wp-content/uploads/2022/05/O-2000-1.jpg,,,,,,,,,366,,,1,0,All Window Door Parts,AWDP-LIER-SPB,Door Hardware,
,simple,AWDP-PO-152,Tandem Style Patio Door Roller Set,1,0,visible,"Sold in packs of two (2). Housing is 11/16 in. wide, 1-3/16 in. tall and 4-5/8 in. long with 1 mounting tab at each end of the housing.","Sold in packs of two (2). Housing is 11/16 in. wide, 1-3/16 in. tall and 4-5/8 in. long with 1 mounting tab at each end of the housing.",,,taxable,,1,,,0,0,,,,,1,,,203.98,Door Hardware,"roller, door",,https://www.allwindowdoorparts.com/wp-content/uploads/2022/05/DPL-10-1.jpg,,,,,,,,,367,,,1,0,All Window Door Parts,AWDP-PO-152,Door Hardware,
,simple,AWDP-LL-5,Tandem Roller Assembly,1,0,visible,"Housing Width: 11/16"" Housing Length: 4 5/8"" Housing Height: 1 3/16"" Roller Width: 5/16""","Housing Width: 11/16"" Housing Length: 4 5/8"" Housing Height: 1 3/16"" Roller Width: 5/16""",,,taxable,,1,,,0,0,,,,,1,,,81.45,Door Hardware,"roller, door",,https://www.allwindowdoorparts.com/wp-content/uploads/2022/05/DPT-07-1.jpg,,,,,,,,,368,,,1,0,Peachtree,AWDP-LL-5,Door Hardware,Peachtree
,simple,AWDP-LEE-16933,Patio Door Lock,1,0,visible,1/2 in. wide x 1-1/8 in. deep x 3-3/16 in. faceplate height with 3-11/16 in. mounting hole center spacing and 45 degree keyway,1/2 in. wide x 1-1/8 in. deep x 3-3/16 in. faceplate height with 3-11/16 in. mounting hole center spacing and 45 degree keyway,,,taxable,,1,,,0,0,,,,,1,,,53.76,Door Hardware,"lock, door",,https://www.allwindowdoorparts.com/wp-content/uploads/2022/05/E-2014-1.jpg,,,,,,,,,369,,,1,0,All Window Door Parts,AWDP-LEE-16933,Door Hardware,
,simple,AWDP-LL-5,Sliding Door Trim Set,1,0,visible,"Available in black, antique brass, polished brass, oil rubbed bronze, chrome, brushed chrome, satin chrome, pewter, PVD brass, PVD satin nickel. For 1.7"" doors.","Available in black, antique brass, polished brass, oil rubbed bronze, chrome, brushed chrome, satin chrome, pewter, PVD brass, PVD satin nickel. For 1.7"" doors.",,,taxable,,1,,,0,0,,,,,1,,,449.76,Door Hardware,door,,https://www.allwindowdoorparts.com/wp-content/uploads/2022/05/PO-343-1.jpg,,,,,,,,,370,Details,"Finish: Black, Antique Brass, Polished Brass, Oil Rubbed Bronze, Chrome, Brushed Chrome, Satin Chrome, Pewter, PVD Brass, PVD Satin Nickel",1,0,All Window Door Parts,AWDP-LL-5,Door Hardware,Marvin
,simple,AWDP-BIE-PP-517475,Door Bottom Sweep Weather-Strip Seal | Dual Kerf Barb Insert,1,0,visible,"Available in beige and bronze. Lengths: 34 17/32"" (bronze only) 36"" 48"" Minumum order of 3 pieces required.","Available in beige and bronze. Lengths: 34 17/32"" (bronze only) 36"" 48"" Minumum order of 3 pieces required.",,,taxable,,1,,,0,0,,,,,1,,,26.38,Door Hardware,"weatherstrip, door",,https://www.allwindowdoorparts.com/wp-content/uploads/2022/05/PL-342.jpg,,,,,,,,,371,Details,"Color: Beige, Bronze, Length: 34 17/32"", 36"", 48""",1,0,Biltbest,AWDP-BIE-PP-517475,Door Hardware,"Biltbest, Marvin, Norco"
,simple,AWDP-II-146PB,Caradco Door Bottom Sweep Replacement,1,0,visible,"Available in beige, bronze and white. Sold in packs of three (3) in the following lengths: 31 11/16"" (white only) 35 11/16""","Available in beige, bronze and white. Sold in packs of three (3) in the following lengths: 31 11/16"" (white only) 35 11/16""",,,taxable,,1,,,0,0,,,,,1,,,93.32,Door Hardware,"weatherstrip, glazing, door",,https://www.allwindowdoorparts.com/wp-content/uploads/2022/05/LEE-16933.jpg,,,,,,,,,372,Details,"Color: Beige, Bronze, White, Length: 31 11/16"", 35 11/16""",1,0,Biltbest,AWDP-II-146PB,Door Hardware,Biltbest
,simple,AWDP-PT-452,Sliding Screen Door Handle,1,0,visible,Available in driftwood color. Length: 4-1/8 Inch Width: 1-5/8 Inch Hole Center: 2 Inch,Available in driftwood color. Length: 4-1/8 Inch Width: 1-5/8 Inch Hole Center: 2 Inch,,,taxable,,1,,,0,0,,,,,1,,,108.27,Door Hardware,"screen, door",,https://www.allwindowdoorparts.com/wp-content/uploads/2022/05/PF-116-1.jpg,,,,,,,,,373,,,1,0,Peachtree,AWDP-PT-452,Door Hardware,Peachtree
,simple,AWDP-SC,"Truth Maxim Casement Window Hinge | 13""",1,0,visible,"13"" track length. Available in stainless steel. Sold in pairs with screws. Sash adjustment wrench sold separately. Used with Maxim casement operators # AWDP-IE-00 , # AWDP-IE-50 , # AWDP-IE-10 , # AWDP-IR-01 , and # AWDP-OT-467EN .","13"" track length. Available in stainless steel. Sold in pairs with screws. Sash adjustment wrench sold separately. Used with Maxim casement operators # AWDP-IE-00 , # AWDP-IE-50 , # AWDP-IE-10 , # AWDP-IR-01 , and # AWDP-OT-467EN .",,,taxable,,1,,,0,0,,,,,1,,,71.37,Window Operators & Cranks,"casement, awning, operator, door",,https://www.allwindowdoorparts.com/wp-content/uploads/2022/05/PF-97-1.jpg,,,,,,,,,374,,,1,0,Truth/Entrygard,AWDP-SC,Window Operators & Cranks,"Truth, Biltbest, Pella, Marvin, Peachtree, Oldach, Norco"
,simple,AWDP-HBSUW,"Flip Open Deer Blind Hunting Stand Window | 12""-16"" Width",1,0,visible,"Available with standard clear glass or gray tinted glass. All measurements are W x H 12"" x 10"" (2 or 4 pack) 12"" x 12"" (2 or 4 pack) 12"" x 14"" (2 pack) 12"" x 16"" (2 pack)","Available with standard clear glass or gray tinted glass. All measurements are W x H 12"" x 10"" (2 or 4 pack) 12"" x 12"" (2 or 4 pack) 12"" x 14"" (2 pack) 12"" x 16"" (2 pack)",,,taxable,,1,,,0,0,,,,,1,,,88.88,Deer Blind Windows,"weatherstrip, hinge, lock, door",,https://www.allwindowdoorparts.com/wp-content/uploads/2022/04/HSW-12-16-1.jpg,,,,,,,,,375,Details,"Glass: Gray Tinted Glass, Standard Clear Glass, Size: 12"" x 10"" (2 pack), 12"" x 10"" (4 pack), 12"" x 12"" (2 pack), 12"" x 12"" (4 pack), 12"" x 14"" (2 pack), 12"" x 16"" (2 pack)",1,0,All Window Door Parts,AWDP-HBSUW,Deer Blind Windows,
,simple,AWDP-JLK,Old Casement Window Crank Handle | Non-Handed Style,1,0,visible,"Available in aluminum, beige, black, brass, bronze, chestnut bronze, medium bronze, oil rubbed bronze, tuscan bronze, brush copper nickel, clay, cocoa brown, gold, satin nickel, white, bright white and off-white.","Available in aluminum, beige, black, brass, bronze, chestnut bronze, medium bronze, oil rubbed bronze, tuscan bronze, brush copper nickel, clay, cocoa brown, gold, satin nickel, white, bright white and off-white.",,,taxable,,1,,,0,0,,,,,1,,,15.81,Window Operators & Cranks,"weatherstrip, door",,https://www.allwindowdoorparts.com/wp-content/uploads/2022/04/OA-137-1.jpg,,,,,,,,,376,Details,"Color: Aluminum, Beige, Black, Brass, Bronze, Chestnut Bronze, Medium Bronze, Oil Rubbed Bronze, Tuscan Bronze, Brush Copper Nickel, Clay, Cocoa Brown, Gold, Satin Nickel, White, Bright White, Off-White",1,0,Truth/Entrygard,AWDP-JLK,Window Operators & Cranks,"Truth, Entrygard, Andersen, Pella, Marvin, Peachtree, Oldach, Silverline"
,simple,AWDP-TWB-2329,Replacement Jamb-Liner Pair Sash Carrier Track,1,0,visible,Lead time is 12-19 working days.,Lead time is 12-19 working days.,,,taxable,,1,,,0,0,,,,,1,,,223.65,Sash & Frame Parts,"balance, door",,https://www.allwindowdoorparts.com/wp-content/uploads/2022/04/JLK-1.jpg,,,,,,,,,377,Details,"Color: Beige, White, Dimension C: 34 7/16"", 38 7/16"", 46 7/16"", 50 7/16"", 54 7/16"", 62 7/16"", 66 7/16"", 70 7/16"", 74 7/16"", 78 7/16""",1,0,Biltbest,AWDP-TWB-2329,Sash & Frame Parts,Biltbest
,simple,AWDP-QWS-FFE,Dual Arm Casement Crank Operator | Right Hand,1,0,visible,"Operator has 10 3/4"" long arm with 4 1/6"" offset link arm. Available in gray.","Operator has 10 3/4"" long arm with 4 1/6"" offset link arm. Available in gray.",,,taxable,,1,,,0,0,,,,,1,,,68.25,Window Operators & Cranks,"operator, hinge, door",,https://www.allwindowdoorparts.com/wp-content/uploads/2022/04/TH-ROEAA-1.jpg,,,,,,,,,378,,,1,0,All Window Door Parts,AWDP-QWS-FFE,Window Operators & Cranks,
,simple,AWDP-TI-75,Casement Awning Window Parts | Operator Handle Cover,1,0,visible,"Available in beige, brass, bronze, chestnut bronze, clay, cocoa brown, gold, white, bright white, off-white.","Available in beige, brass, bronze, chestnut bronze, clay, cocoa brown, gold, white, bright white, off-white.",,,taxable,,1,,,0,0,,,,,1,,,17.85,Window Operators & Cranks,"casement, operator, door",,https://www.allwindowdoorparts.com/wp-content/uploads/2022/04/OT-173CV-1.jpg,,,,,,,,,379,Details,"Color: Beige, Brass, Bronze, Chestnut Bronze, Clay, Cocoa Brown, Gold, White, Bright White, Off-White",1,0,All Window Door Parts,AWDP-TI-75,Window Operators & Cranks,
,simple,AWDP-VISUP,"Deer Blind Hunt Stand Retrofit Door | 24"" x 64""",1,0,visible,"Size: 24"" x 64"" The Deerblind hunting stand #AWDP-UM-2464 door has a 1 3/8” thickness and the door stile panel width is 3 1/4” . Heavy gauge aluminum frame comes ready for you to assemble. Key lock and locking handle included.","Size: 24"" x 64"" The Deerblind hunting stand #AWDP-UM-2464 door has a 1 3/8” thickness and the door stile panel width is 3 1/4” . Heavy gauge aluminum frame comes ready for you to assemble. Key lock and locking handle included.",,,taxable,,1,,,0,0,,,,,1,,,448.88,Deer Blind Windows,"weatherstrip, lock, door",,https://www.allwindowdoorparts.com/wp-content/uploads/2022/04/UM-2464.jpg,,,,,,,,,380,,,1,0,All Window Door Parts,AWDP-VISUP,Deer Blind Windows,
,simple,AWDP-TWB-2329,Casement Awning Window Sash Lock,1,0,visible,"Available in white, beige, gold, coppertone, clay and bronze.","Available in white, beige, gold, coppertone, clay and bronze.",,,taxable,,1,,,0,0,,,,,1,,,39.45,Window Operators & Cranks,"casement, awning, lock, door",,https://www.allwindowdoorparts.com/wp-content/uploads/2022/04/RFPO-1.jpg,,,,,,,,,381,Details,"Color: White, Beige, Gold, Coppertone, Clay, Bronze",1,0,Truth/Entrygard,AWDP-TWB-2329,Window Operators & Cranks,"Truth, Entrygard, Biltbest, Marvin"
,simple,AWDP-AWO,Weather Strip Offset Foam Bulb Type V169,1,0,visible,"Available in beige. Shipped in lengths of 79"" each.","Available in beige. Shipped in lengths of 79"" each.",,,taxable,,1,,,0,0,,,,,1,,,138.88,Weatherstripping & Seals,"weatherstrip, door",,https://www.allwindowdoorparts.com/wp-content/uploads/2022/04/PAEE-2982-1.jpg,,,,,,,,,382,Details,"Quantity: 6, 12, 24, 48",1,0,All Window Door Parts,AWDP-AWO,Weatherstripping & Seals,Marvin
,simple,AWDP-TI-365,Snap-In Vinyl Glazing Bead | AWDP-VGB-FT-31,1,0,visible,Available in bronze. Sold in lengths of 6 feet (72″) with a minimum order of 120 lineal feet.,Available in bronze. Sold in lengths of 6 feet (72″) with a minimum order of 120 lineal feet.,,,taxable,,1,,,0,0,,,,,1,,,251.77,Glazing & Seals,"casement, awning, glazing, door",,https://www.allwindowdoorparts.com/wp-content/uploads/2022/04/VGB-FT-31.jpg,,,,,,,,,383,Details,"Length: 120', 144', 192', 240', 360'",1,0,Truth/Entrygard,AWDP-TI-365,Glazing & Seals,"Truth, Entrygard, Pella, General"
,simple,AWDP-HSW-18-24,Built-Best Extruded Aluminum Frame Deer-Blind Windows,1,0,visible,"Comes with clear or gray tinted glass. Available as inside or outside mounting and in the following sizes: 16"" x 11.5"" (2 or 3 pack) 24"" x 11.5"" (2 or 3 pack) 30"" x 11.5"" (1 pack) 32"" x 11.5"" (1 pack) 36"" x 11.5"" (2 pack) 42"" x 11.5"" (1 or 2 pack) 48"" x 11.5"" (1 or 2 pack) 54"" x 11.5"" (1 pack) 60"" x","Comes with clear or gray tinted glass. Available as inside or outside mounting and in the following sizes: 16"" x 11.5"" (2 or 3 pack) 24"" x 11.5"" (2 or 3 pack) 30"" x 11.5"" (1 pack) 32"" x 11.5"" (1 pack) 36"" x 11.5"" (2 pack) 42"" x 11.5"" (1 or 2 pack) 48"" x 11.5"" (1 or 2 pack) 54"" x 11.5"" (1 pack) 60"" x 11.5"" (1 or 2 pack) 66"" x 11.5"" (1 pack) 72"" x 11.5"" (1 or 2 pack)",,,taxable,,1,,,0,0,,,,,1,,,169.99,Deer Blind Windows,door,,https://www.allwindowdoorparts.com/wp-content/uploads/2022/04/EA-DBW.jpg,,,,,,,,,384,Details,"Size: 16"" x 11.5"" (2 pack), 16"" x 11.5"" (3 pack), 24"" x 11.5"" (2 pack), 24"" x 11.5"" (3 pack), 30"" x 11.5"" (1 pack) , 32"" x 11.5"" (1 pack), 36"" x 11.5"" (2 pack), 42"" x 11.5"" (1 pack), 42"" x 11.5"" (2 pack), 48"" x 11.5"" (1 pack), 48"" x 11.5"" (2 pack), 54"" x 11.5"" (1 pack), 60"" x 11.5"" (1 pack), 60"" x 11.5"" (2 pack), 66"" x 11.5"" (1 pack), 72"" x 11.5"" (1 pack), 72"" x 11.5"" (2 pack), Glass: Clear, Gray Tinted, Mounting: Inside Mounting, Outside Mounting",1,0,All Window Door Parts,AWDP-HSW-18-24,Deer Blind Windows,
,simple,AWDP-TI-67,Snap-In Vinyl Glazing Bead | AWDP-VGB-FI-77,1,0,visible,"Available in black, bronze, champagne and white. Sold in lengths of 6 feet (72″) with a minimum order of 120 lineal feet.","Available in black, bronze, champagne and white. Sold in lengths of 6 feet (72″) with a minimum order of 120 lineal feet.",,,taxable,,1,,,0,0,,,,,1,,,217.60,Glazing & Seals,"casement, awning, glazing, door",,https://www.allwindowdoorparts.com/wp-content/uploads/2022/04/VGB-FI-77.jpg,,,,,,,,,385,Details,"Color: Black, Bronze, Champagne, White, Length: 120', 144', 192', 240', 360'",1,0,All Window Door Parts,AWDP-TI-67,Glazing & Seals,
,simple,AWDP-VI-35,Snap-In Vinyl Glazing Bead | AWDP-VGB-FT-15,1,0,visible,"Available in champagne and white. Shipped in lengths of 6 feet (72"") with a minimum order of 120 lineal feet.","Available in champagne and white. Shipped in lengths of 6 feet (72"") with a minimum order of 120 lineal feet.",,,taxable,,1,,,0,0,,,,,1,,,228.16,Glazing & Seals,"glazing, door",,https://www.allwindowdoorparts.com/wp-content/uploads/2022/04/VGB-FT-15-1.jpg,,,,,,,,,386,Details,"Color: Champagne, White, Lineal Feet: 120', 144', 192', 240', 360'",1,0,All Window Door Parts,AWDP-VI-35,Glazing & Seals,"Norco, General"
